Cc1cccc2c1cccc2C,-2.301
CC(C)(C#C)NC(=O)c1cc(Cl)cc(Cl)c1,-6.3615
O=CC(Br)(Br)Br,0.183
CCC(Cl)(Cl)Cl,1.4994
Clc1cc2ccccc2c(Cl)c1Cl,-4.699
COc1cc(cc(c1)OC)C(O)=O,-6.8601
CC(=O)Nc1ccc(cc1)OCC,-6.1599
CCC(CC#N)C#N,-1.7212
Clc1cc(ccc1)Oc1cc(Cl)c(Cl)cc1,-3.9066
Clc1c2c(c(Cl)c(Cl)c1Cl)c(Cl)c(Cl)c(Cl)c2Cl,-7.9586
COC(=O)[C@@H](C)N(c1cc(Cl)c(F)cc1)C(=O)c1ccccc1,-5.1249
CC(=O)Oc1ccccc1[N+]([O-])=O,-2.6615
CC(C)(C)N1N=CC(SCc2ccc(cc2)C(C)(C)C)=C(Cl)C1=O,-5.9281
CC(C)C(=O)C(C)C,1.1278
CCCCCCCCCCCC(C)=O,-1.9821
c1cccc[n]1,1.3181
CCCCCCC[C@H](C)O,-1.1704
CCOC(C)(C)C,2.0927
COCCN(C(=O)CCl)c1c(C)cccc1C,-4.9469
Clc1cc2Oc3cc(Cl)c(Cl)cc3Oc2cc1,-7.0458
[O-][N+](=O)OCCO[N+]([O-])=O,-1.1427
Cc1ccco1,2.1938
OCC(F)(F)C(F)(F)F,1.6641
CCCCCCCCCN,-0.556
C1CC2CCC1CC2,0.5234
C1COCCO1,1.5808
CC(C)C(O)C(C)C,0.4768
CCC(C)=C,2.7853
C[Si](C)(C)O[Si](C)(C)C,1.6243
ClCCCBr,0.8062
O=C(C(F)(F)Cl)C(F)(F)F,3.1538
c1ccccc1,1.9768
CC(C)CCCC=C,1.4015
Nc1[n]c[n]c2[nH]c[n]c21,-10.3507
Clc1ccc2ccccc2c1Cl,-2.699
CC(C)(C)[C@H](O)/C(=C\c1ccc(Cl)cc1)/[n]1c[n]c[n]1,-4.28765
CC(C)(C)CCO,0.3886
CCC(CO)CC,0.1847
Cc1ccc(Cl)cc1Cl,-0.3391
Nc1ccc(O)cc1,-4.3979
Cc1cc(O)ccc1Cl,-1.301
CCNc1[n]c(Cl)[n]c(NC(C)(C)C)[n]1,-5.9508
Cc1ccc(CCl)cc1,-0.5272
CCc1ccccc1O,-0.8153
CCCCCCC=O,0.5465
Nc1ccc(O)c2c1C(=O)c1ccccc1C2=O,-8.5229
OC1CCCC1,0.3962
CCCCCCc1ccccc1,-0.9187
CCCC(O)=O,0.2175
[O-][N+](=O)c1ccccc1Cl,-1.7399
FC(F)(F)c1ccccc1Cl,0.7061
CC(C)(C)OOC(C)(C)C,1.3997
CNC(=O)ON=CC(C)(C)SC,-4.4597
FCC(F)(F)OC(F)F,2.5682
CSC(C)C,1.9031
CCC(=O)Nc1cc(Cl)c(Cl)cc1,-6.0419
CC(CC)=CCC,1.9148
CCCCCCCCCCCCCS,-3.1593
CCOC(=O)C(C)C,1.4048
O=C(Cl)OCc1ccccc1,-2.5058
CSc1ccccc1,-0.3143
CCCCl,2.5372
CC(C)=C(C)CCC,1.2633
CC(C)CCS,1.3079
CCC(C)N,2.2497
CCCSP(=O)(Oc1ccc(Br)cc1Cl)OCC,-6.0457
COP(=S)(Oc1ccc(cc1Cl)[N+]([O-])=O)OC,-5.4437
Clc1c(Br)c(Br)c2Oc3c(Oc2c1Br)c(Br)c(Br)c(Cl)c3Br,-12.5017
Cc1cc(S)ccc1,-0.2573
CC(C)Cl,2.7118
CCCCS,1.6582
N#Cc1c[nH]cc1-c1cccc2OC(F)(F)Oc21,-8.5331
CCC(Cl)Cl,1.8344
c1cc2ccc3cccc4c3c2c2c3c4cccc3ccc21,-10.0
CCC(C)(C)C,2.5042
CCCCCCCCCCCCCCI,-3.8492
Cc1ccc2ccccc2c1C,-1.8962
CCCOC/C(=N\c1ccc(Cl)cc1C(F)(F)F)/[n]1c[n]cc1,-5.8539
COC(=O)c1c(Cl)c(Cl)c(c(Cl)c1Cl)C(=O)OC,-5.6021
Nc1cc2ccccc2[n]c1,-4.5391
CON=C(Cc1c[n]ccc1)c1ccc(Cl)cc1Cl,-4.8928
O=S1(=O)OCC2C(CO1)C1(Cl)C(Cl)=C(Cl)C2(Cl)C1(Cl)Cl,-6.5528
FC(F)C(F)(F)OCC(C[n]1c[n]c[n]1)c1ccc(Cl)cc1Cl,-5.8697
Clc1cc2Oc3ccccc3Oc2cc1Cl,-5.5339
Cc1[n][n](C)c(OCC(=O)c2ccccc2)c1C(=O)c1ccc(Cl)cc1Cl,-6.4437
OCCS,0.2445
CC[C@@](C)(O)CCC,0.2914
Clc1c(Cl)c(Cl)c(Cl)c(Cl)c1Cl,-4.7447
Clc1cc2Oc3ccccc3Oc2cc1,-4.8928
CCCCCCCCl,0.4509
C=CC[Si](Cl)(Cl)Cl,1.2464
FCC(F)(F)F,3.6981
Cc1cccc(C)c1O,-0.767
CN(C)C(=O)C(c1ccccc1)c1ccccc1,-7.5229
Cc1cccc(CCC)c1,0.4249
Cc1cc(ccc1)NC(=O)Oc1cc(ccc1)NC(=O)OC,-11.0
C[Si]1(C)O[Si](C)(C)O[Si](C)(C)O[Si](C)(C)O[Si](C)(C)O[Si](C)(C)O[Si](C)(C)O1,-1.9527
CC#CCC,2.3725
CC1COC(C[n]2c[n]c[n]2)(O1)c1ccc(cc1Cl)Oc1ccc(Cl)cc1,-9.6021
CC(C)c1cc(c(c(c1)[N+]([O-])=O)N(CCC)CCC)[N+]([O-])=O,-4.5229
CN(C)c1ccc(cc1)[N+]([O-])=O,-5.2168
C=C(Br)CBr,0.8797
CCCCCCCCCCCCCCCCCCCC,-5.3355
[O-][N+](=O)N1CN(CN(CN(C1)[N+]([O-])=O)[N+]([O-])=O)[N+]([O-])=O,-13.4815
CCc1ccc(N)cc1,-0.8444
[O-][N+](=O)c1ccccc1Nc1ccccc1,-5.0
c1cco[n]1,1.6576
C1CCCCCC1,1.3345
C,5.6682
CCCCCCCCCCCCCCCCCCl,-4.3372
O=P(Oc1ccccc1)(Oc1ccccc1)Oc1ccccc1,-5.202
Cc1cc2ccc(C)cc2cc1,-2.3665
CC(C=O)c1ccccc1,-0.5686
Cc1ccc(c(c1)OP(=S)(NC(C)CC)OCC)[N+]([O-])=O,-3.2007
OC(=O)c1cc2ccccc2cc1,-5.1782
Cc1cc(C)c(C)cc1,0.3222
C(OCc1ccccc1)c1ccccc1,-2.9872
Cc1cc(N)ccc1N=Nc1ccc(cc1)[N+]([O-])=O,-9.1468
FC(F)(F)C(F)(F)C(F)(F)C(F)(F)N(C(F)(F)C(F)(F)C(F)(F)C(F)(F)F)C(F)(F)C(F)(F)C(F)(F)C(F)(F)F,-0.2581
CCOC(=O)Cl,1.3502
CCCC,3.2608
CCCCOC(=O)C(C)Oc1ccc(cc1)Oc1ccc(c[n]1)C(F)(F)F,-6.4953
CSC#N,1.0817
C1CCCC=C1,1.9494
CN(SN(CCC(=O)OCC)Cc1ccccc1)C(=O)O/N=C(/C)\SC,-7.4559
CC(=O)CC(C)=C,1.1784
CCCSSCCC,-0.2907
CCCCCCCCCCCCCCCCS,-4.9855
Oc1c(Cl)cccc1Cl,-1.4815
O=C(Nc1ccccc1)Nc1cc(Cl)[n]cc1,-9.4622
Cc1ccccc1F,1.3869
Brc1ccc[s]1,1.3692
CC(C)(C)c1ccc(CCOc2[n]c[n]c3ccccc32)cc1,-7.5935
CCc1ccc[s]1,1.05
CCCCC(CN)CC,0.1461
COC1CCC=CO1,1.0374
Fc1ccccc1,1.8876
Nc1c(Cl)cc(cc1Cl)[N+]([O-])=O,-5.9208
Fc1c(F)c(F)c(c(F)c1F)C(F)(F)F,1.4624
Clc1ccc2c(oc3cc(Cl)c(Cl)cc23)c1Cl,-7.6778
COC(F)(F)C(F)(F)C(F)(F)F,2.7528
CCCCOCCOCCOCCCC,-1.584
Cc1cccc[n]1,1.0492
[Na+].[O-]C(=O)C(F)(F)C(F)F,-3.5229
Oc1ccc(Cl)cc1Cl,-1.0458
CCCCCCCCCCCCCCCCCCCCCCCCCCCCCCCCC,-10.3958
Cc1cc2[n]c3SC(=O)Sc3[n]c2cc1,-6.699
CCCCCCCCCCCCCCCCc1ccccc1,-5.4486
CCCCCCCCCCCCCCCC,-2.8447
CC1(C)[C@@H]([C@@H]1/C=C\C(=O)OC(C(F)(F)F)C(F)(F)F)C(=O)O[C@H](C#N)c1cc(ccc1)Oc1ccccc1,-9.4815
Cc1cccc(C)c1N,-0.8861
CCSCc1ccccc1OC(=O)NC,-5.1518
CCSCSP(=S)(OCC)OCC,-3.1952
CC(C)(C)c1ccccc1,0.3433
CCO[N+]([O-])=O,1.8062
Cc1cc(O)c(C)c(C)c1,-2.4202
Oc1c(Cl)c(Cl)c(Cl)c(Cl)c1Cl,-3.9586
CCOCCOC(C)=O,0.3692
Clc1cccc2c1cc(Cl)c(Cl)c2Cl,-4.9626
CCS,2.7237
FC(F)=C(F)C(F)(F)F,3.6899
O=C(Nc1ccccc1)Nc1ccccc1,-5.1232
CCCCCCCCCCCCC(O)=O,-4.8996
CC(C)(O)C#N,-0.4672
OCCN(CCO)CCO,-5.4449
CCCC(C[n]1c[n]c[n]1)c1ccc(Cl)cc1Cl,-5.556
Clc1cc2Oc3cc(Cl)c(Cl)c(Cl)c3Oc2cc1,-8.1249
CC(C)CCOC(C)=O,0.7482
Cc1cccc(CC)c1,0.4829
CC(=O)CC(C1=C(O)c2ccccc2OC1=O)c1ccccc1,-6.9355
Cc1ccccc1C,0.8202
C=CCO,1.4166
Clc1cc2c(cc(Cl)c(Cl)c2Cl)c(Cl)c1Cl,-6.4559
Cc1cc(Cl)ccc1O[C@H](C)C(O)=O,-5.57775
CCCCC(O)C(O)=O,-5.5025
O=C(Cl)CCC(=O)Cl,-0.4323
CC(=O)CCC(O)=O,-2.9508
c1cccc2[s]ccc21,-0.6238
Brc1cc2Oc3ccccc3Oc2cc1Br,-5.9208
COP(=S)(Oc1cc(Cl)c(Br)cc1Cl)OC,-3.8945
CC(=O)OC(COC(C)=O)COC(C)=O,-2.6055
CC=C(C)C,2.6702
Nc1cc(Cl)ccc1,-1.1805
CCCCCCl,1.517
ClC(Cl)(Cl)C(Cl)(Cl)Cl,-0.6778
FC(F)(F)C1(F)C(F)(F)C(F)(F)C(F)(F)C(F)(F)C1(F)F,2.0245
CC(C)CO[N+]([O-])=O,0.9192
Clc1cc(-c2cc(Cl)c(Cl)cc2)c(Cl)cc1,-4.3893
CCCCCBr,1.1004
ClCCBr,1.5198
CCCCCCCCCC(C)O,-1.4763
C=C(Cl)CCl,1.7864
CCCCCC(C)=O,0.586
CO/N=C(/C(O)=NC)\c1ccccc1Oc1ccccc1,-6.8697
Cc1c[s]cc1,1.3454
CCCC(C)(C)C(C)C,0.9926
CC1CN1,2.1461
CN(CCCl)CCCl,-0.7696
ClC(Cl)C(Cl)Cl,0.6646
CCCCCCCCCCCCCCCCCC,-3.4669
CCCCCCCCCCCCS,-2.0693
CCC(=O)OC,1.9245
O=P(OCCCl)(OCCCl)OCCCl,-1.2125
C=CCCCCCCCCC(O)=O,-3.0283
CCCCCF,2.2652
C1CN1,2.3284
c1c[n]cc[n]1,1.0337
Cc1cc(Cl)ccc1OCC(O)=O,-5.2291
NC(=O)N=NC(N)=O,-9.7258
Clc1cc2c(c(Cl)c(Cl)c(Cl)c2Cl)c(Cl)c1Cl,-7.0706
CC(C)CC(C)=C,1.9753
CC1CC(C)(C)CCC1,1.0339
CCC(CN1C(=O)C2C(C3CC2C=C3)C1=O)CCCC,-4.7447
CCCCOC(=O)Cl,0.8156
CCCCCCCCCCCCCCCCC(O)=O,-7.2055
CCCCN(CCCC)N=O,-1.3288
CC(CCC)CCC,1.3118
COP(=S)(Oc1cc(Cl)c(Br)cc1Cl)c1ccccc1,-7.6383
CCOP(=O)(N=C1SCS1)OCC,-5.1904
NCCO,-0.3936
CF,3.4551
CC(=C)C(O)=O,-0.0044
COC(=O)c1cc(ccc1[N+]([O-])=O)Oc1ccc(Cl)cc1Cl,-7.0
Clc1cc(Cl)c(Cl)cc1-c1cc(Cl)c(Cl)cc1Cl,-5.4647
CCOP(=S)(NC(C)C)Oc1ccccc1C(=O)OC(C)C,-5.5229
O=C(C(F)(F)F)C(F)(F)F,3.3483
CCOC(=O)CC(=O)c1ccccc1,-3.3893
N#CO,2.9098
COC(=O)/C(/C)=C/[C@@H]1[C@@H](C(=O)O[C@H]2CC(=O)C(C/C=C\C=C)=C2C)C1(C)C,-6.4001
CN(C)C(=O)Nc1ccc(cc1)C(C)C,-7.6073
C=CC(Cl)Cl,1.8482
CC(CC)(CC)OC(N)=O,-0.1549
Clc1cc(ccc1)-c1cc(Cl)ccc1,-3.1878
OC1CCCCC1c1ccccc1,-1.4353
CCC(C)CO,0.4942
C/C(=C\C(=O)OC(C)c1ccccc1)/OP(=O)(OC)OC,-4.8539
c1ccc[nH]1,0.9222
CC1CN(CC(C)O1)C1CCCCCCCCCCC1,-5.4437
CC(C)C(C(=O)OC(C#N)c1cccc(c1)Oc1ccc(Br)cc1)c1ccc(cc1)OC(F)F,-8.9208
C1CCCCC1,1.9861
CCC(C)c1ccc(O)cc1,-1.4297
CCC#N,1.6757
Cc1cc(C)c(O)c(C)c1,-1.7595
CN1CCCC1=O,-0.4622
CCC(Br)CBr,0.4915
CCc1cccc(O)c1,-1.301
CC(C)OP(=S)(OC(C)C)SCCNS(=O)(=O)c1ccccc1,-6.0969
CC=Cc1cc(OC)c(O)cc1,-1.9223
Brc1cccc2Oc3c(cccc3Br)Oc12,-5.9469
Cc1cc(ccc1SC)OP(=S)(OC)OC,-4.9788
Cc1cc(ccc1[N+]([O-])=O)OP(=S)(OC)OC,-4.2676
[O-][N+](=O)c1cc(c(O)c(c1)[N+]([O-])=O)[N+]([O-])=O,-6.1249
COC=O,2.7677
CNNC,1.8445
CC(N)=O,-1.3979
C=CCl,3.4736
CCCOC(=O)c1ccccc1C(=O)OCCC,-3.8794
CS(=O)(=O)c1cc(ccc1C(=O)c1c[n]oc1C1CC1)C(F)(F)F,-8.1249
CC(=O)c1ccc(cc1)OC,-2.1911
CC=O,2.9552
ClC(Cl)=C(Cl)CCl,0.4281
CN1C=C(C(=O)C(=C1)c1ccccc1)c1cc(ccc1)C(F)(F)F,-7.011
CC(C)CCO[N+]([O-])=O,0.7101
CC(C)CC(C)O,0.7243
CCOC=C,2.7084
COCCO,0.9777
CCCCCCC(C)Cl,0.1361
CCCCCCCCCCCCCCC,-2.4647
C=CCN(CC=C)CC=C,0.5611
Nc1ccc(c2c1C(=O)c1c(c(Cl)ccc1Cl)C2=O)[N+]([O-])=O,-12.3979
CCCCCN,1.4778
CC(=O)C1C(=O)C=C(C)OC1=O,-2.902
CCCCCCCCCCCCC,-1.2534
CCP(=O)(OCC)OCC,-1.1403
CCCCCON=O,0.5984
c1cccc2oc3ccccc3c21,-2.6055
CCC=C(C)C,2.1987
O=C1c2cc(F)ccc2N=C(N1c1ccc(Cl)cc1Cl)[n]1c[n]c[n]1,-10.3188
CCCCC(=O)CC,0.415
CCCCCCCCCCCCCCCCCCCCO,-7.3447
Clc1cc(Cl)c(cc1)-c1ccc(Cl)cc1Cl,-4.064
NNc1ccccc1,-1.585
Cc1c(C)cccc1C,0.2275
FC(F)(F)C(F)(F)C(Cl)Cl,2.3802
CCCCCCOC(=O)CCCCC(=O)OCCCCCC,-5.5406
CCC(C)(C)C(C)C,1.4314
BrCCCCBr,-0.2107
CC1(C)[C@H]([C@H]1C(=O)O[C@H](C#N)c1cccc(c1)Oc1ccccc1)C(Br)C(Br)(Br)Br,-10.4437
Cc1cc(Cl)ccc1O,-1.6198
CCO/N=C(\OC(=O)c1ccccc1)/c1c(ccc(Cl)c1OC)OC,-5.4711
FC(F)(F)C(F)(F)F,4.3992
CCCCCCCCCCC(O)=O,-2.4192
CCCCCCCCCCCCCC(O)=O,-5.8539
Nc1ccccc1Cl,-0.6904
OCCCCCO,-2.4089
CCP(=S)(OCC)Sc1ccccc1,-3.4711
CC(C)(C)C(=O)N(Cc1ccccc1)C(C)C,-3.1752
CC(C)OC(C)C,2.1732
CCOP(=O)(C#N)N(C)C,-1.1549
CCCOCCN(C(=O)CCl)c1c(CC)cccc1CC,-6.0013
CCCCCCCCCCCCCCCCCCCl,-4.768
CSC,2.701
CNc1ccccc1,-0.3439
CC1CCCCC1C,1.2029
CCc1cccc[n]1,0.6889
CC(C)C1CCC(=C)C=C1,0.2003
CC1CCCC1C,1.6743
Clc1ccc(Cl)cc1Oc1ccc(Cl)cc1,-3.7645
C=CCOC(=O)Cl,1.301
Clc1ccc(-c2ccc(Cl)c(Cl)c2Cl)c(Cl)c1Cl,-5.5918
CCCCC(COC(=O)CCCCC(=O)OCC(CCCC)CC)CC,-6.0706
OS(=O)(=O)C(F)(F)F,-1.0
Brc1ccccc1,0.6214
ClC1(Cl)C2(Cl)C3C4OC4C(Cl)C3C1(Cl)C(Cl)=C2Cl,-4.71
ClC(Cl)C(c1ccccc1Cl)c1ccc(Cl)cc1,-5.7122
CCCCCCCCCCCl,-2.007
CC(=O)c1cc(CC)ccc1,0.3572
CC(C)OC=O,2.1399
CCCCCCCC(=O)CCCCCCC,-3.3933
CC1(C)[C@@H]([C@H]1C=C(Cl)Cl)C(=O)OCc1c(F)c(F)cc(F)c1F,-5.5229
c1ccccc1N=NNc1ccccc1,-4.7196
CCCCOCCOCCCC,-1.0458
FC(F)(F)c1ccc(Cl)cc1,0.8825
OC(=O)c1[n]c(Cl)ccc1Cl,-4.9208
c1cccc2Oc3ccccc3Oc21,-3.3846
NN(c1ccccc1)c1ccccc1,-3.3092
NCc1ccccc1,-0.1851
O=C1CCC1,1.633
CCCCCCC(=O)Cl,-0.3502
c1ccc2C=Cc3cccc1c32,-2.1752
CCC(C)C(C)=O,1.0648
CCCCCCCCCCCCCCCC(=O)OC,-4.3279
[O-][N+](=O)c1ccccc1,-0.6108
CC1CC(O)CCC1,-0.3198
Clc1ccc[s]1,1.3759
CCCCCCC(O)=O,-1.9706
CC(C)CC(CO)CC,-0.6253
Sc1ccccc1,0.2856
CCCCCCCCCCc1ccccc1,-2.8928
ClC(Cl)=C(c1ccccc1Cl)c1ccc(Cl)cc1,-5.2074
CCC=C,3.3522
CCNC(=O)NC(=O)/C(/C#N)=N/OC,-5.9469
CC[n]1c2ccccc2c2ccccc12,-3.657
CCCCI,1.1418
Oc1cc2c(cc1)C(=O)c1ccccc1C2=O,-10.1646
COP(=O)(NC(C)=O)SC,-5.7696
CSc1ccc(cc1)OP(=O)(OCCC)OCCC,-6.0458
CCC,3.8544
CCOC(=O)C1CC(=O)C(=C(O)C2CC2)C(=O)C1,-4.7905
Clc1cc(-c2ccccc2)c(Cl)c(Cl)c1Cl,-4.426
CC(C)OC(=O)C(O)(c1ccc(Br)cc1)c1ccc(Br)cc1,-7.0862
C[Si]1(C)O[Si](C)(C)O[Si](C)(C)O[Si](C)(C)O[Si](C)(C)O[Si](C)(C)O1,-1.6478
Cc1cc(CC)cc(CC)c1,0.0017
Clc1cc(ccc1Cl)Oc1ccccc1Cl,-3.8539
OC(=O)C(Cl)Cl,-0.7479
Cc1cc(C)c(C2CC(O)=C(C(=O)C2)C(CC)=NOCC)c(C)c1,-8.556
CCCCCC1CCCCC1,-0.4295
CC(O)(CC)CC,0.7451
C=CC(=C)Cl,2.3334
CNC(=O)Oc1cccc2ccccc21,-5.8665
Clc1c(Cl)c2oc3cc(Cl)c(Cl)cc3c2cc1Cl,-8.58
CCCOC=O,1.9168
CCCCC(C)O,0.3959
Cc1cc(C)[n]c(Nc2ccccc2)[n]1,-4.7825
CC1COc2ccccc2N1C(=O)C(Cl)Cl,-5.3536
CN(c1ccccc1)c1ccccc1,-2.5075
CCOc1cc2SC(=C3Sc4cc(ccc4C3=O)OCC)C(=O)c2cc1,-6.699
CC(C)(C)C(O)/C(=C\c1ccc(Cl)cc1Cl)/[n]1c[n]c[n]1,-4.4347
ClC1CCCCC1,0.8277
CCCCCCCCCCCCN,-2.0942
FC(F)(Cl)Cl,3.6856
Clc1c(Cl)c2c(cc1Cl)oc1cc(Cl)c(Cl)cc12,-8.762
CC(C)CC(C)OC(C)=O,0.6021
Clc1ccccc1Oc1ccccc1,-2.3979
FC(F)OC(F)C(F)(F)F,2.8222
c1ccccc1Oc1ccccc1,-1.6478
CCOc1ccc(cc1)C(COCc1cc(ccc1)Oc1ccc(Cl)cc1)C(F)(F)F,-9.011
CC(C)CC(O)CC(C)C,-0.5186
COP(=O)(OC)OC,-0.0706
"C[C@@H]1[C@H](SC(=O)N1C(=O)NC1CCCCC1)c1ccc(Cl)cc1 |o1:1,2|",-7.5935
N#CCCCC#N,-2.0841
CC(Cl)(Cl)[N+]([O-])=O,1.2274
NC1CCCCC1,1.0043
CC(C)C(O)(c1ccc(cc1)OC(F)(F)F)c1c[n]c[n]c1,-6.4389
CC1CCCO1,1.9883
CCCCCCCCF,0.7725
COc1ccccc1N,-1.0969
FC1(F)C(F)(Cl)C(F)(Cl)C1(F)F,2.3617
FC(F)C(F)(F)F,4.0212
CCCCNC(=O)[n]1c(NC(=O)OC)[n]c2ccccc12,-8.4318
N#Cc1c(Cl)cccc1Cl,-3.1805
CCCCCCCCCCCCCCBr,-3.3477
CCCC(C)I,1.0397
CCC(=O)NC,0.0603
c1cccc2[n]cccc21,-1.2218
CCOC(=O)C=C,1.5866
CCCCC(O)=O,-0.7077
Fc1cc(F)c(F)cc1F,1.7532
CC=C(Cl)Cl,1.9578
CCCCCCI,0.1467
O=C(Cl)c1cc(Cl)ccc1,-0.8539
CN(C)C(=S)SSC(=S)N(C)C,-4.7632
COc1ccc(C=O)cc1,-1.4828
C=C1CC(=O)O1,1.0302
Clc1cccc2ccccc21,-1.5376
COCCCNc1[n]c([n]c(NC(C)C)[n]1)SC,-6.5452
CC(O)C#N,-0.9248
Clc1ccc(Br)cc1,-0.5884
O=C=O,4.6838
CCCCCCCCSCCO,-3.2269
CCC(=O)CCC,1.1444
CSSC,1.4579
CCCCCCCCCl,-0.0223
CCC(C)C,2.8382
NCCNCCO,-2.0867
Cc1cc(Cl)c(OP(=S)(OC)OC)c(Cl)c1,-3.3665
COc1ccccc1Cl,-0.6234
CCOCCOCCO,-0.8996
O=C(Cl)/C=C/C(=O)Cl,0.3158
Cc1cc(N)c(C)cc1C,-2.0458
FC(F)=CCl,3.5502
CCC(C)O,1.2632
OC=O,1.6293
O=C1c2ccccc2C(=O)C(Cl)=C1Cl,-5.9586
CC(C)(C)c1cc(ccc1O)C(C)(C)C,-2.3215
CC(CC)C1CCCCC1,0.3701
FC(F)(Br)C(F)(F)Br,2.5119
COC(=O)C(C)Oc1ccc(cc1)Oc1[n]cc(cc1Cl)C(F)(F)F,-5.2218
C1C2CCCCC21,1.3579
CCCCC(=C)CC,1.2949
CCCCOCCOCCO,-1.6596
C[SiH](Cl)Cl,2.6328
CCCCCCCCCCC=C,-0.7975
CC1c2ccc(cc2OC(=O)C=1Cl)OP(=S)(OCC)OCC,-7.0132
CCCOC(N)=O,-1.2573
CCC(=O)OC(=O)CC,0.1335
CCCCCC,2.1798
OCCCCO,-1.9788
CCNCC,2.3755
OC(=O)c1cc2c(cc1)C(=O)OC2=O,-5.0061
C1CCS1,1.7215
O=C1C(Cl)C(CN1c1cc(ccc1)C(F)(F)F)CCl,-5.4815
COc1cccc(O)c1,-1.7077
CCCCC=C(C)C,1.2502
CC12CC1(C)C(=O)N(c1cc(Cl)cc(Cl)c1)C2=O,-3.8539
Clc1cc(Cl)c(-c2ccc(Cl)c(Cl)c2Cl)c(Cl)c1Cl,-5.8539
CC(C)c1ccccc1C(C)C,-0.4411
[O-][N+](=O)c1c(Cl)c(Cl)cc(Cl)c1Cl,-2.7447
Clc1cccc(Cl)c1Oc1ccccc1,-2.8861
CCCCc1ccccc1O,-1.988
Cc1cc(CC)cc(O)c1,-2.0565
Cc1cc(Cl)c(Cl)cc1,-0.5017
C1CCCCCN1,0.9079
Cc1[n]c(NCC)[n]c(O)c1CCCC,-5.699
CC(=C)CC(C)(C)C,1.6503
FC(F)(Cl)C(F)(F)Cl,3.3041
C[Si]1(C)O[Si](C)(C)O[Si](C)(C)O[Si](C)(C)O1,0.0212
Clc1cccc2c1oc1c2cc(Cl)c(Cl)c1Cl,-7.4001
C1C2CC=CCC21,1.3598
CC(C)CO,1.0191
ClCC(Br)CBr,-0.2366
CCCOC,2.6678
Cc1cccc(C)[n]1,0.7522
[O-][N+](=O)c1cc(ccc1O)[N+]([O-])=O,-3.4089
CC(C)OC(=O)[C@@H](C)N(c1cc(Cl)c(F)cc1)C(=O)c1ccccc1,-6.1952
CC(C)OC(=O)C(O)(c1ccc(Cl)cc1)c1ccc(Cl)cc1,-6.7447
COc1c(O)c(Cl)c(Cl)c(Cl)c1Cl,-4.0757
COP(=O)(OC)SCN1c2[n]cc(Cl)cc2OC1=O,-7.4353
CC=CC#N,1.50445
CCC(CC)CC,1.7627
CC(=O)Cl,2.4579
CC(Cl)C(C)Cl,1.3874
CCCCC1CCCC1,0.6021
CCOCCOCCOCCO,-2.0
CC(C)c1ccc(O)cc1,-1.3446
Fc1cc(F)cc(F)c1,2.0159
C=C(Cl)C(Cl)CCl,0.2742
O=C1CCCC1,1.0569
CCOC(=O)c1ccco1,-0.43225
CN(C)O,1.3258
CC=C,3.939
O=C(Nc1cc(Cl)ccc1)OCC#CCCl,-6.4202
Cc1cc(C)c(C)cc1C,-0.2771
CC=C(C)C(C)C,1.8298
Oc1ccc(cc1)C(O)=O,-6.7167
CC(C)(C)C1CCC2(CC1)OC(CO2)CN(CCC)CC,-3.8928
C1CC1,3.7335
FCF,4.1017
COCC(=O)N(c1c(C)cccc1C)N1CCOC1=O,-7.6055
CNO,0.2222
CCCCCOC(C)=O,0.5441
CC(C)CCC(C)C,1.4814
CCCCCCCCC1CCCCC1,-2.0386
C=CCN,2.3838
ClCC(Cl)(Cl)Cl,1.0792
CC(C)(C)S,2.2577
CN(C)S(=O)(=O)N(SC(F)(Cl)Cl)c1ccccc1,-6.9508
Cc1cc(C)c(cc1)[N+]([O-])=O,-1.242
Clc1c(ccc(Cl)c1Cl)-c1cc(Cl)c(Cl)c(Cl)c1Cl,-6.202
C=Cc1cc[n]cc1,0.2304
c1c2c3ccccc3ccc2cc2c3ccccc3ccc21,-9.02
OCCCc1ccccc1,-1.7018
COCC(=O)N(C(C)C(=O)OC)c1c(C)cccc1C,-4.9279
CCCCC(CNCC(CCCC)CC)CC,-2.0
OCC(F)(F)C(F)(F)C(F)(F)F,1.5193
CCCCCCCCCCCCCBr,-2.8665
Oc1ccccc1O,-2.4365
CNC1C=NN(C(=O)C=1Cl)c1cc(ccc1)C(F)(F)F,-7.5391
CCCCCCC=C,1.241
CBr,3.2084
ClC(C(Cl)Cl)C(Cl)Cl,-0.0278
ClCCOCCOCCCl,-1.2218
OCC1CCC(CC1)CO,-3.5114
CC(C#C)OC(=O)Nc1cccc(Cl)c1,-4.8013
Clc1cc(Cl)c2c3c(cc(Cl)cc3Cl)oc2c1,-7.7258
CCOP(=S)(OP(=S)(OCC)OCC)OCC,-3.9788
O=C(Cl)C(Cl)(Cl)Cl,1.3288
CC(Cl)(Cl)Cl,2.0934
CC(C)(C)CC(C)(C)C,1.3008
CC1(C)CC(C)(Oc2cc(ccc12)Oc1ccc(cc1)NC(=O)N(C)OC)OC,-4.7328
CCCCCCCCCCO,-2.0701
CCOCCC,2.2567
C=CC(=O)OCCOC(=O)C=C,-1.1818
CNC(=O)N(C)c1[n][n]c([s]1)C(C)(C)C,-5.699
COc1ccc(N)cc1,-1.5229
COS(=O)(=O)OC,-0.1694
CCCCC(CC)C(O)=O,-1.5229
ClC(CCl)CCl,0.567
Brc1cc(Br)c(cc1)Oc1cc(Br)c(Br)cc1Br,-7.5086
CCNc1[n]c(Cl)[n]c(NC(C)C)[n]1,-6.5391
CCl,3.6335
CC12CCC(CC1)(O2)C(C)C,0.286
C=COC=C,2.8261
c1[n]cc[s]1,1.2343
Cc1cc[n]cc1,0.7612
COP(=S)(OC)SCc1[n]c(N)[n]c(N)[n]1,-6.011
Cc1cccc(C)c1N(C1CCOC1=O)C(=O)CCl,-6.8239
COc1cc(Cl)c(Cl)cc1O,-2.3526
c1[n]c2ccccc2c2ccccc21,-4.6821
CC(C)C1CCC(C)CC1,0.4297
CC(C)COC(C)=O,1.2511
Clc1cc2Oc3c(cc(Cl)c(Cl)c3Cl)Oc2c(Cl)c1Cl,-10.4437
Clc1ccc(cc1)Oc1cc(Cl)ccc1,-3.1851
C=CC(O)=O,0.5988
OC(=O)CCc1ccccc1,-2.5735
COc1cc(Cl)c(Cl)c(Cl)c1O,-2.7286
c1cc2ccccc2c2ccccc21,-3.9172
ClC(Cl)=C(c1ccc(Cl)cc1)c1ccc(Cl)cc1,-5.2218
C1C=Cc2ccccc21,0.0414
Nc1c(c(C#N)[n][n]1-c1c(Cl)cc(cc1Cl)C(F)(F)F)S(=O)C(F)(F)F,-8.556
[O-][N+](=O)c1cc(cc(c1)[N+]([O-])=O)[N+]([O-])=O,-5.191
c1c2cc3ccccc3cc2cc2ccccc21,-8.6038
CCCCc1ccc(O)cc1,-2.6536
CC(C)=C,3.3632
CC(C)C(C)=C,2.4014
CCc1cc(C)ccc1C,-0.0272
CCCF,3.3041
Cc1cc(ccc1NS(=O)(=O)C(F)(F)F)S(=O)(=O)c1ccccc1,-5.0458
CC(C)(CC)CC,1.9175
CCN(CCCl)CCCl,-0.6021
[O-][N+](=O)c1ccc(cc1)N=Nc1ccc(O)cc1,-9.5229
CCCCC(O)(C[n]1c[n]c[n]1)c1ccc(Cl)cc1Cl,-6.8697
CC(C)CCSCCC(C)C,-0.4968
CCCCCCCCCCCCCCCCCC(O)=O,-6.1414
FC1(F)C(F)(F)C(F)(F)C1(F)F,3.3701
CC(=O)CBr,1.9542
CC(C)=CCCC(=C)C=C,0.304
Cc1cc2ccccc2cc1C,-2.9586
CC1(C)C(C(=O)OC(C#N)c2cc(ccc2)Oc2ccccc2)C1(C)C,-5.2612
CCOCCOC(=O)C(C)Oc1ccc(cc1)Oc1[n]cc(cc1Cl)C(F)(F)F,-10.9101
OC(=O)C(O)=O,-3.6308
CC1=CCC2CC1C2(C)C,0.6767
Nc1ccc(N)c2c1C(=O)c1c(C2=O)c(N)ccc1N,-7.7447
Ic1ccc[s]1,0.9058
C=CCC#N,1.2667
CCCCC(C)C,1.8195
CC(=C)Cl,2.9133
CCC(=O)C(C)C,1.2579
CC1=NN=C(C(=O)N1N)c1ccccc1,-8.1904
CCCCCCCCCCCCCCCC=C,-3.3429
Cc1cc(C)[n]cc1,0.5004
CCCCCCCCCCC1CCCCC1,-2.9872
OC(=O)C1C(C2CCC1O2)C(O)=O,-9.8041
CCc1cc(C=C)ccc1,-0.0947
CCOc1cc(ccc1[N+]([O-])=O)Oc1ccc(cc1Cl)C(F)(F)F,-6.699
CC(C)=CC1C(C(=O)OC2CC(=O)C(CC=C)=C2C)C1(C)C,-5.9208
Cc1cc(Cl)ccc1OCCCC(O)=O,-6.3635
Cc1cc(/N=N/c2ccc(cc2)NC(C)=O)c(O)cc1,-10.301
COC(=O)C(C)C,1.6925
CC(Oc1cccc2ccccc21)C(=O)N(CC)CC,-6.7645
CCC(C)=O,1.9571
OC(=O)CN(CC(O)=O)CCN(CC(O)=O)CC(O)=O,-11.8239
CC1COC(=O)O1,-1.3468
CCOP(O)OCC,1.0473
CCCC#N,1.29
CC(Cl)CCl,1.7267
OC(c1ccc(Cl)cc1)(c1ccc(Cl)cc1)C(Cl)(Cl)Cl,-6.4001
COC(=O)CCl,0.8825
CCCCCCF,1.7621
CCCCCCCCCCCC(=O)OC,-2.3862
CC(c1ccccc1)c1ccccc1,-1.84815
Cc1ccc(C)[nH]1,-0.0942
CCC(COP(=O)(Oc1ccccc1)Oc1ccccc1)CCCC,-4.301
CC[As](Cl)Cl,0.3598
CCC1(CC2(CO2)c2cc(Cl)ccc2)C(=O)c2ccccc2C1=O,-7.699
C/C(=C\C(=O)OC)/OP(=O)(OC)OC,-3.9101
CC(C)N(C(=O)CCl)c1ccccc1,-3.6383
CCC(C(C)C)C(C)C,1.0022
Oc1cc(Cl)cc(Cl)c1Cl,-1.6576
C#N,2.8703
CC(C)(C)O,1.6096
CCCOC(=O)NCCCN(C)C,-1.2612
CC(C)[C@@]12C[C@@H]1[C@@H](C)C(=O)C2,-0.3854
Clc1cc(Cl)c2oc3c(cc(Cl)c(Cl)c3Cl)c2c1,-8.7258
CCCCCCCCCC=C,-0.3071
CCCCCCCC1CCCCC1,-1.3979
NCCNCCN,-0.6351
CCC(C)c1ccccc1OC(=O)NC,-3.8462
ClCBr,2.1538
Cc1cccc(c1)C(C)C,0.2355
C#CC#C,3.1196
Cc1ccccc1[N+]([O-])=O,-0.7255
CC(=O)N(C)C,0.301
Oc1c(Cl)cc(Cl)c(Cl)c1Cl,-3.1765
CCN(Cc1c(F)cccc1Cl)c1c(cc(cc1[N+]([O-])=O)C(F)(F)F)[N+]([O-])=O,-6.6198
CCCCCCCCCCCO,-2.5275
OC(=O)c1cc(Cl)cc(Cl)c1Cl,-3.5072
Clc1ccccc1-c1cc(Cl)c(Cl)c(Cl)c1Cl,-4.1565
CCCCCCCCCS,-0.8807
CNC(=O)Oc1ccccc1OC(C)C,-5.0141
CCNc1ccccc1,-0.6904
C[Si]1(C)O[Si](C)(C)O[Si](C)(C)O[Si](C)(C)O[Si](C)(C)O1,-0.699
CCOC(=O)C(C)(C)C,1.2504
CC(C)C1CCCC1,1.209
CCOC(=O)c1ccccc1C(=O)OCC,-2.6778
FC(F)(F)C(F)(F)Cl,3.8363
CC=C(CC)CC,1.7228
Clc1cccc2Oc3c(Oc12)c(Cl)c(Cl)c(Cl)c3Cl,-9.2518
CC(C)[N+]([O-])=O,1.2358
CC(C)N(CCO)C(C)C,-1.0969
CC(=O)CC(C)(C)N,-0.699
CCCCCCCCCCCCCCCCCCBr,-5.2259
CCCCCC(C)Br,0.3583
NCCCO,-1.1129
Clc1cc(-c2ccccc2Cl)c(Cl)cc1,-2.9788
CCCCC(COC(=O)c1ccccc1C(=O)OCC(CCCC)CC)CC,-6.8477
C=CC#C,3.131
Clc1cc(Cl)c(cc1)N=C(C[n]1c[n]c[n]1)SCc1ccc(Cl)cc1,-9.1952
CC1(C)Cc2cccc(OC(=O)NC)c2O1,-5.3143
CC(N)Cc1ccccc1,-0.6198
C/C(=C\C(=O)OC(C)C)/OP(=S)(NCC)OC,-4.8447
CCC(C)CC(C)(C)C,1.2014
OP(O)(=O)CN(CP(O)(O)=O)CP(O)(O)=O,-11.1637
CC(C)CC(=O)OCCC(C)C,-0.0526
Clc1cc2c(cc1Cl)c(Cl)c(Cl)c(Cl)c2Cl,-6.4559
CC(C)OC(=O)C(=C1SCCS1)C(=O)OC(C)C,-1.8447
CCO[Si](OCC)(OCC)OCC,0.2749
CCCCOC(C)=O,1.0611
Cc1ccc(C)cc1,0.9465
CCCN(CCC)C(=O)SCc1ccccc1,-6.2857
CC(=O)CC(=O)OCC,-0.1079
CC1OCCSC=1C(=O)Nc1ccccc1,-6.8239
CC(=O)c1cccc2ccccc21,-3.4066
CCOP(=S)(Oc1c[n]c([n]c1)C(C)(C)C)OC(C)C,-4.426
Nc1c(Cl)c([n]c(Cl)c1Cl)C(O)=O,-10.1421
FCc1ccccc1,0.8319
CC=CCCCC,1.6848
CCOC(=O)c1[n]c([n]([n]1)-c1ccc(Cl)cc1Cl)C(Cl)(Cl)Cl,-8.1752
CCCI,1.6344
Cc1cc2ccccc2cc1,-1.2596
c1cc(ccc1-c1ccccc1)-c1ccccc1,-7.0
c1cccc2ccc3ccc[n]c3c21,-3.6607
NCCCCCCN,-0.9281
Clc1ccc(cc1)C(c1ccccc1Cl)C(Cl)(Cl)Cl,-5.8697
CC#C,3.6341
CC(=O)NC(C)=O,-2.0044
Cc1cc[n]c2ccccc21,-2.1959
NS(=O)(=O)C(F)(F)C(F)(F)C(F)(F)C(F)(F)C(F)(F)C(F)(F)C(F)(F)C(F)(F)F,-0.6055
C=CBr,3.0141
OC(=O)COc1[n]c(Cl)c(Cl)cc1Cl,-5.8996
Clc1cc(Cl)ccc1-c1ccc(Cl)cc1,-3.71
C=CCOC(=O)/C=C\C(=O)OCC=C,-2.1659
BrCC(Br)c1ccccc1,-1.9747
CCOC(=O)C(=O)Cl,0.8816
CC(F)(Cl)Cl,2.7782
CCCC#CCCC,0.9854
O=C(CCl)c1ccccc1,-2.2676
Clc1ccc(Cl)c(-c2cc(Cl)c(Cl)cc2Cl)c1Cl,-5.0742
CC1CCCCN1C(=O)CSP(=S)(OCCC)OCCC,-6.6198
Cc1ccc(cc1)[N+]([O-])=O,-1.8041
CC1(C)C2CC1CC1OC12C,-0.0872
Cc1cccc2cccc(C)c12,-2.3197
CN(C)N,2.2122
CCCOC(=O)CCC,0.7749
Clc1ccc(cc1)Oc1ccc(Cl)cc1,-3.3045
OCC(O)=O,-1.699
C=Cc1ccc(Cl)cc1,-0.0885
O=C1OCCO1,-2.0088
CC(=O)CC(C)=O,0.4713
C/C=C/Cl,2.7052
CC(C)c1ccc(N)cc1,-1.0785
Cc1ccc(cc1)N(C)C,-0.7501
Cc1cc(Cl)ccc1OCCCC(=O)OCC,-5.8447
Cc1ccc(cc1)C(=O)CC,-1.0283
FC(F)(F)C(Cl)Cl,2.8561
OCCC1CCCCC1,-0.7799
CC(C)C(C)N(CC)C(=O)SCc1ccccc1,-5.1203
CCOC(=O)C(CC(=O)OCC)SP(=S)(OC)OC,-5.4711
CC(O)CCl,0.6902
O=CNNC=O,-6.1255
C[n]1cccc1,1.3313
O=C1C=CC(=O)O1,-0.6021
CCOCC,2.7308
ClCC(Cl)=CCl,0.6435
NCCNCCNCCNCCN,-6.0969
O=C(Cl)Cl,3.1517
BrC(Br)C(Br)Br,-1.699
[Cl-].C[N+](C)(C)CCCl,-7.1249
CC(C)(C)CC(C)(C)c1ccc(O)cc1,-3.3206
Cc1cc(ccc1C)OC(=O)NC,-3.2381
[O-][N+](=O)c1ccc(O)cc1,-4.0092
Fc1cc2Oc3cc(Br)c(Br)cc3Oc2cc1F,-7.7447
CC(Br)Br,1.4077
CCCC(C)C,2.3243
CC(CC)OC(C)CC,1.2109
CC(COc1ccc(cc1)Oc1ccccc1)Oc1cccc[n]1,-5.6615
CCN(CC)C(=O)SCc1ccc(Cl)cc1,-4.6576
CCCCOC(=O)CCCCCCCCC(=O)OCCCC,-5.3288
CCC=CCC,2.2173
COc1ccc(CC=C)cc1OC,-1.9208
COC(=O)/C(=C/OC)/c1ccccc1Oc1cc([n]c[n]1)Oc1ccccc1C#N,-12.0835
CC(=O)Br,2.0849
CC(C)OC(=O)Nc1ccccc1,-3.8539
CCSCCSP(=O)(OC)OC,-3.5229
CCCCCCCCCC1CCCCC1,-2.6055
CCCN(CCC)c1c(cc(c(N)c1[N+]([O-])=O)C(F)(F)F)[N+]([O-])=O,-7.6055
CCCN(CCOc1c(Cl)cc(Cl)cc1Cl)C(=O)[n]1cc[n]c1,-5.9469
CCCCCC=C,1.7731
CCCCOC=O,1.4609
CCCCOCC1CO1,0.5051
CC1(C)C(O)C2(C)CC1CC2,-1.19775
CCCCCC[C@H](C)I,0.1361
c1ccc2c3c(cccc31)c1cccc3cccc2c31,-8.2798
O=S(=O)(c1cc(Cl)c(Cl)cc1Cl)c1ccc(Cl)cc1,-9.6198
CC(C)(C)C(CSC)=NOC(=O)NC,-3.7696
N#CC(C[n]1c[n]c[n]1)(CCc1ccc(Cl)cc1)c1ccccc1,-7.426
FC(F)F,4.5478
COC(=O)C=C,1.9373
Cc1c[n]c(C)cc1,0.526
CCOC(=O)CI,-0.1952
COCC(C)O,1.0969
OC[C@H]1O[C@H](O)[C@H](O)[C@@H](O)[C@@H]1O,-13.0958
CCCCCCCl,0.9716
Cc1cc([n]c(Nc2ccccc2)[n]1)C1CC1,-5.4342
CCOC1Oc2ccc(cc2C1(C)C)OS(C)(=O)=O,-5.3098
COc1ccccc1C(O)=O,-4.7989
C1C2CCC1C=C2,1.5932
[O-][N+](=O)c1c(Cl)c(Cl)c(Cl)c(Cl)c1Cl,-4.301
CCCCC[C@@H](O)CC,-0.5918
C1CN(CCN1)c1ccccc1,-2.2639
CC1CC(C)CCC1,1.30336666666666
Cc1cc(ccc1SC)OP(=O)(NC(C)C)OCC,-6.0
CNC(=O)O/N=C/C(C)(C)S(C)(=O)=O,-4.0458
O=C=Nc1cccc2c1cccc2N=C=O,-4.4711
CCOC(=O)C(C)O,0.574
CC(Br)C(C)Br,0.5796
CCOS(C)(=O)=O,-0.6861
Clc1ccc(cc1)Oc1cccc(Cl)c1Cl,-3.9431
Clc1c(cccc1Cl)-c1c(Cl)c(Cl)cc(Cl)c1Cl,-5.9606
CCCC(C)Br,1.3293
Oc1ccccc1Cl,0.4031
CCCCCCCCCC=O,-0.9872
COP(N)(=O)SC,-4.4522
Cc1cc(c(O)c(C)c1)C(C)(C)C,-1.3487
CC(C)COC=O,1.6029
CC(CO[N+]([O-])=O)O[N+]([O-])=O,-0.4225
CCN(CC)c1c(cc(c(N)c1[N+]([O-])=O)C(F)(F)F)[N+]([O-])=O,-5.4437
FC(F)Cl,3.8605
CC(Oc1cc2ccccc2cc1)C(O)=Nc1ccccc1,-10.6778
COc1cc(ccc1C(O)=O)OC,-2.4538
Clc1cc(Cl)c(-c2ccccc2)c(Cl)c1,-3.1451
CCCCOCCOC(C)=O,-0.426
CCCCN(CCCC)CCCC,-1.0297
CCSSCC,0.6314
CC1CCC(CC=1)C(C)=C,0.215066666666666
CCCCCCOC(C)=O,0.1216
Cc1cc(C)c(N)cc1,-0.8758
CC(C)C(C)C(C)CC,0.9552
Fc1cc2Oc3cc(Cl)c(Cl)cc3Oc2cc1F,-7.762
CCCCCCCC(C)C,0.2755
COc1cc(Cl)c(cc1Cl)OC,-2.5229
OC(=O)COc1cc(Cl)c(Cl)cc1Cl,-4.426
C[Si](Cl)(Cl)c1ccccc1,-0.3116
ClC1(Cl)C2(Cl)C3CC(Cl)C(Cl)C3C1(Cl)C(Cl)=C2Cl,-4.68849999999999
CC(=C)C(C)(C)C,2.0473
CCCCCC(=O)OC,0.5703
ClC1(Cl)C2(Cl)C3C=CC(Cl)C3C1(Cl)C(Cl)=C2Cl,-3.3979
CCCC(C)(C)C,2.0212
OCCOCCOCCOCCO,-4.3325
CCC(=O)c1ccccc1,-0.7696
CC(=O)CC(=O)OC,-0.0496
Cc1cccc(N)c1N,-3.2573
Clc1ccc(-c2cc(Cl)c(Cl)cc2Cl)c(Cl)c1Cl,-5.4208
CCc1cc(C)c(C)cc1,-0.126
CCNc1[n]c(NC(C)C)[n]c([n]1)OC,-5.5376
ClCCCCCCl,0.0531
COC(=O)CC(=O)OC,-0.0458
CCC(C)c1cc(c(O)cc1)[N+]([O-])=O,-2.3391
CCCCCCCC(O)=O,-2.4306
CCCCOC(=O)CCCCCCCC,-1.669
CC[Si](F)(CC)CC,1.5658
Cc1ccc(cc1N=C=O)N=C=O,-2.0969
N#C/C(=N\OCC1OCCO1)/c1ccccc1,-5.4001
CC(C)C(C)O,0.9614
COCC(F)(F)C(F)C(F)(F)F,1.7853
CCOC(=O)C(O)(c1ccc(Cl)cc1)c1ccc(Cl)cc1,-5.6576
CCOC(C)=O,1.9694
CCCCCCCCN1SC=CC1=O,-4.4342
C[Si](C)(C)O[Si](C)(C)O[Si](C)(C)O[Si](C)(C)O[Si](C)(C)O[Si](C)(C)C,-1.5312
CC(C)(COCc1cc(ccc1)Oc1ccccc1)c1ccc(cc1)OC(F)(F)Br,-8.2336
Clc1cc2Oc3cc(Cl)ccc3Oc2cc1,-5.9788
CCC=CC(C)C,1.8814
CC(C)(C)N=C1SCN(C(=O)N1C(C)C)c1ccccc1,-5.0269
CC(=O)C(Cl)Cl,1.4306
"CC(Cc1ccc(cc1)C(C)(C)C)CN1C[C@@H](C)O[C@@H](C)C1 |o1:16,19|",-4.59105
CCCOCCC,1.7959
C[Si](C)(O[Si](C)(C)C)O[Si](C)(C)C,0.5236
Cc1ccccc1Cl,0.5353
CC(C)OP(C)(=O)F,0.4564
CC(C)=CC1C(C(=O)OCc2cccc(c2)Oc2ccccc2)C1(C)C,-6.8447
ClCc1ccc(Cl)cc1Cl,-1.4856
CNC(C)=O,-0.3565
NC(=O)C(N)=O,-7.1972
CCS(=O)CCSP(=O)(OC)OC,-4.5452
CC(C)N1C(=O)c2ccccc2NS1(=O)=O,-5.4622
CC(C)Nc1[n]c(NC2CC2)[n]c(Cl)[n]1,-6.5229
Clc1ccc(Cl)c(Cl)c1Cl,-1.4089
Cc1[n]c2ccccc2[s]1,-1.5243
CC1CCC(C)CC1,1.2524
CC(C)C,3.4168
CCCCOC(=O)c1ccccc1C(=O)OC1CCCCC1,-5.3215
Fc1c(F)c(F)cc(F)c1F,1.83
[O-][N+](=O)c1cc(Cl)c(cc1)NC(=O)c1cc(Cl)ccc1O,-10.8268
CC(CCl)OC(C)CCl,-0.2518
COC(=O)c1ccccc1O,-1.4647
CCCC=C(C)C,1.7322
Clc1cc(Oc2ccccc2)c(Cl)cc1,-3.0
CCCCCCCCCCS,-1.4353
OC(=O)Cc1ccccc1,-2.4202
C#C,4.5623
O=C(Cl)Cc1ccccc1,-0.7018
CC(=CC(O)OC)OP(O)(OC)OC,-3.8928
OCCO,-1.0362
FC(F)(F)C(F)(F)C(F)(F)C(F)(F)C(F)(F)C(F)(F)C(F)(F)F,1.8831
C1CCCC1,2.5022
CC(Cl)CO,0.7202
CN(OC)C(=O)Nc1ccc(Br)cc1,-5.5229
CC=Cc1ccc(cc1)OC,-1.1533
CCCCCCCCSC(=O)Oc1cc(Cl)[n][n]c1-c1ccccc1,-9.011
[O-][N+](=O)c1cccc(c1)C(=O)CCl,-5.0605
ClCC(Cl)Cl,1.3617
ClC(Cl)c1ccccc1,-0.3279
CCCCCCCCCCCCCCCCBr,-4.314
CN(C)C1=NC(=O)N(C2CCCCC2)C(=O)N1C,-6.6478
OC(=O)CCCCCCCC(O)=O,-7.9702
CCOP(=O)(SCCC)SCCC,-3.4202
Cc1[n]c([n]c(O)c1CCCC)N(C)C,-4.9586
O=[N+]1[N-]C(=Nc2ccc(Cl)cc12)[n]1c[n]cc1,-8.6478
CCCCCCCCCCC(C)=O,-1.6861
OCCCBr,-1.0
O=C(Nc1cc(Oc2[n]cc(cc2Cl)C(F)(F)F)c(Cl)cc1)NC(=O)c1c(F)cccc1F,-12.0458
CCCCCC(=O)CC,0.301
CCN(Cc1c[n]c(Cl)cc1)/C(=C/[N+]([O-])=O)/NC,-11.0862
CN(C)C(=O)Nc1cc(Cl)c(Cl)cc1,-7.1612
CCCCOc1ccccc1,-0.5287
CN(C)c1ccccc1,-0.1549
Cc1cc(Cl)cc2S/C(=C3\Sc4cc(Cl)cc(C)c4C\3=O)/C(=O)c12,-13.5229
Nc1ccccc1-c1ccccc1N,-5.5701
FC(F)(Cl)C(Cl)(Cl)Cl,1.7782
COC(=O)C(C)N(c1c(C)cccc1C)C(=O)c1ccco1,-6.2798
C1CN2CCC1CC2,0.2819
CN(C=O)C(=O)CSP(=S)(OC)OC,-6.0716
C=Cc1ccc(O)cc1,-1.8539
CC(C)C(CC)CC,1.3802
[O-][N+](=O)OCCOCCO[N+]([O-])=O,-2.2291
CC(C)(C)c1cc(c(O)c(c1)C(C)(C)C)C(C)(C)C,-3.1798
CC1(O)CCCCC1,0.0531
Cc1ccc(cc1)C(C)C,0.1896
CCCCOC(=O)COc1cc(Cl)c(Cl)cc1Cl,-4.8239
Cl[Si](Cl)(Cl)c1ccccc1,-0.3706
COC(=O)C=Cc1ccccc1,-1.4622
COP(=O)(OC(=CCl)c1cc(Cl)c(Cl)cc1Cl)OC,-7.3768
CCCCCCCCCCCCCCCCCCCCC,-4.0592
Cc1cc2ccccc2o1,-0.3125
"CC1(C)[C@@H]([C@@H]1/C=C(\Cl)/C(F)(F)F)C(=O)OCc1cccc(-c2ccccc2)c1C |&1:3,4|",-6.7447
Brc1ccc(cc1)-c1ccccc1,-2.6289
CCCCCC(C)OC(=O)COc1ccc(Cl)c2ccc[n]c12,-7.3979
CC(=O)I,1.5111
Cc1cc(ccc1)[N+]([O-])=O,-0.6874
CC1(C)C2CC(=O)C1(C)CC2,-0.6649
CNC(=O)Oc1ccccc1C1OCCO1,-6.5229
CCCCCCOCCO,-0.8097
CC(=O)CCC(=O)OCC,-0.6819
OC(O)C(Cl)(Cl)Cl,1.1761
c1cccc2[nH]ccc21,-1.9136
Cc1ccccc1N,-0.585
C(Oc1ccccc1)C1CO1,-2.0
CC(C)(CC)OCC,1.699
C[Si](F)(F)c1ccccc1,0.8807
CC(C)CC=O,1.699
CCC(C)c1ccccc1,0.2435
C#CCOc1cc(c(Cl)cc1Cl)N1N=C2CCCCN2C1=O,-11.1249
c1c2c3ccccc3c3ccccc3c2cc2ccccc21,-10.0
CCCCSP(=O)(SCCCC)SCCCC,-5.2757
Cc1cc(N)c(C)cc1,-0.8239
C[C@@H](Oc1ccc(cc1)Oc1[n]cc(Cl)cc1F)C(=O)OCC#C,-7.6198
Oc1ccccc1C(O)=O,-4.0862
C[C@H](Oc1ccc(cc1)Oc1[n]c2ccc(Cl)cc2o1)C(O)=O,-5.8697
CCCCCC#N,0.4548
CCCCCSSCCCCC,-2.1972
C1c2ccccc2-c2ccccc21,-3.2218
FC(F)(F)COC(F)(F)C(F)F,2.3284
CCSCCSP(=S)(OC)OC,-4.7696
CCC(CO)C(O)CCC,-2.5229
CC(C)CCOC(=O)c1ccccc1,-0.8481
CCCCCCCCCCCCCCC(O)=O,-6.3615
FC(C(F)(F)F)C(F)(F)F,3.5328
CCCCCCCCCCCCCCCCCCCCCCCCCCCCCCCCCCC,-11.2684
C/C(/C=C/CC(C)CCCC(C)(C)OC)=C\C(=O)OC(C)C,-4.6271
Nc1ccc(cc1)/N=N/c1ccccc1,-5.8539
CN1CCCCC1,1.2869
ClC(Cl)(Cl)Br,1.5911
Nc1ccc(N)c2c1C(=O)c1ccccc1C2=O,-9.699
CCCCCCOCCOCCO,-2.9281
CCOC(=O)OCC,1.0334
COc1[n]c(NCC)[n]c(NC(C)CC)[n]1,-5.1367
OC(=O)CCCC(O)=O,-5.5414
Clc1ccccc1-c1ccccc1,-2.8601
C=Cc1ccccc1Cl,-0.0173
CCCCOCC,1.7126
COC(=O)c1ccccc1N,-1.567
CCCC(C)C(C)(C)C,1.0578
CC(=C)C#N,1.8525
Oc1cc(O)ccc1,-3.3107
OCC#CCO,-3.2549
CNC(=O)CSP(=S)(OC)OC,-4.727
Clc1cc(Oc2ccccc2)c(Cl)c(Cl)c1,-3.6556
CCOP(=S)(OCC)SCSP(=S)(OCC)OCC,-5.8239
CC1=NN(c2cc(CC(Cl)C(=O)OCC)c(Cl)cc2F)C(=O)N1C(F)F,-6.9208
CCCC(C)=C,2.29
CCOC(=O)CN1C(=O)Sc2cccc(Cl)c12,-5.556
CC(C)=CCCC(C)(O)C=C,-0.7959
CC(C)(C)C(O)(C[n]1c[n]c[n]1)CCc1ccc(Cl)cc1,-7.8928
CCC(C)CCC,1.7889
C[N+]([O-])=O,1.5544
CCC(=O)OC(C)C,1.3528
O=CNc1ccccc1,-2.4471
CC1(C)CCCC1,1.882
CCCCC(C)(C)O,0.3168
CCS(=O)(=O)c1ccc[n]c1S(=O)(=O)NC(=O)Nc1[n]c(cc([n]1)OC)OC,-7.9469
Clc1ccc(cc1Cl)Oc1ccccc1,-3.1851
OC(=O)c1ccccc1Cl,-3.1805
CN1CC[C@@]23[C@H]4Oc5c2c(C[C@@H]1[C@@H]3C=C[C@@H]4OC(C)=O)ccc5OC(C)=O,-9.1198
CCOC(=O)CCCCCC(=O)OCC,-2.5086
CCOC(=O)C=Cc1ccccc1,-2.4855
C1C=CC=CC=CC=1,0.8921
C=CCNCC=C,1.3054
CC[C@H](O)CCC,0.6821
Cc1cc(C)[n]c(C)c1,0.2981
O=C1OCc2c1c(Cl)c(Cl)c(Cl)c2Cl,-7.6478
Cc1ccc(C=O)cc1,-0.6021
[O-][N+](=O)C([N+]([O-])=O)([N+]([O-])=O)[N+]([O-])=O,0.9253
Fc1ccccc1F,1.7275
Clc1cc2c(cc1)c(Cl)cc(Cl)c2Cl,-5.0706
CCCCCCCO,-0.6651
Clc1cc2c(c(Cl)c1Cl)c(Cl)ccc2Cl,-6.0
Cc1c2ccccc2cc2ccccc21,-4.3979
COP(=O)(O/C(=C\Cl)/c1ccc(Cl)cc1Cl)OC,-5.011
CCCCCCCCc1ccccc1,-1.9462
N#CCC#N,-0.6981
OC(=O)c1ccc[nH]1,-5.6472
ClCCCl,1.8971
Cc1cc(ccc1)C(O)=O,-3.6264
CCCCCCCCCCCCCCCCCCO,-5.5686
OCC(O)CCl,-0.699
CC[N+]([O-])=O,1.3189
"CC(C)(C)[C@@H](O)[C@@H](Cc1ccc(Cl)cc1)[n]1c[n]c[n]1 |o1:4,6|",-8.1249
COC(=O)CCCC(=O)OC,-0.7447
[C-]#[N+]c1ccccc1,0.3806
CC(C)CNCC(C)C,0.8615
CC(C)=C(C)C(C)C,1.352
CCOC(=O)CCCC(=O)OCC,-0.7932
CCO[Si](C)(C)C,2.0599
CCOP(=O)(Sc1ccccc1)Sc1ccccc1,-6.5686
CC1NC(=O)N(C(C)CC)C(=O)C=1Br,-6.5129
Cc1c(cccc1N=C=O)N=C=O,-1.6799
OCCNc1cccc2C(=O)c3ccccc3C(=O)c21,-11.0
N#CC(=NOCC#N)c1ccccc1,-0.4572
c1ccccc1N=Nc1ccccc1,-3.4425
CCCCCCCCCC(=O)OC,-1.4318
CP(=O)(OCC)OCC,-1.8761
O=C(CCl)CCl,-0.202
CC(C)OC(=O)Nc1cc(OCC)c(cc1)OCC,-4.2007
CCCCC(C)Br,0.8596
FC(Cl)C(F)(F)F,3.4606
CCCCCCCCCCCCCCCCCCCC(=O)OCC,-7.7165
CCOC,3.1732
CC(C)(OC)OC,2.0079
C1CCCc2ccccc21,-0.4342
O=Cc1ccccc1,0.1038
CCOCOCC,1.5327
COc1c(O)cc(Cl)c(Cl)c1Cl,-3.0458
CCC=CBr,1.8854
O=C(Br)c1ccccc1,-0.6536
O[C@H]1[C@@H]2OC[C@@H](O2)[C@@H](O)[C@@H]1O,-7.1249
CCN(CC)CC,1.7564
Clc1c2ccccc2c(Cl)c(Cl)c1Cl,-5.5376
CC1CCCCC1,1.6628
FC(F)(F)COCC(F)(F)F,2.1931
Clc1cc2c(c(Cl)c1Cl)c(Cl)c(Cl)cc2Cl,-6.4559
CC1=CCCC(C)(C)C1/C=C/C(C)=O,-1.762
OCC(F)(F)F,1.8529
CC(C)=C[C@@H]1[C@@H](C(=O)OCN2C(=O)CN(CC#C)C2=O)C1(C)C,-7.8697
CCCCF,2.7619
COP(=S)(Oc1cc([n]c(CC)[n]1)OCC)OC,-4.0969
O=C(Oc1ccccc1)c1ccccc1,-2.7696
COc1cc(CC=C)ccc1O,-1.6455
Clc1ccc(cc1Cl)-c1cc(Cl)c(Cl)cc1,-4.7849
CC(=C)CCl,2.0073
CCCCCCCC#C,0.7966
C/C(=N/Nc1[n]c(C)cc(C)[n]1)/c1ccccc1C,-7.5114
Ic1cc2Oc3ccccc3Oc2cc1,-4.5017
CCCC(C)O,0.786
CC#CCCCCC,0.875
C=Cc1ccc(Br)cc1,-0.1085
C1CN2CCN1CC2,-0.1296
Nc1ccc(cc1)[N+]([O-])=O,-5.4949
CCC(C)C=C,2.4298
ClCC1CO1,1.2159
COc1ccc(cc1NNC(=O)OC(C)C)-c1ccccc1,-7.1249
CS,3.1787
Clc1cc2Oc3c(Oc2cc1Cl)c(Cl)c(Cl)c(Cl)c3Cl,-10.4168
CC(=C)C=O,2.1903
OCC1CCCO1,-0.0964
CC1(C)CCC(Cc2ccc(Cl)cc2)C1(O)C[n]1c[n]c[n]1,-7.0348
Clc1cc(Cl)c(Cl)c2Oc3cc(Cl)c(Cl)cc3Oc12,-9.2328
CCCCCCCCCCCC#N,-2.6276
CCCCCCCCCCCCCCCCO,-5.2218
O=P(c1ccccc1)(c1ccccc1)c1ccccc1,-8.585
C[Si](C)(C)Cl,2.3686
ClCOCCl,1.4683
C1CCc2ccccc21,0.1664
Clc1c(Cl)c(Cl)cc(Cl)c1Cl,-2.9957
N#CC1SC2=C(SC=1C#N)C(=O)c1ccccc1C2=O,-10.6925
O=C(Nc1ccc(CO/N=C(\C2CC2)/c2ccc(Cl)cc2)cc1)NC(=O)c1c(F)cccc1F,-9.3925
CCCCCCOC(=O)c1ccccc1C(=O)OCCCCCC,-4.8539
Cc1c[nH]c2ccccc21,-2.2561
c1cc2cccc3ccc4cccc1c4c32,-5.3468
COP(=S)(Oc1ccc(cc1)C#N)OC,-3.1035
CC(C)[n]1[n]c([n]c1Cl)OP(=S)(OCC)OCC,-4.0605
CC=CC(O)=O,-0.542
CCC(C)S,1.9069
CC(C)=CCCC(C)(C=C)OC(C)=O,-0.9547
CCC1CCCC1,1.6001
ON=C1CCCCC1,-1.5528
CCCCOC(=O)c1ccccc1C(=O)OCc1ccccc1,-5.0835
CC(C)CC(C)C,1.8998
CCCCCCCCOC(=O)C=C,-0.9935
CCCC(=O)OC(=O)CCC,-0.5482
C=CCOC(=O)OCC=C,-0.9914
CCOP(=O)(Oc1ccc(cc1)[N+]([O-])=O)OCC,-5.9586
BrCCc1ccccc1,-0.6117
O=C(Cl)CCCC(=O)Cl,-0.9318
CC(C)(C)C(C)(C)C,1.3192
CCCCCCCCI,-0.6024
ClC(Cl)(CCl)CCl,0.4837
CC(=O)CF,1.8018
CCC[N+]([O-])=O,1.0043
CNCCO,0.0346
OCCOc1ccccc1,-2.1549
CCC(Cl)CCl,1.3198
CC(OCC)OCC,1.4409
CCCCCCCCCc1ccc(O)cc1,-3.0875
O=C1c2ccccc2C(=O)N1SC(Cl)(Cl)Cl,-6.8041
Fc1ccc(F)c(F)c1F,1.6949
OC(CO)CO,-3.7747
CCCCCCCCS,-0.3721
CCCCCCCCCCCCC/C=C\CCCCCCCC,-4.4522
CC(C)C1CC=C(C)C=C1,0.1471
COc1ccc(cc1)C(O)(C1CC1)c1c[n]c[n]c1,-6.699
CCOCCOCCOC(C)=O,-1.0048
Cc1cc2ccccc2c(C)c1,-1.6345
CCC(N)=O,-1.4225
OCC(Br)CBr,-1.0372
Cc1cc2ccc(C)[n]c2cc1,-2.3625
Cc1cccc(c1C)[N+]([O-])=O,-0.4449
Cc1ccccc1C=C,0.2676
[O-][N+](=O)C(Cl)(Cl)Cl,1.3766
C(Oc1ccccc1)c1ccccc1,-2.2005
ClC(Cl)(Br)CBr,-0.0458
CCCC(C)=CC,1.7031
O=C1C=Cc2ccccc2O1,-3.0088
Brc1cc2Oc3cc(Br)c(Br)cc3Oc2cc1Br,-8.3188
CCCCCCCCCCCCCCCCCCCCCCCCCCCC,-8.7959
CCCCOC(=O)c1ccccc1,-2.0
CC(OP(C)(=O)F)C(C)(C)C,-0.3979
Cc1c[n]ccc1C,0.092
COC(=O)c1ccccc1C(=O)OC,-2.5114
CCCc1ccc(O)cc1,-1.426
OC(=O)CCCCCCCCC(O)=O,-7.2557
Clc1cc(ccc1Cl)-c1ccccc1Cl,-3.9872
N#CCC=CCC#N,-2.1586
C1CCCCC1NC1CCCCC1,-1.4711
CC(C)(C)C(CC)CC,1.0538
CCC/C=C/CCC,1.2514
Fc1c(F)c(F)c(Cl)c(F)c1F,1.2502
C/C(=N\OC(=O)NC)/C(C)S(C)(=O)=O,-5.699
CC(O)C(C)O,-0.677049999999999
Oc1ccc(C=O)cc1,-3.9481
C=CC#N,2.0354
O=C(Nc1cc(Cl)c(OC(F)(F)C(F)F)c(Cl)c1)NC(=O)c1c(F)cccc1F,-6.3536
CC(C)=CC(=O)C=C(C)C,-0.5575
CC(CC)(CC)CC,1.3617
CC(C)C(C)CC(C)C,1.0699
O=C(c1ccccc1)c1ccccc1,-2.7144
SC1CCCCC1,0.5982
COCC(F)F,2.4771
c1ccc[s]1,1.9013
Fc1c(F)c(F)c(Br)c(F)c1F,0.9033
CNOC,2.5786
C1CCCC2CCCCC21,0.114499999999999
Clc1ccccc1,1.0781
CC(C)(C#N)C#N,0.1602
C1OCCO1,1.8976
CN(C)C=O,0.5877
CC1(C)[C@H]([C@H]1/C=C(\Cl)/C(F)(F)F)C(=O)O[C@H](C#N)c1cccc(c1)Oc1ccccc1,-8.4744
[O-][N+](=O)c1ccccc1[N+]([O-])=O,-4.342
SCc1ccccc1,-0.384
CCC(C)C(C)=C,1.9088
CO,2.1038
CC(C)OC(=O)CCl,0.6131
CC(C)O,1.6572
CC=CCCl,1.8388
NC=O,-1.2147
BrCCBr,1.0492
CC(=O)c1ccc(CC)cc1,-0.0389
CC(=O)OCC=C,1.4346
CNC(=O)Oc1ccccc1C(C)C,-4.6778
Brc1cc(Br)ccc1Oc1ccc(Br)cc1,-6.1739
CCCCOCCOCCOCCO,-2.6021
C/C(=C\C(=O)NC)/OP(=O)(OC)OC,-5.6615
CC(CCC#N)C#N,-2.2924
COC(C)=O,2.3349
CC(Br)CBr,0.8944
CC(C)(C)c1cc2cc3ccccc3cc2cc1,-6.1898
CC(C)C=CC(C)C,1.6379
CC(O)CO,-0.8894
Cc1[n]c[n]c(NC(CC)c2ccc(cc2)OC(F)F)c1Cl,-5.618
CC(Oc1ccc(cc1)Oc1c[n]c2cc(Cl)ccc2[n]1)C(=O)OCC1CCCO1,-7.2269
CC(C)CCO,0.3747
COC(=O)CCCCC(=O)OC,-1.2191
CCCCCCCCCCCC(=O)OC(C)C,-2.5719
ClC1(Cl)C2(Cl)C3C(C(Cl)OC3Cl)C1(Cl)C(Cl)=C2Cl,-5.5346
CC(C)CCCCCCCOC(=O)c1ccccc1C(=O)OCCCCCCCC(C)C,-6.2777
Clc1cc(Cl)c2cc(Cl)c(Cl)c(Cl)c2c1,-5.6778
CCCCCCC(=O)OCC,-0.1675
Cc1ccc(C)c(O)c1C,-1.4597
CC(C)(C)c1ccccc1O,-1.0458
C=C(F)F,4.4771
CCCCCCCCCC(O)=O,-3.4364
CCCCOC(=O)/C=C\C(=O)OCCCC,-3.2055
C1CCCCCCCCC1,-0.2516
CCSC(=O)N(CCC)CCC,-1.6198
Cc1ccc(CC)c[n]1,0.1553
FC(F)(Cl)Br,3.3149
Clc1ccc(cc1)Oc1c(Cl)cccc1Cl,-3.6556
CCCCC(C)CC,1.2923
CCCSC(=O)N(CCC)CCC,-1.983
CC(C)=CC(=O)Oc1c(cc(cc1[N+]([O-])=O)[N+]([O-])=O)C(C)CC,-6.5003
CC[As],2.699
Cc1cccc2ccccc21,-1.1739
Oc1cc(Cl)ccc1,-0.9024
Cc1ccccc1O,-0.5243
Clc1ccccc1-c1ccccc1Cl,-2.5607
O=C(Nc1ccccc1)Nc1c[n][n][s]1,-10.6383
CC(C)(C)C(O)C(Oc1ccc(Cl)cc1)[n]1c[n]c[n]1,-9.5086
Cc1[n]c(NCC)[n]c(OS(=O)(=O)N(C)C)c1CCCC,-6.1249
CC(=C)c1ccc(cc1)C(C)(C)N=C=O,-2.3307
OC(=O)c1ccccc1C(O)=O,-6.1963
Cc1cc(ccc1)Nc1ccccc1,-3.8268
FC(F)(F)C(F)(F)C(F)(F)C(F)(F)C(F)(F)C(F)(F)F,2.3382
CC(O)CCO,-1.6968
Brc1c(-c2c(Br)c(Br)c(Br)c(Br)c2Br)c(Br)c(Br)c(Br)c1Br,-9.4007
Clc1cc(ccc1)-c1ccccc1,-2.134
Oc1ccc2ccc3cccc4ccc1c2c34,-8.3161
Nc1cccc2[n]cccc21,-4.767
CCCCC(CC)C=O,0.2553
"ClC1(Cl)[C@@]2(Cl)[C@@H]3[C@@H]4C[C@@H]([C@H]5O[C@H]54)[C@@H]3[C@]1(Cl)C(Cl)=C2Cl |o1:3,5,6,8,9,11,12,13|",-5.3764
O=C(Cc1ccccc1)Cc1ccccc1,-3.1316
COC(=O)C(Cl)Cl,0.6537
CCCCCCCCCCCCCCCCCCCCCCC,-4.76
Clc1ccc(cc1)/N=N/c1ccccc1,-5.699
CC[C@H](C)CC=C,1.8665
OC(C[n]1c[n]c[n]1)(c1ccccc1F)c1ccc(F)cc1,-10.2733
CC(C)CN,2.1399
CC(C)(C)C(=O)C(Oc1ccc(Cl)cc1)[n]1c[n]c[n]1,-7.8239
CCCCCCCCCCCCCCCCCCCCCCCCCCCCCCC,-10.8539
CC(C)(C)C(O)=O,-0.301
FC(F)CC(F)(F)F,3.0512
O=CNC(N1CCN(CC1)C(NC=O)C(Cl)(Cl)Cl)C(Cl)(Cl)Cl,-6.699
Cc1cc(N)ccc1C,-1.5544
FCCF,2.7897
O=C(Cl)C(Cl)Cl,1.3621
CCCCC=C,2.2648
[O-][N+](=O)c1ccc(cc1O)[N+]([O-])=O,-3.9136
CCCCCCCCCCCCCC(=O)OC(C)C,-4.0292
Cc1cc2ccc[n]c2cc1,-2.1931
CCCCCCCCCCCCCCCCCC(=O)OC,-4.8681
OCCCCCCO,-3.301
CCc1cccc(CC)c1N,-2.4168
Oc1ccccc1C=O,-0.2269
CCCCCl,2.0056
ClC(Cl)C(c1ccc(Cl)cc1)c1ccc(Cl)cc1,-5.8697
Clc1ccc(cc1)-c1ccccc1Cl,-2.6792
ClC(Cl)(Cl)c1ccccc1,-0.3833
CCCCOC(=O)CC,0.6451
C=CC[Si](Cl)(Cl)CC=C,0.445
CC(C)(C)c1ccc(cc1)OC1CCCCC1OS(=O)OCC#C,-6.5229
Cc1ccccc1CC,0.4166
FC(F)OCC(F)F,2.356
OCCCO,-1.3556
O=CCc1ccccc1,-0.4067
CC(Cl)c1ccccc1,-0.1871
CC(CCC)CCCC,0.8345
CC(=C)C=C,2.7404
O=CC(Cl)Cl,1.7435
COc1ccc(Br)cc1,-0.6919
Clc1cc(Cl)c(cc1)Oc1ccccc1Cl,-3.7258
O=C1CCCCC1,0.6365
CC(CC=O)CC(C)(C)C,-1.0969
CC(C)COC(=O)C=C,0.9069
Cc1ccccc1C(=O)Nc1cc(ccc1)OC(C)C,-6.3768
OCc1ccccc1,-1.0269
Cc1cc(Cl)ccc1N=CN(C)C,-3.0348
C=CC=C,3.3237
CC1(C)CON(Cc2ccccc2Cl)C1=O,-3.8416
Oc1ccccc1,-0.4559
c1c[n]ccc1-c1cc[n]cc1,-4.2549
CCCCOCN(C(=O)CCl)c1c(CC)cccc1CC,-5.5376
CNc1ccc(NC)c2c1C(=O)c1ccccc1C2=O,-10.699
CC(C)COC=C,1.7745
OC(c1ccccc1Cl)(c1ccc(Cl)cc1)c1c[n]c[n]c1,-6.6478
OCCF,1.3284
CCC=C=C,2.5661
Oc1ccc(O)c2c1C(=O)c1ccccc1C2=O,-7.6142
CCC(CC)C=C,1.911
CC1CNC(C)CN1,0.4225
CCCCCCCCCCCF,-0.6819
CC(F)F,3.658
COCc1ccccc1,0.2201
Cc1cc(cc(c1O)[N+]([O-])=O)[N+]([O-])=O,-3.9208
Clc1cc(Cl)c(Cl)c2Oc3ccccc3Oc12,-6.1249
C1C=CC=C1,2.6385
Brc1ccc(Br)cc1,-1.2403
Brc1c[s]cc1,1.2213
CCCCCCCCCCCCCCCCCCCCBr,-6.0832
CC1=C(C)S(=O)(=O)CCS1(=O)=O,-6.4168
CC(C)N,2.7631
Fc1cc(F)ccc1,1.9178
CCOC(=O)C(SP(=S)(OC)OC)c1ccccc1,-5.585
CS(=O)(=O)N(C)S(=O)(=O)NC(O)=Nc1[n]c(cc([n]1)OC)OC,-6.7825
C1OC1c1ccccc1,-0.5229
BrCc1ccccc1,-0.3468
CC(C)Cc1c(C2=NCCS2)c([n]c(C(F)F)c1C(=O)OC)C(F)(F)F,-5.6478
Cc1cc(C)c(c(C)c1)S(=O)(=O)c1[n][n](c[n]1)C(=O)N(CC)CC,-10.6498
COc1cc([n]c(N=C(O)NS(=O)(=O)c2c(Cl)[n]c3cccc[n]32)[n]1)OC,-9.4711
COC(=O)c1cc(ccc1[N+]([O-])=O)Oc1ccc(cc1Cl)C(F)(F)F,-7.1249
CCCNCCC,1.3027
CC(C)SC(C)C,1.2843
C/C(=C\C)/C(O)=O,-0.8748
c1ccccc1Nc1ccccc1,-3.1739
Cc1ccc(Cl)cc1,0.4298
CC(=C)CN(CC)c1c(cc(cc1[N+]([O-])=O)C(F)(F)F)[N+]([O-])=O,-4.0565
CC(C)CCC(C)O,0.3073
CCCCCCCC=O,0.0719
CCI,2.1327
CC(C)=C1CC[C@@H](C)CC1=O,-0.9101
Clc1cc(Cl)c(cc1)-c1ccccc1,-2.8601
CC1(C)CNC(NC1)=NN=C(/C=C/c1ccc(cc1)C(F)(F)F)/C=C/c1ccc(cc1)C(F)(F)F,-7.6925
CCCC(=O)OCCCC,0.2577
Cc1cccc2c3ccccc3ccc21,-4.8239
CC(C)c1ccccc1-c1ccccc1,-3.301
CCCCCCCCCCCCCCCCCCI,-5.7178
C=C1CCCCC1,1.6046
CC(CO)c1ccccc1,-1.7212
C=CC1CC=CCC1,1.1962
CC(CC1CC(O)=C(C(=O)C1)C(CCC)=NOCC)SCC,-6.7959
c1ccccc1C#Cc1ccccc1,-2.6421
O=C(c1ccccc1)C(=O)c1ccccc1,-3.684
Clc1ccc(Cl)cc1-c1ccc(Cl)cc1,-3.3979
Nc1ccc(cc1)N=Nc1ccc(cc1)[N+]([O-])=O,-9.5229
CCCCC(C)=O,1.0645
C[n]1:c:[n]:c(N):c2:[n]:c:[n]:c:1-2,-8.9208
CCCCC(C)=C,1.7848
CCOc1[n]c([n][s]1)C(Cl)(Cl)Cl,-4.0
CCC(O)=O,0.5478
CC(C)CS,1.8438
ClCCOCOCCCl,-0.8794
CCOc1cc(C=O)ccc1O,-4.9842
CC(C)c1ccc(cc1)C(C)C,-0.6091
c1ccc2c3c(cccc31)-c1ccccc1-2,-5.0353
CCCCCCCCCO,-1.644
Cc1ccc(CCC)cc1,0.043
C=CCCC=C,2.3441
FC(Cl)(Cl)C(F)(Cl)Cl,1.7033
CCCCC(COC(C)=O)CC,-0.6383
Clc1cccc(-c2cccc(Cl)c2Cl)c1Cl,-4.1337
C1Cc2ccccc2-c2ccccc21,-3.2218
C1CCCO1,2.2101
CCCCC#N,0.8633
O=C1C2(Cl)C3(Cl)C4(Cl)C2(Cl)C2(Cl)C(Cl)(C3(Cl)C21Cl)C4(Cl)Cl,-6.6478
CCC(C)=CC,2.1959
Cc1cc2cc3ccccc3cc2cc1,-5.2725
CC1(C)C2CC(CC2)C1=C,0.3988
Cc1ccc(O)cc1,-0.9586
[O-][N+](=O)N1CN(CN(C1)[N+]([O-])=O)[N+]([O-])=O,-8.3872
[O-][N+](=O)c1cccc(c1)C=O,-2.1398
CCCS,2.1881
COP(=O)OC,0.6551
Clc1cc2c(oc3c2c(Cl)c(Cl)c(Cl)c3Cl)c(Cl)c1Cl,-10.4522
[O-][N+](=O)c1cc(ccc1Nc1ccccc1)[N+]([O-])=O,-8.5229
Oc1ccccc1-c1ccccc1,-2.699
CN(C)C(=O)Nc1cc(ccc1)C(F)(F)F,-6.0278
Cc1c(C)c(C)cc(C)c1C,-1.4584
O=C1C(Cl)=C(Cl)C=NN1c1ccccc1,-4.0458
OC(=O)C(Cl)(Cl)Cl,-1.2218
Fc1ccc(F)cc1,1.8076
CCCCCCCCCCCCCCCC(=O)OCC,-4.6308
CCCC(Cl)Cl,1.3585
CC(=O)OO[N+]([O-])=O,1.4658
CC(=O)CC(C)(C)O,0.233
CC1CCCCC1NC(=O)Nc1ccccc1,-8.3979
CCCCCCCCCCCCCCCO,-4.4142
CCC(CC)C(O)=O,-0.7258
CCCCCCCCC=O,-0.4318
OC(=O)COc1ccc(Cl)cc1CO,-6.1759
[O-][N+](=O)OC(CO[N+]([O-])=O)CO[N+]([O-])=O,-3.3979
CCCCCO,0.3424
OC(=O)CC(O)=O,-2.8239
O=C(Oc1ccccc1)Oc1ccccc1,-3.8239
COC(=O)c1ccccc1CS(=O)(=O)NC(=O)Nc1[n]c(cc([n]1)OC)OC,-13.6778
OCCOCCO,-2.2441
CC1CCC1,3.1708
Clc1cc(Cl)c(cc1)Oc1ccccc1,-3.0362
Oc1ccc(Cl)cc1,-1.0506
Cc1ccc(cc1)C#N,-0.5038
C=Cc1cccc[n]1,0.444
CN(C)N=O,0.4314
CC(C)C(C)(C)O,0.5051
C[C@@H]1CCCCN1,1.2857
C1C=CC2C3CC(C=C3)C21,0.3606
Cc1cc(O)c(C)cc1,-0.8069
C#Cc1ccccc1,0.3139
CC(=O)OCc1ccccc1,-0.752
CCC[Si](Cl)(Cl)Cl,1.4594
O=C(Nc1ccc(Cl)cc1)NC(=O)c1c(F)cccc1F,-9.0458
NCCC#N,-0.0655
O=C(Cl)CCl,1.4014
CCCCCCCCC,0.6484
CC(C1CC1)C(O)(C[n]1c[n]c[n]1)c1ccc(Cl)cc1,-6.5867
CCCCCCCCCCCCCC,-1.9355
CC(=O)OC1CCCCC1,1.0334
NCCOCCO,-2.8125
BrCBr,1.6474
C#CCO,1.1931
C=CCN=C=S,0.568
NC#N,-2.426
c1ccccc1N(c1ccccc1)c1ccccc1,-3.4066
ClC(Cl)=C(Cl)Cl,1.2672
CCOC(=O)/C=C\C(=O)OCC,-0.9788
CCc1ccccc1CC,0.0212
CCCOC(=O)C(C)C,0.9241
CCCCCCBr,0.5906
OCCNc1ccccc1,-2.6562
O=C[C@@H]1C[C@@H]2[C@@H]3[C@H]1[C@]1(Cl)[C@]4(Cl)[C@H]2[C@]4(Cl)[C@@]3(Cl)C1(Cl)Cl,-6.699
CC(C)C(C)CCC,1.3692
OC(=O)CNCP(O)(O)=O,-7.0088
O=C1C2CC=CCC2C(=O)N1SC(Cl)(Cl)Cl,-7.0458
COC(=O)Nc1[nH]c2ccccc2[n]1,-9.1249
CC(C)C=C,2.9555
CCN(CC)C=O,0.0821
CN(C)c1ccc(cc1)N=Nc1ccc(cc1)[N+]([O-])=O,-10.0
CC(O)CC(C)(C)O,-1.8861
CCCC(C)CO,0.2833
CC(C)C(C)C,2.3711
Cc1ccc(CC)cc1,0.4771
Cc1ccc(Br)cc1,0.0607
C(NCc1ccccc1)c1ccccc1,-3.1016
NC1C=NN(C(=O)C=1Cl)c1ccccc1,-6.3468
COP(=S)(Oc1cc(Cl)c(I)cc1Cl)OC,-6.0835
CC1CCC(CC=1)C(C)(C)O,-1.3737
C1CS1,2.3979
CCF,3.8352
C[Si](C)(Cl)Cl,2.1593
CCCCCCCCCCI,-1.8539
c1ccccc1Sc1ccccc1,-2.1226
FCOC(F)(F)C(F)F,2.3729
CCCCCOC(=O)CC,0.5563
CCOC(=O)CCl,0.6874
Cc1[n]c(C)c[s]1,0.7058
C(c1ccccc1)c1ccccc1,-2.0857
OCCSCCO,-2.4908
CC(C)(C)C1=NN(C(=O)O1)c1cc(OCC#C)c(Cl)cc1Cl,-7.7258
Brc1c2Oc3c(Oc2c(Br)c(Br)c1Br)c(Br)c(Br)c(Br)c3Br,-12.5114
Cc1cc(C=C)ccc1,0.2307
CC1(C)OCC(CO)O1,2.0307
CCCS(=O)(=O)CCC,-2.3853
ClCCSCCCl,-0.9586
CCCCCCCCCCCC=C,-1.1955
CCCSC,1.706
C1CSCCS1,-0.0969
CCCC(O)CCC,-0.0048
C=C(c1ccccc1)c1ccccc1,-1.8827
OC(=O)CBr,-0.9263
C1OC1C1CO1,1.5911
C1CCCCS1,0.8954
CCCC(=O)c1c(C)cc(C)c(C2CC(=O)C(=C(O)C2)C(CC)=NOCC)c1C,-8.1249
Clc1cc2oc3c(ccc(Cl)c3Cl)c2c(Cl)c1Cl,-8.6478
CNC(=O)O/N=C/C(C)(C)S(C)=O,-4.0
CC(C)CCBr,1.5393
C[Si](C)(C)C,2.856
CCC1CO1,2.2553
Cc1ccc(C(C)C)c(O)c1,-2.6576
CCCCCCCC,1.1477
CN(C)CCCN,1.0
O=C=Nc1ccccc1,0.4099
C[Si](C)(C)O[Si](C)(C)O[Si](C)(C)O[Si](C)(C)O[Si](C)(C)O[Si](C)(C)O[Si](C)(C)C,-2.4962
CCOP(=S)(Oc1c[n]cc[n]1)OCC,-2.5229
CC(=C)c1ccccc1,0.2788
O=C(OC(=O)C(Cl)(Cl)Cl)C(Cl)(Cl)Cl,-0.9076
CCCCCCCCCCCCCc1ccccc1,-4.8962
CCP(=S)(Oc1cc(Cl)c(Cl)cc1Cl)OCC,-4.8239
CCCCCCCCCCCCCC1CCCCC1,-5.0384
CCCCN(CC)c1c(cc(cc1[N+]([O-])=O)C(F)(F)F)[N+]([O-])=O,-4.1851
CCCCCCN,0.9538
Brc1cccc2ccccc21,-2.0119
Clc1cc(Cl)c(Cl)cc1Cl,-2.2676
Clc1ccc(Cl)[s]1,0.9337
FC(F)(F)c1ccccc1,1.5892
O=C1OCc2ccccc21,-2.699
CC(C)C1CCC(Cc2ccc(Cl)cc2)C1(O)C[n]1c[n]c[n]1,-7.4023
ClC(Cl)=C(Cl)C(Cl)(Cl)Cl,-0.6126
NC(=O)C(O)=O,-6.3333
CON(C)C(=O)Nc1ccc(Br)c(Cl)c1,-6.4012
Nc1[n]c(NC2CC2)[n]c(N)[n]1,-8.4737
COC(F)(F)C(F)(F)F,3.2122
CC(C)OP(=O)(OC(C)C)SCc1ccccc1,-4.3925
BrC=CBr,1.4914
CCOC(=O)[C@H](C)Cl,0.5569
FC(F)=C(F)F,4.3899
CC(Cl)C(Cl)Cl,0.4911
Cc1cc(O)ccc1,-0.9586
Cc1ccccc1C(C)C,0.1761
CCCCC(COC(=O)COc1cc(Cl)c(Cl)cc1Cl)CC,-5.9208
CCCCCC(C)=C,1.3045
CC1(C)OC2(C)CCC1CC2,0.2788
c1ccccc1[As](c1ccccc1)c1ccccc1,-4.3044
CC(C)(C)[N+]([O-])=O,1.0792
CC(C)(N=C=O)c1ccc(cc1)C(C)(C)N=C=O,-3.1203
CNC(=O)N(C)c1[n]c2ccccc2[s]1,-6.9469
CCOc1ccc(cc1)[Si](C)(C)CCCc1ccc(F)c(c1)Oc1ccccc1,-7.7258
CC(O)C(O)=O,-1.0899
CCCCCCCCCCCCCCCCCCCCCCCCCC,-6.3287
C1c2c3ccccc3ccc2-c2ccccc21,-6.6144
CCC=CC=C,2.1121
ClC/C=C/CCl,0.5737
CCN(CCO)c1ccc(cc1)N=Nc1ccc(cc1)[N+]([O-])=O,-13.3979
CCCC=C(CC)C=O,0.1069
CC(CCO)CCC=C(C)C,-1.356
CC1CC(C)(C)CC(=O)C=1,-0.3585
ICI,0.0792
FC(F)(F)Cl,4.3306
CCCOC(=O)Cl,1.301
CCCO,1.322
CC(C)(C#N)/N=N/C(C)(C)C#N,-2.1739
C1OCOCO1,1.2435
ClC1(C(Cl)=C(Cl)C(Cl)=C1Cl)C1(Cl)C(Cl)=C(Cl)C(Cl)=C1Cl,-5.6615
Cc1cc(C)c(cc1)N=C1SC=CN1C,-4.7447
CCN(CC)c1ccc(cc1)/N=N/c1ccccc1,-7.0733
FC(Cl)=C(F)Cl,2.9496
CCOC(=O)CCCCC(=O)OCC,-1.2388
CCCCCCCCCCCBr,-1.9165
CCCCc1ccccc1,0.027
COC(=O)C(=O)OC,0.0584
NC1=C(Cl)C(=O)c2ccccc2C1=O,-6.3468
COc1cccc(OC)c1C(O)=O,-6.7212
CC(C)CC=C(C)C,1.3981
Clc1ccc(cc1)Oc1cc(Cl)c(Cl)cc1,-3.983
FC(Cl)C(F)(F)Cl,2.7924
COP(=O)(OC(Br)C(Cl)(Cl)Br)OC,-3.699
FC(F)(F)/N=C1\C(=N\C(F)(F)F)\S/C(=N\c2ccccc2)/N\1c1ccccc1,-5.0
CCCCCOCCCCC,-0.067
CCC(C)CS,1.3017
CCCN(CCC)c1c(cc(cc1[N+]([O-])=O)C(F)(F)F)[N+]([O-])=O,-4.3391
CC1CCCCC=1,1.48865
Brc1c[n]ccc1,0.2438
NCCN,1.0792
C=C[Si](Cl)(Cl)Cl,1.8186
C=CCOC(C[n]1c[n]cc1)c1ccc(Cl)cc1Cl,-5.9245
N#CC(Cl)(Cl)Cl,1.8699
CC(C)c1cc2ccccc2cc1,-2.2857
Fc1ccccc1C(F)(F)F,1.5848
CCCCCCCCCCCCCCC(=O)OC,-3.7883
C[Si]1(C)O[Si](C)(C)O[Si](C)(C)O[Si](C)(C)O[Si](C)(C)O[Si](C)(C)O[Si](C)(C)O[Si](C)(C)O1,-2.5391
CCC(C)OC(=O)Cl,1.0253
CC(=NOC(=O)NC)SC,-5.2676
CC(C)O[N+]([O-])=O,1.5328
CCOC(=O)C(Cl)(Cl)Cl,0.5808
CCCCSC,1.1932
Clc1cc2Oc3cc(Cl)c(Cl)cc3Oc2cc1Cl,-8.8239
ClCCOCCCl,0.1903
CN(C)S(=O)(=O)N(SC(F)(Cl)Cl)c1ccc(C)cc1,-5.8239
Clc1cc(Cl)ccc1-c1cc(Cl)ccc1Cl,-5.0716
CC(C)OC(=O)Cl,1.5682
Cc1ccccc1C(O)=O,-3.1824
FC(F)(F)F,5.243
Clc1cc2c(oc3cc(Cl)c(Cl)cc32)c(Cl)c1,-7.71
Cc1[n]c(NC(=O)NS(=O)(=O)c2ccccc2Cl)[n]c([n]1)OC,-10.6478
C[Se]C,2.3802
Cc1cccc(O)c1[N+]([O-])=O,-1.4295
Cc1c(c(NC(CC)CC)c(cc1C)[N+]([O-])=O)[N+]([O-])=O,-4.5229
CC(C)C(C)=O,1.7177
CC(C)(C)c1ccc(O)cc1,-1.4194
CC(C)Nc1[n]c(Cl)[n]c(NC(C)C)[n]1,-6.8827
CCCCC(COP(=O)OCC(CCCC)CC)CC,-4.2366
CCCCCCCCCCl,-0.5735
[O-][N+](=O)c1cc(ccc1Nc1ccc(O)cc1)[N+]([O-])=O,-11.3979
Nc1ccc(cc1)Nc1ccccc1,-4.9172
CCOC(=O)CC(=O)OCC,-0.5702
CCOP(=S)(O/N=C(\C#N)/c1ccccc1)OCC,-4.8013
CCCC(=O)CCC,0.7868
CS(=O)(=O)F,1.0374
CC(C)CC=C,2.434
CCCCCCCCCCCCF,-0.6819
CCN(CC)N=O,-0.0655
CC(O)=O,1.1967
CCCCNC1(CCCCC1)P(=O)(OCCCC)OCCCC,-3.1249
C1CO1,3.1186
CC(C)(C)OC(C)(C)C,1.5131
CNC(=O)CSP(=O)(OC)OC,-4.6055
C1CCCCC1C1CCCCC1,-0.9666
CC(Cl)Cl,2.3566
CCOC(OCC)OCC,0.5868
CS(C)=O,-0.2147
[O-][N+](=O)c1cc(ccc1Cl)[N+]([O-])=O,-4.0711
Oc1c(F)c(F)c(F)c(F)c1F,0.4639
CCCCCCCCCCCCCCCCCCCCCCCCC,-5.821
ClC=C[As](Cl)Cl,-0.2366
CN1C(=O)N(OC1=O)c1cc(Cl)c(Cl)cc1,-6.0
OCCCl,0.8561
O=P(OCC(Br)CBr)(OCC(Br)CBr)OCC(Br)CBr,-3.7212
CCCCCC(O)=O,-1.3615
C1CC=CCCC=C1,0.6948
c1cccc2c(c3ccccc3c(c21)-c1ccccc1)-c1ccccc1,-9.8447
O=C1CCCCCCC1,-0.3893
CC(C)(C)CCC(C)(C)C,0.9417
CCCOC(=O)CC(C)C,0.4133
Oc1cccc2ccc[n]c21,-2.7799
C/C(=C\c1ccccc1)/C(O)=O,-3.0405
CNC(=O)Oc1cc(C)c(SC)c(C)c1,-6.5686
Cc1[n]c([n]c(OC(=O)N(C)C)c1C)N(C)C,-5.1379
FC(F)(F)C(F)(Cl)Cl,3.2148
CC(C)Oc1cc(c(Cl)cc1Cl)N1N=C(OC1=O)C(C)(C)C,-6.9508
CC(Cl)Br,1.93
CC(C)CC1CCCCC1,0.6839
CCCC(CC)CC,1.3017
CC(Cl)=CCl,1.9578
O=Cc1cc2OCOc2cc1,-2.0
CCCCCCCCCCCCI,-1.8529
Cc1cc(C)ccc1,0.9186
Oc1cc(Cl)ccc1Cl,-1.2503
CN(C)P(=O)(F)N(C)C,-0.9586
CCNc1[n]c(NC(C)C)[n]c([n]1)SC,-5.5622
C(Cc1ccccc1)c1ccccc1,-2.138
Clc1cc(Cl)c(-c2c(Cl)cc(Cl)cc2Cl)c(Cl)c1,-4.9208
CC(C)OC(C)=O,1.7808
CCOC(=O)C(CC(=O)OCC)SP(=O)(OC)OC,-5.0088
CC(C)(C)NCCNC(C)(C)C,-0.5751
CCCCCCCCCCCCCCCCC,-3.6421
FCOC(C(F)(F)F)C(F)(F)F,2.2856
CC1NC(=O)N(C(=O)C=1Cl)C(C)(C)C,-6.3279
CN(C)P(=O)(OP(=O)(N(C)C)N(C)C)N(C)C,-3.0
NCCCCCCO,-2.6198
CC(C)(C)C(=O)OC(=O)C(C)(C)C,-0.3565
Cc1c(C)c(C)c(C)c(C)c1C,-3.0655
ClSC(Cl)(Cl)Cl,0.4771
CCc1ccc(C=C)cc1,-0.0246
CC(CC)(CC)c1cc(NC(=O)c2c(cccc2OC)OC)o[n]1,-8.384
CCCCCCS,0.6235
OC(=O)c1ccc(cc1)C(O)=O,-5.0362
CCC(=O)CC,1.5764
CCCCCCCCCCCCCCN,-3.0113
CC(C)C(C)CC,1.8382
Cc1ccc2cc3c(ccc4ccccc43)c3CCc1c32,-7.3665
CNC(=O)Oc1cc(cc(c1)C(C)(C)C)C(C)(C)C,-5.7033
CC[Si](Cl)(CC)CC,0.8304
CC(C)(C)C1CCCCC1,0.3676
COC=C,3.1193
CCCCC(C)(C)C,1.5315
CCOP(=S)(Oc1ccc(cc1)[N+]([O-])=O)c1ccccc1,-6.0223
Cc1cc(ccc1)OC(O)=NC,-2.9666
Cc1cc(F)ccc1,1.3383
CC(C)Br,2.3354
CCCCCNCCCCC,-0.8153
Oc1ccc(cc1)/N=N/c1ccccc1,-6.6364
CCOP(C)(=O)SCCN(C(C)C)C(C)C,-3.1549
CC(C)(C)CC(C)(C)S,0.716
Cl[As](Cl)c1ccccc1,-0.9469
C=C=C,3.7348
CC1(CC(=NN1c1ccc(Cl)cc1Cl)C(=O)OCC)C(=O)OCC,-7.3251
FC(F)(F)Br,4.0864
CCCCCC[C@H](C)S,-0.1475
CCSC(=O)N(CC(C)C)CC(C)C,-1.8861
Clc1c2Oc3c(Oc2c(Cl)c(Cl)c1Cl)c(Cl)c(Cl)c(Cl)c3Cl,-12.0835
CC(C)CCOC=O,1.1847
CC(C)S,2.4422
Cc1cc(ccc1O)C(C)(C)C,-1.5496
Cc1ccc2ccccc2[n]1,-2.0241
CCCCOCCOCCOC(C)=O,-1.3979
O=C1CCCCN1,-2.3585
C=COCCCl,1.4273
CC(C)c1cc(C(C)C)c(cc1C(C)C)C(C)C,-2.699
CCCCOC(=O)N(C)SN(C)C(=O)Oc1cccc2CC(C)(C)Oc12,-7.5331
Cc1cc(N)ccc1,-0.5186
COc1c(cccc1OC)C(O)=O,-5.7305
COCC(C)OC(C)=O,0.5934
CC(C)c1cc(ccc1)C(C)C,-0.4056
CC(CCO)CC(C)(C)C,-0.5229
Cc1cc(O)c(C)cc1C,-2.1681
[Na+].C[As]([O-])(O)=O,-7.1249
ClC(Cl)C(Cl)(Cl)Cl,0.5441
CC(C)(C)CO,1.2041
CC(C)CC(O)=O,-0.3565
CC#N,1.9484
C1CCCCO1,1.8545
Clc1cc(Cl)c(cc1)Oc1cc(Cl)ccc1,-3.7447
"C[C@@]12CC[C@@](C[C@@H]1OCc1ccccc1C)(O2)C(C)C |o1:1,4,6|",-4.1209
C=Cc1cc(ccc1)C=C,-0.2373
CCC(C(=O)OCCCC=C)N(Cc1ccco1)C(=O)[n]1c[n]cc1,-5.3134
CC(CC)C(C)CC,1.3365
C=CC(F)(F)F,3.6428
CCOC(=O)C(C)(C)Br,0.4171
Clc1cccc[n]1,0.3381
CS(=O)(=O)c1cc(c(c(c1)[N+]([O-])=O)N(CCC)CCC)[N+]([O-])=O,-8.0315
OCCOCCOCCO,-2.8794
[O-][N+](=O)c1cc(ccc1O)C=O,-3.0491
C1C[n+]2ccccc2-c2cccc[n+]21,-8.0
Clc1ccccc1Nc1[n]c(Cl)[n]c(Cl)[n]1,-8.2076
CCCCC/C=C\C/C=C\CCCCCCCC(O)=O,-6.0615
OC(C(=O)c1ccccc1)c1ccccc1,-5.2781
CCCCCCCCCCCC=O,-1.8153
Brc1cc(Br)c(cc1)Oc1ccc(Br)cc1Br,-7.1549
CP(=O)(F)OC1CCCCC1,-1.3565
O=C(Nc1cc(Cl)c(F)c(Cl)c1F)NC(=O)c1c(F)cccc1F,-11.2218
C[Si]1(C)O[Si](C)(C)O[Si](C)(C)O[Si](C)(C)O[Si](C)(C)O[Si](C)(C)O[Si](C)(C)O[Si](C)(C)O[Si](C)(C)O1,-4.752
CCc1ccccc1,0.9823
CCCCCI,0.6425
[O-][N+](=O)c1cccc2c1C(=O)c1ccccc1C2=O,-8.3979
COCC(C)OCC(C)OCC(C)O,-1.699
CCCCCCCF,1.2648
CSC1=NN=C(C(=O)N1N)C(C)(C)C,-6.3615
Cc1[n]c([n]c([n]1)OC)N(C)C(=O)NS(=O)(=O)c1ccccc1C(=O)OC,-9.4089
Nc1[n]c(N)[n]c(N)[n]1,-9.4449
Oc1cc(Cl)cc(Cl)c1,-2.0747
COCC(O)=O,-0.8386
CC(C)=C(C)C,2.1004
COCCOCCOC,0.4713
CC(O)CNCC(C)O,-3.9041
OC(c1ccccc1)c1ccccc1,-4.5638
CCCCC=O,1.415
COB(OC)OC,2.1349
CCCCCCCCCCCCCCCC(O)=O,-6.4202
Cl.CCCOC(=O)NCCCN(C)C,-6.5391
c1c2ccccc2cc2ccccc21,-5.1851
Clc1cc(Cl)c(cc1)-c1cc(Cl)c(Cl)cc1,-4.335
CC(C)=NOCCOC(=O)[C@@H](C)Oc1ccc(cc1)Oc1c[n]c2cc(Cl)ccc2[n]1,-11.4815
O=C=S,3.9737
Fc1c(F)c(F)c(F)c(F)c1F,1.9269
CC(C)(C)C(C)(C)CCC,0.5894
ClCc1ccccc1,0.0899
CC(=NOC)c1cccc(Oc2[n]c(cc([n]2)OC)OC)c1C(=O)OC,-6.6383
CCCOCCO,0.4937
CC(C)COCC(C)C,1.1868
CC(C)C(C(=O)OC(C#N)c1cc(ccc1)Oc1ccccc1)c1ccc(Cl)cc1,-8.8239
CCO,1.7728
CN(C)C(=O)Nc1ccccc1,-4.426
Cc1ccccc1I,-0.3444
CC(=O)CCl,1.0792
CC(=O)OCCOC(C)=O,-1.1113
CCCCCCC#C,1.1335
CC(C)N(C(C)C)C(=O)SCC(Cl)=C(Cl)Cl,-3.9208
CCSc1[n]c(NC(C)C)[n]c(NC(C)C)[n]1,-5.7959
CCSC1=NN=C(C(=O)N1N)C(C)(C)C,-5.1249
CCCCCCCCCCCCCCCCN,-3.8761
COC(C)C,2.7817
CCCC(C)C=C,1.916
CC(C)CC(C)(C)C,1.6928
C=C=O,4.0179
CCCN(CCCl)c1c(cc(cc1[N+]([O-])=O)C(F)(F)F)[N+]([O-])=O,-4.5229
CCNc1[n]c(NC(C)(C)C)[n]c([n]1)OC,-5.699
N#CCc1ccccc1,-1.0487
CCCCSCCCC,0.0792
CCSCCCl,0.5315
CCCCCCCC#N,-0.4089
Clc1c(Oc2ccccc2)c(Cl)ccc1Cl,-3.5452
CCCCCCCC/C=C\CCCCCCCC(O)=O,-5.8539
Cc1cc(C)cc(C)c1,0.3945
CC(O)CNC1CCCCC1,-1.8019
CCCCCCC(C)C,0.7934
CCCCCCCCCCCCC=C,-1.8248
CCCCCCCCCc1ccc(cc1)OP(=O)(Oc1ccccc1)Oc1ccccc1,-7.7212
C1CCN1,2.2512
[O-][N+](=O)c1ccc(cc1)N=Nc1ccccc1,-5.9324
CC(CC)C(C)(C)CC,0.948
CC(C)(C)Br,2.1313
CC(C)=C[C@@H]1[C@@H](C(=O)O[C@H]2CC(=O)C(C/C=C\C=C)=C2C)C1(C)C,-4.6925
C=CCN(CC=C)C(=O)CCl,-2.0269
CC(=O)C(C)(C)C,1.4983
CCCC[C@@H](O)CC,-0.1308
Brc1cc2Oc3cc(Br)ccc3Oc2cc1,-5.8928
CN(C)CCO,0.5024
BrCCCBr,0.1335
CC(C)(C)NC=O,-0.5686
O=C(Cl)c1ccccc1C(=O)Cl,-1.7897
CN1CCCC1,2.0
FC(F)=C(F)Cl,3.662
CCCCCCCCCI,-1.5639
CCCOC(=O)c1ccccc1,-0.8665
CCc1cc(C)cc(C)c1,0.0133
CCCCCCCCCCCCCO,-3.3605
CCOc1ccc(N)cc1,-1.9805
Clc1ccccc1C(Cl)(Cl)Cl,-1.2976
CCSCC,1.7796
OC(=O)c1cccc(Br)c1,-4.0427
CCOP(=S)(Oc1c[n]c2ccccc2[n]1)OCC,-5.585
Cc1cc(c(O)c(c1)C(C)(C)C)C(C)(C)C,-2.2874
CC(=NOC(=O)NC)C(C)SC,-4.0996
Nc1ccccc1[N+]([O-])=O,-2.5575
Clc1ccc(cc1)Oc1ccccc1Cl,-3.1549
Cc1c(N)cccc1N,-2.6091
COP(=S)(Oc1cc(Cl)c(Cl)cc1Cl)OC,-4.1249
NC(=O)C(Br)(Br)C#N,-3.0458
ClC(Cl)(Cl)C(c1ccc(Cl)cc1)c1ccc(Cl)cc1,-6.7959
CCOC(=O)NC,-0.0435
OC(=O)c1ccccc1,-3.1549
Clc1ccc2oc3cc(Cl)c(Cl)cc3c2c1Cl,-7.7447
c1cccc2ccccc21,-1.0706
CCCCCCCC(=O)OC(C)C,-0.9626
ClCCN(CCCl)CCCl,-1.9586
C1CCCN1,1.7972
O=C=Nc1cccc(Cl)c1,-0.7122
CN(C)C(=O)SCCCCOc1ccccc1,-5.9031
Cc1ccc(N)cc1N,-3.7696
ClC(Cl)=C(Cl)C(Cl)=C(Cl)Cl,-0.6576
COCCOCCO,-0.6021
CCCO[N+]([O-])=O,1.3703
CCCCCCC(C)=O,0.1303
CN=C=O,2.5416
CNC.OC(=O)COc1ccc(Cl)cc1Cl,-9.0
CCCC(C)Cl,1.6872
CCOC(N)=O,-0.5815
CC(F)(F)Cl,3.4055
[O-][N+](=O)c1cc(ccc1)C(F)(F)F,-0.5867
N#Cc1c(Cl)c(Cl)c(Cl)c(C#N)c1Cl,-6.2441
CCCN(CC1CC1)c1c(cc(cc1[N+]([O-])=O)C(F)(F)F)[N+]([O-])=O,-4.2007
O=CCCCC=O,-0.2218
O=C1CCCN1,-2.0227
CC(C)OC(=O)Nc1cccc(Cl)c1,-3.7447
Cc1cccc2[s]c3[n][n]c[n]3c21,-6.699
CCOC(=O)C(O)(CC(=O)OCC)CC(=O)OCC,-3.163
CCCCC/C=C\C/C=C\CCCCCCCC(=O)OC,-5.4353
c1c2c3c(cccc3-c3ccccc3-2)c2ccccc21,-6.301
CCOP(=O)(OCC)OCC,-0.4056
CSc1[n]c(NC(C)C)[n]c(NC(C)C)[n]1,-5.9066
CCOP(=O)(Oc1c[n]([n]c1)-c1ccc(Cl)cc1)SCCC,-7.9208
OCC(F)(F)C(F)F,1.1684
[O-][N+](=O)C(F)(F)F,3.8479
c1cccc2c1c1ccccc1c1ccccc12,-7.6778
CON,2.464
CCOP(=S)(OCC)SCN1N=Nc2ccccc2C1=O,-5.6198
Clc1ccc(Cl)cc1,0.2405
CC(F)(F)C(F)(F)F,3.5422
c1c2ccccc2c2ccc3cccc4ccc1c2c34,-8.2604
Clc1cc(Cl)c(cc1)C1(CC(Br)CO1)C[n]1c[n]c[n]1,-7.5229
CC(C)(C(C)C)C(C)C,0.9462
Brc1cc(Br)c(cc1)Oc1ccc(Br)c(Br)c1Br,-8.1427
CC1CCC(C)C(C)C1C,0.1173
NC(=S)C(N)=S,-5.7844
CC(C)(CC)c1ccc(O)cc1,-2.699
CCCCC(=O)CCCC,-0.2581
C1CCC=C1,2.5803
N#Cc1cc(Br)c(O)c(Br)c1,-7.3261
ClC1(Cl)C2(Cl)C3C(C(Cl)C(Cl)C3Cl)C1(Cl)C(Cl)=C2Cl,-6.0229
CC(C)(N)CO,0.0
CCCCC(=O)OC,1.2821
CCCCC(CO)(CO)CC,-4.0
CCCCN=C=O,1.2455
COC(=O)C(C)N(c1c(C)cccc1C)C(=O)Cc1ccccc1,-5.0
Clc1cc2Oc3c(Oc2cc1)c(Cl)c(Cl)c(Cl)c3Cl,-9.1805
CC(C)COC(=O)CC(C)C,0.2655
C=CC=O,2.4379
Clc1cc(Cl)c(Cl)c2c1c(Cl)c(Cl)cc2Cl,-6.4559
COc1ccc(cc1OC)C(=CC(=O)N1CCOCC1)c1ccc(Cl)cc1,-8.1319
CCCOCC=C,1.7836
CCOC(=O)[C@@H](C)Oc1ccc(cc1)Oc1[n]c2ccc(Cl)cc2o1,-7.5229
Cc1[n]c(NC(=O)NS(=O)(=O)c2cc[s]c2C(=O)OC)[n]c([n]1)OC,-9.8928
OC(=O)COc1ccc(Cl)cc1Cl,-4.0835
C[Si](C)(C)O[Si](C)(C)O[Si](C)(C)O[Si](C)(C)O[Si](C)(C)C,-0.9905
CC(C)=CCC/C(/C)=C/CO,-1.5228
FC(F)(F)C(F)(F)C(F)(F)C(F)(F)F,3.3025
CN(C(=O)COc1[n]c2ccccc2[s]1)c1ccccc1,-8.3188
O=CC=Cc1ccccc1,-1.539
ClC=CCl,2.3032
O=C(OC(=O)c1ccccc1)c1ccccc1,-3.9292
[O-][N+](=O)c1ccc(F)cc1O,-1.6402
N[C@@H](CCC(O)=O)C(O)=O,-7.7696
CCOP(=S)(OC1C=CC(=O)N(N=1)c1ccccc1)OCC,-7.9586
CCCCCCCCCC(C)=O,-1.383
CCCCCCCCCCCCCl,-2.2007
CC(C)CC(C)=O,1.298
