SMILES,InChI,Sol,RB,MW
CCCCC[N+](=O)[O-],"InChI=1S/C5H11NO2/c1-2-3-4-5-6(7)8/h2-5H2,1H3",-2.82,4,117.0789786
CCCCCCBr,"InChI=1S/C6H13Br/c1-2-3-4-5-6-7/h2-6H2,1H3",0.18,4,164.0200625
Nc1ccc(Cl)cc1,"InChI=1S/C6H6ClN/c7-5-1-3-6(8)4-2-5/h1-4H,8H2",-5.9,0,127.0188769
O=c1[nH]cc(C(F)(F)F)c(=O)[nH]1,"InChI=1S/C5H3F3N2O2/c6-5(7,8)2-1-9-4(12)10-3(2)11/h1H,(H2,9,10,11,12)",-15.46,0,180.014662
CCCCOCCCC,"InChI=1S/C8H18O/c1-3-5-7-9-8-6-4-2/h3-8H2,1-2H3",-0.83,6,130.1357652
CCN(CC)c1c([N+](=O)[O-])cc(C(F)(F)F)c(N)c1[N+](=O)[O-],"InChI=1S/C11H13F3N4O4/c1-3-16(4-2)9-7(17(19)20)5-6(11(12,13)14)8(15)10(9)18(21)22/h5H,3-4,15H2,1-2H3",-5.66,5,322.0888896
CC(C)C,"InChI=1S/C4H10/c1-4(2)3/h4H,1-3H3",2.3,0,58.07825032
CN(C)c1ccccc1,"InChI=1S/C8H11N/c1-9(2)8-6-4-3-5-7-8/h3-7H,1-2H3",-3.45,1,121.0891494
C#CCCCCCC,"InChI=1S/C8H14/c1-3-5-7-8-6-4-2/h1H,4-8H2,2H3",0.71,4,110.1095504
CCCCCCCCCO,"InChI=1S/C9H20O/c1-2-3-4-5-6-7-8-9-10/h10H,2-9H2,1H3",-3.88,7,144.1514153
Clc1ccc(Cl)c(Cl)c1,InChI=1S/C6H3Cl3/c7-4-1-2-5(8)6(9)3-4/h1-3H,-1.12,0,179.9300331
CCCCCC(C)=O,"InChI=1S/C7H14O/c1-3-4-5-6-7(2)8/h3-6H2,1-2H3",-3.04,4,114.1044651
CCc1ccncc1,"InChI=1S/C7H9N/c1-2-7-3-5-8-6-4-7/h3-6H,2H2,1H3",-4.73,1,107.0734993
COCCOC,"InChI=1S/C4H10O2/c1-5-3-4-6-2/h3-4H2,1-2H3",-4.84,3,90.06807956
Cc1ccc(C)c(C)c1,"InChI=1S/C9H12/c1-7-4-5-8(2)9(3)6-7/h4-6H,1-3H3",-0.86,0,120.0939004
CC=C(C)C,"InChI=1S/C5H10/c1-4-5(2)3/h4H,1-3H3",1.31,0,70.07825032
C=CC,"InChI=1S/C3H6/c1-3-2/h3H,1H2,2H3",1.32,0,42.04695019
CCSSCC,"InChI=1S/C4H10S2/c1-3-5-6-4-2/h3-4H2,1-2H3",-1.64,3,122.0223923
CCOC(=O)c1ccccc1,"InChI=1S/C9H10O2/c1-2-11-9(10)8-6-4-3-5-7-8/h3-7H,2H2,1H3",-3.64,2,150.0680796
C[C@H]1CCCC[C@H]1C,"InChI=1S/C8H16/c1-7-5-3-4-6-8(7)2/h7-8H,3-6H2,1-2H3/t7-,8+",1.58,0,112.1252005
CCCCO[N+](=O)[O-],"InChI=1S/C4H9NO3/c1-2-3-4-8-5(6)7/h2-4H2,1H3",-2.09,4,119.0582431
CCCCCCCN,"InChI=1S/C7H17N/c1-2-3-4-5-6-7-8/h2-8H2,1H3",-3.79,5,115.1360995
Clc1cc(Cl)c(Cl)cc1Cl,InChI=1S/C6H2Cl4/c7-3-1-4(8)6(10)2-5(3)9/h1-2H,-1.34,0,213.8910608
CCCCCC=O,"InChI=1S/C6H12O/c1-2-3-4-5-6-7/h6H,2-5H2,1H3",-2.81,4,100.088815
O=S1OC[C@@H]2[C@H](CO1)[C@]1(Cl)C(Cl)=C(Cl)[C@@]2(Cl)C1(Cl)Cl,"InChI=1S/C9H6Cl6O3S/c10-5-6(11)8(13)4-2-18-19(16)17-1-3(4)7(5,12)9(8,14)15/h3-4H,1-2H2/t3-,4+,7-,8+,19?",-4.23,0,403.8168811
C=CCCl,"InChI=1S/C3H5Cl/c1-2-3-4/h2H,1,3H2",-0.57,1,76.00797784
COC(=O)CCl,"InChI=1S/C3H5ClO2/c1-6-3(5)2-4/h2H2,1H3",-4,1,107.9978071
O=Cc1cccnc1,InChI=1S/C6H5NO/c8-5-6-2-1-3-7-4-6/h1-5H,-7.1,1,107.0371138
CC[C@@H](O)C(C)C,"InChI=1S/C6H14O/c1-4-6(7)5(2)3/h5-7H,4H2,1-3H3/t6-/m1/s1",-3.88,2,102.1044651
C#CCCC,"InChI=1S/C5H8/c1-3-5-4-2/h1H,4-5H2,2H3",0.01,1,68.06260026
Clc1ccc2c(c1)Oc1ccc(Cl)cc1O2,InChI=1S/C12H6Cl2O2/c13-7-1-3-9-11(5-7)16-10-4-2-8(14)6-12(10)15-9/h1-6H,-3.67,0,251.9744848
CCCCCCCI,"InChI=1S/C7H15I/c1-2-3-4-5-6-7-8/h2-7H2,1H3",0.27,5,226.0218485
CC(=O)c1ccc(C)cc1,"InChI=1S/C9H10O/c1-7-3-5-9(6-4-7)8(2)10/h3-6H,1-2H3",-4.7,1,134.0731649
FC(F)=C(F)C(F)(F)F,"InChI=1S/C3F6/c4-1(2(5)6)3(7,8)9",2.93,0,149.9904193
Cc1ccc(Br)cc1,"InChI=1S/C7H7Br/c1-6-2-4-7(8)5-3-6/h2-5H,1H3",-1.39,0,169.9731123
BrCCBr,InChI=1S/C2H4Br2/c3-1-2-4/h1-2H2,-2.33,1,185.8679743
COP(=S)(OC)SCn1nnc2ccccc2c1=O,"InChI=1S/C10H12N3O3PS2/c1-15-17(18,16-2)19-7-13-10(14)8-5-3-4-6-9(8)11-12-13/h3-6H,7H2,1-2H3",-10.03,5,317.0057699
O=C1C=CC(=O)C=C1,InChI=1S/C6H4O2/c7-5-1-2-6(8)4-3-5/h1-4H,-6.5,0,108.0211294
CCCCCc1ccccc1,"InChI=1S/C11H16/c1-2-3-5-8-11-9-6-4-7-10-11/h4,6-7,9-10H,2-3,5,8H2,1H3",-0.23,4,148.1252005
CCCCCI,"InChI=1S/C5H11I/c1-2-3-4-5-6/h2-5H2,1H3",-0.14,3,197.9905484
ClCC(Cl)Cl,"InChI=1S/C2H3Cl3/c3-1-2(4)5/h2H,1H2",-1.99,1,131.9300331
CCCCCCCCBr,"InChI=1S/C8H17Br/c1-2-3-4-5-6-7-8-9/h2-8H2,1H3",0.52,6,192.0513626
CCCCNCCCC,"InChI=1S/C8H19N/c1-3-5-7-9-8-6-4-2/h9H,3-8H2,1-2H3",-3.24,6,129.1517496
CCOCCOC(C)=O,"InChI=1S/C6H12O3/c1-3-8-4-5-9-6(2)7/h3-5H2,1-2H3",-5.31,4,132.0786442
CCCC(C)=O,"InChI=1S/C5H10O/c1-3-4-5(2)6/h3-4H2,1-2H3",-3.52,2,86.07316494
Oc1ccccc1F,"InChI=1S/C6H5FO/c7-5-3-1-2-4-6(5)8/h1-4,8H",-5.29,0,112.032443
CC[N+](=O)[O-],"InChI=1S/C2H5NO2/c1-2-3(4)5/h2H2,1H3",-3.71,1,75.0320284
C1CCNCC1,"InChI=1S/C5H11N/c1-2-4-6-5-3-1/h6H,1-5H2",-5.11,0,85.08914935
CCCC(C)C,"InChI=1S/C6H14/c1-4-5-6(2)3/h6H,4-5H2,1-3H3",2.51,2,86.10955045
COC(C)(C)C,"InChI=1S/C5H12O/c1-5(2,3)6-4/h1-4H3",-2.21,0,88.088815
CCc1cccc(CC)c1N(COC)C(=O)CCl,"InChI=1S/C14H20ClNO2/c1-4-11-7-6-8-12(5-2)14(11)16(10-18-3)13(17)9-15/h6-8H,4-5,9-10H2,1-3H3",-8.21,6,269.1182566
CCCCCCOC(C)=O,"InChI=1S/C8H16O2/c1-3-4-5-6-7-10-8(2)9/h3-7H2,1-2H3",-2.26,5,144.1150298
Cc1cccc2ccccc12,"InChI=1S/C11H10/c1-9-5-4-7-10-6-2-3-8-11(9)10/h2-8H,1H3",-2.44,0,142.0782503
O=[N+]([O-])c1ccccc1,InChI=1S/C6H5NO2/c8-7(9)6-4-2-1-3-5-6/h1-5H,-4.12,1,123.0320284
CCCCOC(=O)c1ccc(O)cc1,"InChI=1S/C11H14O3/c1-2-3-8-14-11(13)9-4-6-10(12)7-5-9/h4-7,12H,2-3,8H2,1H3",-8.72,4,194.0942943
CCCCOCCO,"InChI=1S/C6H14O2/c1-2-3-5-8-6-4-7/h7H,2-6H2,1H3",-6.25,5,118.0993797
CCCCCCl,"InChI=1S/C5H11Cl/c1-2-3-4-5-6/h2-5H2,1H3",-0.1,3,106.054928
CCc1cccc2ccccc12,"InChI=1S/C12H12/c1-2-10-7-5-8-11-6-3-4-9-12(10)11/h3-9H,2H2,1H3",-2.4,1,156.0939004
CC(C)C(=O)C(C)C,"InChI=1S/C7H14O/c1-5(2)7(8)6(3)4/h5-6H,1-4H3",-2.74,2,114.1044651
C/C=C/CCCC,"InChI=1S/C7H14/c1-3-5-7-6-4-2/h3,5H,4,6-7H2,1-2H3/b5-3+",1.68,3,98.10955045
Clc1cccc2c1Oc1ccccc1O2,InChI=1S/C12H7ClO2/c13-8-4-3-7-11-12(8)15-10-6-2-1-5-9(10)14-11/h1-7H,-3.52,0,218.0134571
Cc1ccccc1C,"InChI=1S/C8H10/c1-7-5-3-4-6-8(7)2/h3-6H,1-2H3",-0.9,0,106.0782503
CCCc1ccc(O)cc1,"InChI=1S/C9H12O/c1-2-3-8-4-6-9(10)7-5-8/h4-7,10H,2-3H2,1H3",-5.21,2,136.088815
Cc1cccc(C)c1C,"InChI=1S/C9H12/c1-7-5-4-6-8(2)9(7)3/h4-6H,1-3H3",-1.21,0,120.0939004
CC(=O)C1CCCCC1,"InChI=1S/C8H14O/c1-7(9)8-5-3-2-4-6-8/h8H,2-6H2,1H3",-3.9,1,126.1044651
C[C@@H](CO[N+](=O)[O-])O[N+](=O)[O-],"InChI=1S/C3H6N2O6/c1-3(11-5(8)9)2-10-4(6)7/h3H,2H2,1H3/t3-/m0/s1",-4.95,5,166.0225859
CCCC[C@@H](C)CC,"InChI=1S/C8H18/c1-4-6-7-8(3)5-2/h8H,4-7H2,1-3H3/t8-/m0/s1",2.97,4,114.1408506
CCCCCC(N)=O,"InChI=1S/C6H13NO/c1-2-3-4-5-6(7)8/h2-5H2,1H3,(H2,7,8)",-9.31,4,115.099714
Cc1ccc(C=O)cc1,"InChI=1S/C8H8O/c1-7-2-4-8(6-9)5-3-7/h2-6H,1H3",-4.27,1,120.0575149
CCCN(CCC)c1c([N+](=O)[O-])cc(C(F)(F)F)cc1[N+](=O)[O-],"InChI=1S/C13H16F3N3O4/c1-3-5-17(6-4-2)12-10(18(20)21)7-9(13(14,15)16)8-11(12)19(22)23/h7-8H,3-6H2,1-2H3",-3.25,7,335.1092907
Nc1ccc(O)c2c1C(=O)c1ccccc1C2=O,"InChI=1S/C14H9NO3/c15-9-5-6-10(16)12-11(9)13(17)7-3-1-2-4-8(7)14(12)18/h1-6,16H,15H2",-9.53,0,239.0582431
Clc1ccccn1,InChI=1S/C5H4ClN/c6-5-3-1-2-4-7-5/h1-4H,-4.39,0,113.0032268
COc1ccc2cc([C@H](C)C(=O)O)ccc2c1,"InChI=1S/C14H14O3/c1-9(14(15)16)10-3-4-12-8-13(17-2)6-5-11(12)7-10/h3-9H,1-2H3,(H,15,16)/t9-/m0/s1",-10.21,3,230.0942943
CC(C)(C)Br,"InChI=1S/C4H9Br/c1-4(2,3)5/h1-3H3",0.84,0,135.9887624
CCCCCCCC=O,"InChI=1S/C8H16O/c1-2-3-4-5-6-7-8-9/h8H,2-7H2,1H3",-2.29,6,128.1201151
FC(F)(F)c1ccccc1C(F)(F)F,"InChI=1S/C8H4F6/c9-7(10,11)5-3-1-2-4-6(5)8(12,13)14/h1-4H",1.07,0,214.0217194
CCCCCO,"InChI=1S/C5H12O/c1-2-3-4-5-6/h6H,2-5H2,1H3",-4.57,3,88.088815
CC(C)[C@@H]1CC[C@@H](C)C[C@H]1O,"InChI=1S/C10H20O/c1-7(2)9-5-4-8(3)6-10(9)11/h7-11H,4-6H2,1-3H3/t8-,9+,10-/m1/s1",-3.2,1,156.1514153
CCOC=O,"InChI=1S/C3H6O2/c1-2-5-3-4/h3H,2H2,1H3",-2.56,2,74.03677943
CC(C)(C)c1ccc(O)cc1,"InChI=1S/C10H14O/c1-10(2,3)8-4-6-9(11)7-5-8/h4-7,11H,1-3H3",-5.91,0,150.1044651
CCCCCC(=O)OCC,"InChI=1S/C8H16O2/c1-3-5-6-7-8(9)10-4-2/h3-7H2,1-2H3",-2.23,5,144.1150298
CCCN,"InChI=1S/C3H9N/c1-2-3-4/h2-4H2,1H3",-4.39,1,59.07349929
CCC(=O)O,"InChI=1S/C3H6O2/c1-2-3(4)5/h2H2,1H3,(H,4,5)",-6.46,1,74.03677943
CCc1ccccc1O,"InChI=1S/C8H10O/c1-2-7-5-3-4-6-8(7)9/h3-6,9H,2H2,1H3",-5.66,1,122.0731649
Cn1cccc1,"InChI=1S/C5H7N/c1-6-4-2-3-5-6/h2-5H,1H3",-2.89,0,81.05784922
C1CCOCC1,InChI=1S/C5H10O/c1-2-4-6-5-3-1/h1-5H2,-3.12,0,86.07316494
CC(C)=O,InChI=1S/C3H6O/c1-3(2)4/h1-2H3,-3.8,0,58.04186481
CCCCl,"InChI=1S/C3H7Cl/c1-2-3-4/h2-3H2,1H3",-0.33,1,78.0236279
CCC[C@@H](O)CC,"InChI=1S/C6H14O/c1-3-5-6(7)4-2/h6-7H,3-5H2,1-2H3/t6-/m0/s1",-4.06,3,102.1044651
C=CCCCCCCC,"InChI=1S/C9H18/c1-3-5-7-9-8-6-4-2/h3H,1,4-9H2,2H3",2.06,6,126.1408506
CCCCCCCO,"InChI=1S/C7H16O/c1-2-3-4-5-6-7-8/h8H,2-7H2,1H3",-4.21,5,116.1201151
C=CCl,"InChI=1S/C2H3Cl/c1-2-3/h2H,1H2",-0.59,0,61.99232778
CC1CCCC1,"InChI=1S/C6H12/c1-6-4-2-3-5-6/h6H,2-5H2,1H3",1.59,0,84.09390038
CCOP(=S)(OCC)Oc1ccc([N+](=O)[O-])cc1,"InChI=1S/C10H14NO5PS/c1-3-14-17(18,15-4-2)16-10-7-5-9(6-8-10)11(12)13/h5-8H,3-4H2,1-2H3",-6.74,7,291.0330302
C=CCCCC,"InChI=1S/C6H12/c1-3-5-6-4-2/h3H,1,4-6H2,2H3",1.58,3,84.09390038
CCCOC(C)=O,"InChI=1S/C5H10O2/c1-3-4-7-5(2)6/h3-4H2,1-2H3",-2.79,2,102.0680796
C=CCC,"InChI=1S/C4H8/c1-3-4-2/h3H,1,4H2,2H3",1.38,1,56.06260026
CC(=O)OCC(C)C,"InChI=1S/C6H12O2/c1-5(2)4-8-6(3)7/h5H,4H2,1-3H3",-2.36,2,116.0837296
Cc1cc(O)ccc1Cl,"InChI=1S/C7H7ClO/c1-5-4-6(9)2-3-7(5)8/h2-4,9H,1H3",-6.79,0,142.0185425
Oc1ccc(Cl)cc1,"InChI=1S/C6H5ClO/c7-5-1-3-6(8)4-2-5/h1-4,8H",-7.03,0,128.0028925
ClCCCCCl,InChI=1S/C4H8Cl2/c5-3-1-2-4-6/h1-4H2,-2.32,3,126.0003056
Clc1cccc(Cl)c1-c1c(Cl)cccc1Cl,InChI=1S/C12H6Cl4/c13-7-3-1-4-8(14)11(7)12-9(15)5-2-6-10(12)16/h1-6H,-2.28,1,289.9223609
O=Cc1ccccc1O,"InChI=1S/C7H6O2/c8-5-6-3-1-2-4-7(6)9/h1-5,9H",-4.68,1,122.0367794
CCCOCCC,"InChI=1S/C6H14O/c1-3-5-7-6-4-2/h3-6H2,1-2H3",-1.16,4,102.1044651
c1ccsc1,InChI=1S/C4H4S/c1-2-4-5-3-1/h1-4H,-1.4,0,84.00337113
CCOCCO,"InChI=1S/C4H10O2/c1-2-6-4-3-5/h5H,2-4H2,1H3",-6.69,3,90.06807956
COc1ccc(C(C)=O)cc1,"InChI=1S/C9H10O2/c1-7(10)8-3-5-9(11-2)6-4-8/h3-6H,1-2H3",-4.4,2,150.0680796
COc1ccc(C(=O)N(C)C)cc1,"InChI=1S/C10H13NO2/c1-11(2)10(12)8-4-6-9(13-3)7-5-8/h4-7H,1-3H3",-11.01,2,179.0946287
C#CCC,"InChI=1S/C4H6/c1-3-4-2/h1H,4H2,2H3",-0.16,0,54.04695019
COC(OC)(OC)C(F)(F)F,"InChI=1S/C5H9F3O3/c1-9-5(10-2,11-3)4(6,7)8/h1-3H3",-0.8,3,174.0503788
CCCCC#N,"InChI=1S/C5H9N/c1-2-3-4-5-6/h2-4H2,1H3",-3.52,2,83.07349929
COP(=S)(OC)Oc1ccc([N+](=O)[O-])cc1,"InChI=1S/C8H10NO5PS/c1-12-15(16,13-2)14-8-5-3-7(4-6-8)9(10)11/h3-6H,1-2H3",-7.19,5,263.0017301
CCCOCCO,"InChI=1S/C5H12O2/c1-2-4-7-5-3-6/h6H,2-5H2,1H3",-6.4,4,104.0837296
Clc1ccc(-c2c(Cl)c(Cl)cc(Cl)c2Cl)cc1Cl,InChI=1S/C12H4Cl6/c13-6-2-1-5(3-7(6)14)10-11(17)8(15)4-9(16)12(10)18/h1-4H,-4.38,1,357.8444162
C[C@H](C(=O)O)c1ccc(-c2ccccc2)c(F)c1,"InChI=1S/C15H13FO2/c1-10(15(17)18)12-7-8-13(14(16)9-12)11-5-3-2-4-6-11/h2-10H,1H3,(H,17,18)/t10-/m0/s1",-8.42,3,244.0899579
COc1ccccc1O,"InChI=1S/C7H8O2/c1-9-7-5-3-2-4-6(7)8/h2-5,8H,1H3",-5.94,1,124.0524295
CCOP(=O)(OCC)O/C(=C/Cl)c1ccc(Cl)cc1Cl,"InChI=1S/C12H14Cl3O4P/c1-3-17-20(16,18-4-2)19-12(8-13)10-6-5-9(14)7-11(10)15/h5-8H,3-4H2,1-2H3/b12-8+",-7.07,7,357.9695286
[O-][S+2]1([O-])CCCC1,InChI=1S/C4H8O2S/c5-7(6)3-1-2-4-7/h1-4H2,-8.61,0,120.0245005
Nc1cccc([N+](=O)[O-])c1,"InChI=1S/C6H6N2O2/c7-5-2-1-3-6(4-5)8(9)10/h1-4H,7H2",-8.84,1,138.0429274
O=[N+]([O-])c1ccc(O)cc1,"InChI=1S/C6H5NO3/c8-6-3-1-5(2-4-6)7(9)10/h1-4,8H",-10.64,1,139.026943
N#Cc1cccnc1,"InChI=1S/C6H4N2/c7-4-6-2-1-3-8-5-6/h1-3,5H",-6.75,0,104.0374481
CCC(=O)CC,"InChI=1S/C5H10O/c1-3-5(6)4-2/h3-4H2,1-2H3",-3.41,2,86.07316494
Brc1ccccc1,InChI=1S/C6H5Br/c7-6-4-2-1-3-5-6/h1-5H,-1.46,0,155.9574623
CCCS,"InChI=1S/C3H8S/c1-2-3-4/h4H,2-3H2,1H3",-1.1,1,76.03467126
CC(CCO[N+](=O)[O-])O[N+](=O)[O-],"InChI=1S/C4H8N2O6/c1-4(12-6(9)10)2-3-11-5(7)8/h4H,2-3H2,1H3",-4.29,6,180.038236
CCCCC=O,"InChI=1S/C5H10O/c1-2-3-4-5-6/h5H,2-4H2,1H3",-3.03,3,86.07316494
COS(=O)(=O)OC,"InChI=1S/C2H6O4S/c1-5-7(3,4)6-2/h1-2H3",-5.1,2,125.9986797
Cc1[nH]c(=O)n(C(C)(C)C)c(=O)c1Cl,"InChI=1S/C9H13ClN2O2/c1-5-6(10)7(13)12(8(14)11-5)9(2,3)4/h1-4H3,(H,11,14)",-11.14,0,216.0665553
CC(Cl)(Cl)Cl,"InChI=1S/C2H3Cl3/c1-2(3,4)5/h1H3",-0.19,0,131.9300331
Clc1cc(Cl)c(-c2c(Cl)cccc2Cl)c(Cl)c1,InChI=1S/C12H5Cl5/c13-6-4-9(16)12(10(17)5-6)11-7(14)2-1-3-8(11)15/h1-5H,-1.96,1,323.8833886
C1CCOC1,InChI=1S/C4H8O/c1-2-4-5-3-1/h1-4H2,-3.47,0,72.05751488
FC(F)(F)F,"InChI=1S/CF4/c2-1(3,4)5",3.12,0,87.99361288
COc1ccccc1OC,"InChI=1S/C8H10O2/c1-9-7-5-3-4-6-8(7)10-2/h3-6H,1-2H3",-5.33,2,138.0680796
O=C1CCCC1,InChI=1S/C5H8O/c6-5-3-1-2-4-5/h1-4H2,-4.7,0,84.05751488
Cc1ccc(C(C)C)cc1,"InChI=1S/C10H14/c1-8(2)10-6-4-9(3)5-7-10/h4-8H,1-3H3",-0.68,1,134.1095504
Cc1cnccn1,"InChI=1S/C5H6N2/c1-5-4-6-2-3-7-5/h2-4H,1H3",-5.51,0,94.05309819
CCCBr,"InChI=1S/C3H7Br/c1-2-3-4/h2-3H2,1H3",-0.56,1,121.9731123
CC(C)Cc1ccccc1,"InChI=1S/C10H14/c1-9(2)8-10-6-4-3-5-7-10/h3-7,9H,8H2,1-2H3",0.16,2,134.1095504
COC(C)=O,InChI=1S/C3H6O2/c1-3(4)5-2/h1-2H3,-3.13,0,74.03677943
CCc1cnccn1,"InChI=1S/C6H8N2/c1-2-6-5-7-3-4-8-6/h3-5H,2H2,1H3",-5.45,1,108.0687483
Cc1cccc(C)n1,"InChI=1S/C7H9N/c1-6-4-3-5-7(2)8-6/h3-5H,1-2H3",-4.59,0,107.0734993
FC(F)(F)CCl,"InChI=1S/C2H2ClF3/c3-1-2(4,5)6/h1H2",0.06,0,117.9797124
C#CCCCCC,"InChI=1S/C7H12/c1-3-5-7-6-4-2/h1H,4-7H2,2H3",0.6,3,96.09390038
CCCCCC(=O)OC,"InChI=1S/C7H14O2/c1-3-4-5-6-7(8)9-2/h3-6H2,1-2H3",-2.49,4,130.0993797
O=Cc1ccccc1,InChI=1S/C7H6O/c8-6-7-4-2-1-3-5-7/h1-6H,-4.02,1,106.0418648
Clc1cc(-c2cc(Cl)c(Cl)c(Cl)c2Cl)cc(Cl)c1Cl,InChI=1S/C12H3Cl7/c13-6-1-4(2-7(14)10(6)17)5-3-8(15)11(18)12(19)9(5)16/h1-3H,-3.17,1,391.8054439
O=[N+]([O-])c1ccccc1O,"InChI=1S/C6H5NO3/c8-6-4-2-1-3-5(6)7(9)10/h1-4,8H",-4.58,1,139.026943
CCCCCC,"InChI=1S/C6H14/c1-3-5-6-4-2/h3-6H2,1-2H3",2.48,3,86.10955045
NC(=O)c1ccccc1,"InChI=1S/C7H7NO/c8-7(9)6-4-2-1-3-5-6/h1-5H,(H2,8,9)",-11,1,121.0527638
C/C=C/C=O,"InChI=1S/C4H6O/c1-2-3-4-5/h2-4H,1H3/b3-2+",-4.22,1,70.04186481
CC(F)F,"InChI=1S/C2H4F2/c1-2(3)4/h2H,1H3",-0.11,0,66.02810657
CCc1ccccc1C,"InChI=1S/C9H12/c1-3-9-7-5-4-6-8(9)2/h4-7H,3H2,1-2H3",-0.85,1,120.0939004
Cc1ccccc1O,"InChI=1S/C7H8O/c1-6-4-2-3-5-7(6)8/h2-5,8H,1H3",-5.9,0,108.0575149
CCOP(=S)(OCC)SCSP(=S)(OCC)OCC,"InChI=1S/C9H22O4P2S4/c1-5-10-14(16,11-6-2)18-9-19-15(17,12-7-3)13-8-4/h5-9H2,1-4H3",-6.1,12,383.9876164
CCCc1ccc(O)c(OC)c1,"InChI=1S/C10H14O2/c1-3-4-8-5-6-9(11)10(7-8)12-2/h5-7,11H,3-4H2,1-2H3",-5.26,3,166.0993797
CN(C)CCC=C1c2ccccc2CCc2ccccc21,"InChI=1S/C20H23N/c1-21(2)15-7-12-20-18-10-5-3-8-16(18)13-14-17-9-4-6-11-19(17)20/h3-6,8-12H,7,13-15H2,1-2H3",-7.43,3,277.1830497
COC(=O)C1CC1,"InChI=1S/C5H8O2/c1-7-5(6)4-2-3-4/h4H,2-3H2,1H3",-4.1,1,100.0524295
CNC(=O)Oc1cccc2ccccc12,"InChI=1S/C12H11NO2/c1-13-12(14)15-11-8-4-6-9-5-2-3-7-10(9)11/h2-8H,1H3,(H,13,14)",-9.45,1,201.0789786
CCSCC,"InChI=1S/C4H10S/c1-3-5-4-2/h3-4H2,1-2H3",-1.46,2,90.05032132
CCNCC,"InChI=1S/C4H11N/c1-3-5-4-2/h5H,3-4H2,1-2H3",-4.07,2,73.08914935
CC1=CC(=O)[C@H](C(C)C)CC1,"InChI=1S/C10H16O/c1-7(2)9-5-4-8(3)6-10(9)11/h6-7,9H,4-5H2,1-3H3/t9-/m0/s1",-4.51,1,152.1201151
CCCC=O,"InChI=1S/C4H8O/c1-2-3-4-5/h4H,2-3H2,1H3",-3.18,2,72.05751488
Fc1ccccc1,InChI=1S/C6H5F/c7-6-4-2-1-3-5-6/h1-5H,-0.8,0,96.03752838
CC(Cl)Cl,"InChI=1S/C2H4Cl2/c1-2(3)4/h2H,1H3",-0.84,0,97.96900549
Clc1cc(-c2c(Cl)cc(Cl)c(Cl)c2Cl)c(Cl)c(Cl)c1Cl,InChI=1S/C12H2Cl8/c13-4-2-6(15)9(17)11(19)7(4)3-1-5(14)10(18)12(20)8(3)16/h1-2H,-4.61,1,425.7664715
COc1cccc(N)c1,"InChI=1S/C7H9NO/c1-9-7-4-2-3-6(8)5-7/h2-5H,8H2,1H3",-7.29,1,123.0684139
CC(C)=CCC/C(C)=C/CO,"InChI=1S/C10H18O/c1-9(2)5-4-6-10(3)7-8-11/h5,7,11H,4,6,8H2,1-3H3/b10-7+",-4.45,4,154.1357652
CCC(C)CC,"InChI=1S/C6H14/c1-4-6(3)5-2/h6H,4-5H2,1-3H3",2.51,2,86.10955045
CCCCCC(=O)O,"InChI=1S/C6H12O2/c1-2-3-4-5-6(7)8/h2-5H2,1H3,(H,7,8)",-6.21,4,116.0837296
CC(=O)c1cccnc1,"InChI=1S/C7H7NO/c1-6(9)7-3-2-4-8-5-7/h2-5H,1H3",-8.26,1,121.0527638
CC(C)(C)Cl,"InChI=1S/C4H9Cl/c1-4(2,3)5/h1-3H3",1.09,0,92.03927797
COC(=O)C(F)(F)F,"InChI=1S/C3H3F3O2/c1-8-2(7)3(4,5)6/h1H3",-1.1,0,128.008514
CCCCCCCC(C)=O,"InChI=1S/C9H18O/c1-3-4-5-6-7-8-9(2)10/h3-8H2,1-2H3",-2.49,6,142.1357652
CCC[N+](=O)[O-],"InChI=1S/C3H7NO2/c1-2-3-4(5)6/h2-3H2,1H3",-3.34,2,89.04767846
CCCCC(=O)OC,"InChI=1S/C6H12O2/c1-3-4-5-6(7)8-2/h3-5H2,1-2H3",-2.56,3,116.0837296
Nc1ccc([N+](=O)[O-])cc1,"InChI=1S/C6H6N2O2/c7-5-1-3-6(4-2-5)8(9)10/h1-4H,7H2",-9.82,1,138.0429274
CCCCI,"InChI=1S/C4H9I/c1-2-3-4-5/h2-4H2,1H3",-0.25,2,183.9748983
C=CCO,"InChI=1S/C3H6O/c1-2-3-4/h2,4H,1,3H2",-5.03,1,58.04186481
CCc1cccc(O)c1,"InChI=1S/C8H10O/c1-2-7-4-3-5-8(9)6-7/h3-6,9H,2H2,1H3",-6.25,1,122.0731649
ICI,InChI=1S/CH2I2/c2-1-3/h1H2,-2.49,0,267.8245961
CCOCCOCC,"InChI=1S/C6H14O2/c1-3-7-5-6-8-4-2/h3-6H2,1-2H3",-3.54,5,118.0993797
ClCCOCCCl,InChI=1S/C4H8Cl2O/c5-1-3-7-4-2-6/h1-4H2,-4.23,4,141.9952202
CN(C)C(=O)c1ccc([N+](=O)[O-])cc1,"InChI=1S/C9H10N2O3/c1-10(2)9(12)7-3-5-8(6-4-7)11(13)14/h3-6H,1-2H3",-11.95,2,194.0691422
Cn1ccnc1,"InChI=1S/C4H6N2/c1-6-3-2-5-4-6/h2-4H,1H3",-8.41,0,82.05309819
CCCC#N,"InChI=1S/C4H7N/c1-2-3-4-5/h2-3H2,1H3",-3.64,1,69.05784922
CCNc1nc(NC(C)C)nc(SC)n1,"InChI=1S/C9H17N5S/c1-5-10-7-12-8(11-6(2)3)14-9(13-7)15-4/h6H,5H2,1-4H3,(H2,10,11,12,13,14)",-7.65,5,227.1204665
CCC=O,"InChI=1S/C3H6O/c1-2-3-4/h3H,2H2,1H3",-3.43,1,58.04186481
CCCCCCCCC,"InChI=1S/C9H20/c1-3-5-7-9-8-6-4-2/h3-9H2,1-2H3",3.13,6,128.1565006
CCCCCCO,"InChI=1S/C6H14O/c1-2-3-4-5-6-7/h7H,2-6H2,1H3",-4.4,4,102.1044651
CCCCC/C=C/C=O,"InChI=1S/C8H14O/c1-2-3-4-5-6-7-8-9/h6-8H,2-5H2,1H3/b7-6+",-3.43,5,126.1044651
Oc1ccc(F)cc1,"InChI=1S/C6H5FO/c7-5-1-3-6(8)4-2-5/h1-4,8H",-6.19,0,112.032443
COC(CC#N)(OC)OC,"InChI=1S/C6H11NO3/c1-8-6(9-2,10-3)4-5-7/h4H2,1-3H3",-6.4,4,145.0738932
Nc1cnn(-c2ccccc2)c(=O)c1Cl,"InChI=1S/C10H8ClN3O/c11-9-8(12)6-13-14(10(9)15)7-4-2-1-3-5-7/h1-6H,12H2",-16.43,1,221.0355896
O=c1[nH]cc(Cl)c(=O)[nH]1,"InChI=1S/C4H3ClN2O2/c5-2-1-6-4(9)7-3(2)8/h1H,(H2,6,7,8,9)",-17.74,0,145.988305
OCc1ccccc1,"InChI=1S/C7H8O/c8-6-7-4-2-1-3-5-7/h1-5,8H,6H2",-6.62,1,108.0575149
CNC(=O)O/N=C\C(C)(C)SC,"InChI=1S/C7H14N2O2S/c1-7(2,12-4)5-9-11-6(10)8-3/h5H,1-4H3,(H,8,10)/b9-5-",-9.84,3,190.0775987
CN(C)CCOC(c1ccccc1)c1ccccc1,"InChI=1S/C17H21NO/c1-18(2)13-14-19-17(15-9-5-3-6-10-15)16-11-7-4-8-12-16/h3-12,17H,13-14H2,1-2H3",-9.34,6,255.1623143
CCCC(=O)OC,"InChI=1S/C5H10O2/c1-3-4-5(6)7-2/h3-4H2,1-2H3",-2.83,2,102.0680796
CC(C)c1ccccc1,"InChI=1S/C9H12/c1-8(2)9-6-4-3-5-7-9/h3-8H,1-2H3",-0.3,1,120.0939004
CCC(C)(C)CC,"InChI=1S/C7H16/c1-5-7(3,4)6-2/h5-6H2,1-4H3",2.56,2,100.1252005
CCCOC=O,"InChI=1S/C4H8O2/c1-2-3-6-4-5/h4H,2-3H2,1H3",-2.48,3,88.0524295
C[C@H](O)C(F)(F)F,"InChI=1S/C3H5F3O/c1-2(7)3(4,5)6/h2,7H,1H3/t2-/m0/s1",-4.16,0,114.0292494
CCCCBr,"InChI=1S/C4H9Br/c1-2-3-4-5/h2-4H2,1H3",-0.4,2,135.9887624
Clc1ccc(-c2cc(Cl)c(Cl)c(Cl)c2Cl)c(Cl)c1Cl,InChI=1S/C12H3Cl7/c13-6-2-1-4(8(15)10(6)17)5-3-7(14)11(18)12(19)9(5)16/h1-3H,-4.4,1,391.8054439
COc1c(Cl)cc(Cl)c(OC)c1O,"InChI=1S/C8H8Cl2O3/c1-12-7-4(9)3-5(10)8(13-2)6(7)11/h3,11H,1-2H3",-6.44,2,221.9850495
Cc1ccccc1C=O,"InChI=1S/C8H8O/c1-7-4-2-3-5-8(7)6-9/h2-6H,1H3",-3.93,1,120.0575149
Cc1cccs1,"InChI=1S/C5H6S/c1-5-3-2-4-6-5/h2-4H,1H3",-1.38,0,98.01902119
Clc1c(Cl)c(Cl)c(Cl)c(Cl)c1Cl,InChI=1S/C6Cl6/c7-1-2(8)4(10)6(12)5(11)3(1)9,-2.33,0,281.8131161
c1ccc2c(c1)Cc1ccccc1-2,"InChI=1S/C13H10/c1-3-7-12-10(5-1)9-11-6-2-4-8-13(11)12/h1-8H,9H2",-3.35,0,166.0782503
CC(C)CC(C)(C)C,"InChI=1S/C8H18/c1-7(2)6-8(3,4)5/h7H,6H2,1-5H3",2.89,1,114.1408506
ClC=C(Cl)Cl,InChI=1S/C2HCl3/c3-1-2(4)5/h1H,-0.44,0,129.9143831
CC(=O)C(C)(C)C,"InChI=1S/C6H12O/c1-5(7)6(2,3)4/h1-4H3",-3.11,0,100.088815
Cc1ccc(N)cc1,"InChI=1S/C7H9N/c1-6-2-4-7(8)5-3-6/h2-5H,8H2,1H3",-5.57,0,107.0734993
CCCOC(=O)c1ccc(O)cc1,"InChI=1S/C10H12O3/c1-2-7-13-10(12)8-3-5-9(11)6-4-8/h3-6,11H,2,7H2,1H3",-9.37,3,180.0786442
Oc1ccccc1I,"InChI=1S/C6H5IO/c7-5-3-1-2-4-6(5)8/h1-4,8H",-6.2,0,219.9385128
O=[N+]([O-])c1cccc(O)c1,"InChI=1S/C6H5NO3/c8-6-3-1-2-5(4-6)7(9)10/h1-4,8H",-9.62,1,139.026943
FC(F)(Cl)C(F)(Cl)Cl,"InChI=1S/C2Cl3F3/c3-1(4,6)2(5,7)8",1.77,1,185.9017677
CCCCCCC=O,"InChI=1S/C7H14O/c1-2-3-4-5-6-7-8/h7H,2-6H2,1H3",-2.67,5,114.1044651
CCCCCCCCCCO,"InChI=1S/C10H22O/c1-2-3-4-5-6-7-8-9-10-11/h11H,2-10H2,1H3",-3.64,8,158.1670653
N#Cc1c(Cl)cccc1Cl,InChI=1S/C7H3Cl2N/c8-6-2-1-3-7(9)5(6)4-10/h1-3H,-4.71,0,170.9642545
ClC(Cl)C(Cl)Cl,InChI=1S/C2H2Cl4/c3-1(4)2(5)6/h1-2H,-2.37,1,165.8910608
CCCCCl,"InChI=1S/C4H9Cl/c1-2-3-4-5/h2-4H2,1H3",-0.16,2,92.03927797
CCCCCCc1ccccc1,"InChI=1S/C12H18/c1-2-3-4-6-9-12-10-7-5-8-11-12/h5,7-8,10-11H,2-4,6,9H2,1H3",-0.04,5,162.1408506
CCNc1nc(NC(C)(C)C)nc(SC)n1,"InChI=1S/C10H19N5S/c1-6-11-7-12-8(15-10(2,3)4)14-9(13-7)16-5/h6H2,1-5H3,(H2,11,12,13,14,15)",-6.68,4,241.1361166
CCOP(=S)(OCC)SCSc1ccc(Cl)cc1,"InChI=1S/C11H16ClO2PS3/c1-3-13-15(16,14-4-2)18-9-17-11-7-5-10(12)6-8-11/h5-8H,3-4,9H2,1-2H3",-6.5,8,341.9738571
O=c1[nH]c(=O)[nH]c(=O)[nH]1,"InChI=1S/C3H3N3O3/c7-1-4-2(8)6-3(9)5-1/h(H3,4,5,6,7,8,9)",-18.06,0,129.017441
CCOP(=S)(OCC)S[C@@H](CCl)N1C(=O)c2ccccc2C1=O,"InChI=1S/C14H17ClNO4PS2/c1-3-19-21(22,20-4-2)23-12(9-15)16-13(17)10-7-5-6-8-11(10)14(16)18/h5-8,12H,3-4,9H2,1-2H3/t12-/m0/s1",-5.74,8,393.0025143
ClC(Cl)(Cl)C(Cl)(Cl)Cl,"InChI=1S/C2Cl6/c3-1(4,5)2(6,7)8",-0.64,0,233.8131161
COC(=O)CC#N,"InChI=1S/C4H5NO2/c1-7-4(6)2-3-5/h2H2,1H3",-6.72,1,99.0320284
CC(=O)OCCC(C)C,"InChI=1S/C7H14O2/c1-6(2)4-5-9-7(3)8/h6H,4-5H2,1-3H3",-2.21,3,130.0993797
CCCCC(=O)CCCC,"InChI=1S/C9H18O/c1-3-5-7-9(10)8-6-4-2/h3-8H2,1-2H3",-2.64,6,142.1357652
CC(C)[C@@H]1CC[C@@H](C)CC1=O,"InChI=1S/C10H18O/c1-7(2)9-5-4-8(3)6-10(9)11/h7-9H,4-6H2,1-3H3/t8-,9+/m1/s1",-2.53,1,154.1357652
c1ccc(Oc2ccccc2)cc1,InChI=1S/C12H10O/c1-3-7-11(8-4-1)13-12-9-5-2-6-10-12/h1-10H,-2.87,2,170.0731649
CC(C)O,"InChI=1S/C3H8O/c1-3(2)4/h3-4H,1-2H3",-4.74,0,60.05751488
CC(C)OC(C)C,"InChI=1S/C6H14O/c1-5(2)7-6(3)4/h5-6H,1-4H3",-0.53,2,102.1044651
FC(F)(F)Br,"InChI=1S/CBrF3/c2-1(3,4)5",1.79,0,147.9135468
COC(CCl)(OC)OC,"InChI=1S/C5H11ClO3/c1-7-5(4-6,8-2)9-3/h4H2,1-3H3",-4.59,4,154.0396719
CCCC(=O)CCC,"InChI=1S/C7H14O/c1-3-5-7(8)6-4-2/h3-6H2,1-2H3",-2.92,4,114.1044651
CC(=O)CC(C)C,"InChI=1S/C6H12O/c1-5(2)4-6(3)7/h5H,4H2,1-3H3",-3.05,2,100.088815
CCCCO,"InChI=1S/C4H10O/c1-2-3-4-5/h5H,2-4H2,1H3",-4.72,2,74.07316494
CC1CCCCC1,"InChI=1S/C7H14/c1-7-5-3-2-4-6-7/h7H,2-6H2,1H3",1.7,0,98.10955045
O=C1[C@@H]2CC=CC[C@H]2C(=O)N1SC(Cl)(Cl)Cl,"InChI=1S/C9H8Cl3NO2S/c10-9(11,12)16-13-7(14)5-3-1-2-4-6(5)8(13)15/h1-2,5-6H,3-4H2/t5-,6-/m1/s1",-9.01,1,298.9341325
CCCC(=O)OCC,"InChI=1S/C6H12O2/c1-3-5-6(7)8-4-2/h3-5H2,1-2H3",-2.49,3,116.0837296
C1CNCCN1,"InChI=1S/C4H10N2/c1-2-6-4-3-5-1/h5-6H,1-4H2",-7.4,0,86.08439832
CC(C)CO,"InChI=1S/C4H10O/c1-4(2)3-5/h4-5H,3H2,1-2H3",-4.5,1,74.07316494
CCCOC,"InChI=1S/C4H10O/c1-3-4-5-2/h3-4H2,1-2H3",-1.66,2,74.07316494
Clc1c(Cl)c(Cl)c2c(c1Cl)Oc1ccccc1O2,InChI=1S/C12H4Cl4O2/c13-7-8(14)10(16)12-11(9(7)15)17-5-3-1-2-4-6(5)18-12/h1-4H,-3.81,0,319.8965401
CC(=O)C1CC1,"InChI=1S/C5H8O/c1-4(6)5-2-3-5/h5H,2-3H2,1H3",-4.61,1,84.05751488
COC(F)(F)C(Cl)Cl,"InChI=1S/C3H4Cl2F2O/c1-8-3(6,7)2(4)5/h2H,1H3",-1.12,2,163.9607265
CCCCCBr,"InChI=1S/C5H11Br/c1-2-3-4-5-6/h2-5H2,1H3",-0.1,3,150.0044125
CC(=O)c1ccccc1,"InChI=1S/C8H8O/c1-7(9)8-5-3-2-4-6-8/h2-6H,1H3",-4.58,1,120.0575149
c1c[nH]cn1,"InChI=1S/C3H4N2/c1-2-5-3-4-1/h1-3H,(H,4,5)",-9.63,0,68.03744813
CCC/C=C/C=O,"InChI=1S/C6H10O/c1-2-3-4-5-6-7/h4-6H,2-3H2,1H3/b5-4+",-3.68,3,98.07316494
C=CCC=C,"InChI=1S/C5H8/c1-3-5-4-2/h3-4H,1-2,5H2",0.93,2,68.06260026
CCOC(=O)CCC(=O)OCC,"InChI=1S/C8H14O4/c1-3-11-7(9)5-6-8(10)12-4-2/h3-6H2,1-2H3",-5.71,5,174.0892089
O=c1[nH]cc(F)c(=O)[nH]1,"InChI=1S/C4H3FN2O2/c5-2-1-6-4(9)7-3(2)8/h1H,(H2,6,7,8,9)",-16.92,0,130.0178556
CCC(=O)OC,"InChI=1S/C4H8O2/c1-3-4(5)6-2/h3H2,1-2H3",-2.93,1,88.0524295
FC(F)(F)[C@H](Cl)Br,"InChI=1S/C2HBrClF3/c3-1(4)2(5,6)7/h1H/t1-/m0/s1",-0.11,0,195.8902245
Cc1ccc(O)c(C)c1,"InChI=1S/C8H10O/c1-6-3-4-8(9)7(2)5-6/h3-5,9H,1-2H3",-6.01,0,122.0731649
C[C@H](Cl)CCl,"InChI=1S/C3H6Cl2/c1-3(5)2-4/h3H,2H2,1H3/t3-/m0/s1",-1.27,1,111.9846556
COc1cccc(O)c1,"InChI=1S/C7H8O2/c1-9-7-4-2-3-6(8)5-7/h2-5,8H,1H3",-7.66,1,124.0524295
Cc1ccc(C)c(O)c1,"InChI=1S/C8H10O/c1-6-3-4-7(2)8(9)5-6/h3-5,9H,1-2H3",-5.91,0,122.0731649
CC[C@@H](C)c1cc([N+](=O)[O-])cc([N+](=O)[O-])c1O,"InChI=1S/C10H12N2O5/c1-3-6(2)8-4-7(11(14)15)5-9(10(8)13)12(16)17/h4-6,13H,3H2,1-2H3/t6-/m1/s1",-6.23,4,240.0746215
CCCO,"InChI=1S/C3H8O/c1-2-3-4/h4H,2-3H2,1H3",-4.85,1,60.05751488
Ic1ccccc1,InChI=1S/C6H5I/c7-6-4-2-1-3-5-6/h1-5H,-1.74,0,203.9435982
CN(C)C,InChI=1S/C3H9N/c1-4(2)3/h1-3H3,-3.2,0,59.07349929
CCCCC(=O)O,"InChI=1S/C5H10O2/c1-2-3-4-5(6)7/h2-4H2,1H3,(H,6,7)",-6.16,3,102.0680796
CCCCOC(C)=O,"InChI=1S/C6H12O2/c1-3-4-5-8-6(2)7/h3-5H2,1-2H3",-2.64,3,116.0837296
OCC(F)(F)F,"InChI=1S/C2H3F3O/c3-2(4,5)1-6/h6H,1H2",-4.31,0,100.0135994
CCC(C)(C)C,"InChI=1S/C6H14/c1-5-6(2,3)4/h5H2,1-4H3",2.51,0,86.10955045
CCCCS,"InChI=1S/C4H10S/c1-2-3-4-5/h5H,2-4H2,1H3",-0.99,2,90.05032132
CC(C)NC(C)C,"InChI=1S/C6H15N/c1-5(2)7-6(3)4/h5-7H,1-4H3",-3.22,2,101.1204495
CC(=O)OCC(COC(C)=O)OC(C)=O,"InChI=1S/C9H14O6/c1-6(10)13-4-9(15-8(3)12)5-14-7(2)11/h9H,4-5H2,1-3H3",-8.84,5,218.0790382
OCCCc1ccccc1,"InChI=1S/C9H12O/c10-8-4-7-9-5-2-1-3-6-9/h1-3,5-6,10H,4,7-8H2",-6.92,3,136.088815
CC(C)Cc1ccc([C@H](C)C(=O)O)cc1,"InChI=1S/C13H18O2/c1-9(2)8-11-4-6-12(7-5-11)10(3)13(14)15/h4-7,9-10H,8H2,1-3H3,(H,14,15)/t10-/m0/s1",-7,4,206.1306798
CC(C)CO[N+](=O)[O-],"InChI=1S/C4H9NO3/c1-4(2)3-8-5(6)7/h4H,3H2,1-2H3",-1.88,3,119.0582431
CC[C@H](C)Cl,"InChI=1S/C4H9Cl/c1-3-4(2)5/h4H,3H2,1-2H3/t4-/m0/s1",0,1,92.03927797
Brc1ccc(Br)cc1,InChI=1S/C6H4Br2/c7-5-1-2-6(8)4-3-5/h1-4H,-2.3,0,233.8679743
ClCC(Cl)(Cl)Cl,"InChI=1S/C2H2Cl4/c3-1-2(4,5)6/h1H2",-1.43,0,165.8910608
Cc1ccccc1[N+](=O)[O-],"InChI=1S/C7H7NO2/c1-6-4-2-3-5-7(6)8(9)10/h2-5H,1H3",-3.58,1,137.0476785
CCCCCCCBr,"InChI=1S/C7H15Br/c1-2-3-4-5-6-7-8/h2-7H2,1H3",0.34,5,178.0357126
ClC1=C(Cl)[C@]2(Cl)[C@@H]3[C@@H](Cl)C=C[C@@H]3[C@@]1(Cl)C2(Cl)Cl,"InChI=1S/C10H5Cl7/c11-4-2-1-3-5(4)9(15)7(13)6(12)8(3,14)10(9,16)17/h1-5H/t3-,4-,5-,8-,9+/m0/s1",-2.55,0,369.8210939
CC1=CC(=O)CC(C)(C)C1,"InChI=1S/C9H14O/c1-7-4-8(10)6-9(2,3)5-7/h4H,5-6H2,1-3H3",-5.18,0,138.1044651
Oc1cccc(Cl)c1,"InChI=1S/C6H5ClO/c7-5-2-1-3-6(8)4-5/h1-4,8H",-6.62,0,128.0028925
CCOC(C)OCC,"InChI=1S/C6H14O2/c1-4-7-6(3)8-5-2/h6H,4-5H2,1-3H3",-3.28,4,118.0993797
CCBr,"InChI=1S/C2H5Br/c1-2-3/h2H2,1H3",-0.74,0,107.9574623
CC(C)C(C)C,"InChI=1S/C6H14/c1-5(2)6(3)4/h5-6H,1-4H3",2.34,1,86.10955045
O=C1CCCCC1,InChI=1S/C6H10O/c7-6-4-2-1-3-5-6/h1-5H2,-4.91,0,98.07316494
c1ccc(Cn2ccnc2)cc1,"InChI=1S/C10H10N2/c1-2-4-10(5-3-1)8-12-7-6-11-9-12/h1-7,9H,8H2",-7.63,2,158.0843983
CCOCC,"InChI=1S/C4H10O/c1-3-5-4-2/h3-4H2,1-2H3",-1.59,2,74.07316494
O=Cc1ccc(O)cc1,"InChI=1S/C7H6O2/c8-5-6-1-3-7(9)4-2-6/h1-5,9H",-8.83,1,122.0367794
C=C(C)C,"InChI=1S/C4H8/c1-4(2)3/h1H2,2-3H3",1.16,0,56.06260026
Clc1ccc(Cl)c(-c2cc(Cl)c(Cl)c(Cl)c2)c1,InChI=1S/C12H5Cl5/c13-7-1-2-9(14)8(5-7)6-3-10(15)12(17)11(16)4-6/h1-5H,-3.61,1,323.8833886
Oc1cccc2ccccc12,"InChI=1S/C10H8O/c11-10-7-3-5-8-4-1-2-6-9(8)10/h1-7,11H",-7.67,0,144.0575149
CCc1cccnc1,"InChI=1S/C7H9N/c1-2-7-4-3-5-8-6-7/h3-6H,2H2,1H3",-4.59,1,107.0734993
Cc1ccc(C)cc1,"InChI=1S/C8H10/c1-7-3-5-8(2)6-4-7/h3-6H,1-2H3",-0.8,0,106.0782503
ClC1=C(Cl)[C@]2(Cl)[C@H]3[C@@H](Cl)C[C@@H](Cl)[C@H]3[C@@]1(Cl)C2(Cl)Cl,"InChI=1S/C10H6Cl8/c11-2-1-3(12)5-4(2)8(15)6(13)7(14)9(5,16)10(8,17)18/h2-5H,1H2/t2-,3+,4-,5+,8+,9-",-3.44,0,405.7977716
C1=CCCC1,"InChI=1S/C5H8/c1-2-4-5-3-1/h1-2H,3-5H2",0.56,0,68.06260026
CC(C)OC=O,"InChI=1S/C4H8O2/c1-4(2)6-3-5/h3-4H,1-2H3",-2.02,2,88.0524295
C=C(C)C(=C)C,"InChI=1S/C6H10/c1-5(2)6(3)4/h1,3H2,2,4H3",0.4,1,82.07825032
BrC(Br)Br,InChI=1S/CHBr3/c2-1(3)4/h1H,-2.13,0,249.7628363
CS(C)=O,InChI=1S/C2H6OS/c1-4(2)3/h1-2H3,-9.28,0,78.01393581
CCOC(C)=O,"InChI=1S/C4H8O2/c1-3-6-4(2)5/h3H2,1-2H3",-2.94,1,88.0524295
CCOC(=O)C[C@@H](SP(=S)(OC)OC)C(=O)OCC,"InChI=1S/C10H19O6PS2/c1-5-15-9(11)7-8(10(12)16-6-2)19-17(18,13-3)14-4/h8H,5-7H2,1-4H3/t8-/m1/s1",-8.15,9,330.036067
Sc1ccccc1,"InChI=1S/C6H6S/c7-6-4-2-1-3-5-6/h1-5,7H",-2.55,0,110.0190212
Clc1ccccc1-c1ccccc1,InChI=1S/C12H9Cl/c13-12-9-5-4-8-11(12)10-6-2-1-3-7-10/h1-9H,-2.69,1,188.039278
COC(=O)c1ccccc1,"InChI=1S/C8H8O2/c1-10-8(9)7-5-3-2-4-6-7/h2-6H,1H3",-3.92,1,136.0524295
Clc1ccc(Cl)cc1,InChI=1S/C6H4Cl2/c7-5-1-2-6(8)4-3-5/h1-4H,-1.01,0,145.9690055
Clc1ccc2c(c1)Oc1ccccc1O2,InChI=1S/C12H7ClO2/c13-8-5-6-11-12(7-8)15-10-4-2-1-3-9(10)14-11/h1-7H,-3.1,0,218.0134571
CSC,InChI=1S/C2H6S/c1-3-2/h1-2H3,-1.61,0,62.01902119
OC1CCCCC1,"InChI=1S/C6H12O/c7-6-4-2-1-3-5-6/h6-7H,1-5H2",-5.46,0,100.088815
OCCO,"InChI=1S/C2H6O2/c3-1-2-4/h3-4H,1-2H2",-9.3,1,62.03677943
CCCI,"InChI=1S/C3H7I/c1-2-3-4/h2-3H2,1H3",-0.53,1,169.9592482
Clc1cc(-c2ccccc2)c(Cl)c(Cl)c1Cl,InChI=1S/C12H6Cl4/c13-9-6-8(7-4-2-1-3-5-7)10(14)12(16)11(9)15/h1-6H,-3.48,1,289.9223609
COC=O,"InChI=1S/C2H4O2/c1-4-2-3/h2H,1H3",-2.78,1,60.02112937
CC#N,InChI=1S/C2H3N/c1-2-3/h1H3,-3.88,0,41.0265491
O=c1cc(Cl)[nH]c(=O)[nH]1,"InChI=1S/C4H3ClN2O2/c5-2-1-3(8)7-4(9)6-2/h1H,(H2,6,7,8,9)",-15.83,0,145.988305
COCOC,"InChI=1S/C3H8O2/c1-4-3-5-2/h3H2,1-2H3",-2.93,2,76.0524295
CCCl,"InChI=1S/C2H5Cl/c1-2-3/h2H2,1H3",-0.63,0,64.00797784
CCCCCOC(=O)CC,"InChI=1S/C8H16O2/c1-3-5-6-7-10-8(9)4-2/h3-7H2,1-2H3",-2.11,5,144.1150298
CCCCC(C)C,"InChI=1S/C7H16/c1-4-5-6-7(2)3/h7H,4-6H2,1-3H3",2.93,3,100.1252005
OCC(O)CO,"InChI=1S/C3H8O3/c4-1-3(6)2-5/h3-6H,1-2H2",-13.43,2,92.04734412
C1CCCC1,InChI=1S/C5H10/c1-2-4-5-3-1/h1-5H2,1.2,0,70.07825032
COC(=O)C1CCCCC1,"InChI=1S/C8H14O2/c1-10-8(9)7-5-3-2-4-6-7/h7H,2-6H2,1H3",-3.3,1,142.0993797
CCCNCCC,"InChI=1S/C6H15N/c1-3-5-7-6-4-2/h7H,3-6H2,1-2H3",-3.65,4,101.1204495
CCCCCCN,"InChI=1S/C6H15N/c1-2-3-4-5-6-7/h2-7H2,1H3",-3.95,4,101.1204495
O=c1[nH]cc(I)c(=O)[nH]1,"InChI=1S/C4H3IN2O2/c5-2-1-6-4(9)7-3(2)8/h1H,(H2,6,7,8,9)",-18.72,0,237.9239253
CC(C)CBr,"InChI=1S/C4H9Br/c1-4(2)3-5/h4H,3H2,1-2H3",-0.03,1,135.9887624
c1ccc2ncccc2c1,InChI=1S/C9H7N/c1-2-6-9-8(4-1)5-3-7-10-9/h1-7H,-5.72,0,129.0578492
Nc1cccc(Cl)c1,"InChI=1S/C6H6ClN/c7-5-2-1-3-6(8)4-5/h1-4H,8H2",-5.82,0,127.0188769
CC(C)COC=O,"InChI=1S/C5H10O2/c1-5(2)3-7-4-6/h4-5H,3H2,1-2H3",-2.22,3,102.0680796
Cc1cccc(O)c1,"InChI=1S/C7H8O/c1-6-3-2-4-7(8)5-6/h2-5,8H,1H3",-5.49,0,108.0575149
C=CC(=C)C,"InChI=1S/C5H8/c1-4-5(2)3/h4H,1-2H2,3H3",0.68,1,68.06260026
CCc1ccc(O)cc1,"InChI=1S/C8H10O/c1-2-7-3-5-8(9)6-4-7/h3-6,9H,2H2,1H3",-6.13,1,122.0731649
CCCCC,"InChI=1S/C5H12/c1-3-5-4-2/h3-5H2,1-2H3",2.3,2,72.09390038
CCOP(=S)(OCC)Oc1cc(C)nc(C(C)C)n1,"InChI=1S/C12H21N2O3PS/c1-6-15-18(19,16-7-2)17-11-8-10(5)13-12(14-11)9(3)4/h8-9H,6-7H2,1-5H3",-6.48,7,304.1010502
Clc1cccc(Cl)c1Cl,InChI=1S/C6H3Cl3/c7-4-2-1-3-5(8)6(4)9/h1-3H,-1.24,0,179.9300331
c1ccccc1,InChI=1S/C6H6/c1-2-4-6-5-3-1/h1-6H,-0.9,0,78.04695019
CCCC(=O)O,"InChI=1S/C4H8O2/c1-2-3-4(5)6/h2-3H2,1H3,(H,5,6)",-6.35,2,88.0524295
C=C[C@@](C)(CCC=C(C)C)OC(C)=O,"InChI=1S/C12H20O2/c1-6-12(5,14-11(4)13)9-7-8-10(2)3/h6,8H,1,7,9H2,2-5H3/t12-/m0/s1",-2.49,5,196.1463299
COS(C)(=O)=O,"InChI=1S/C2H6O3S/c1-5-6(2,3)4/h1-2H3",-4.87,1,110.0037651
CCCC(C)(C)C,"InChI=1S/C7H16/c1-5-6-7(2,3)4/h5-6H2,1-4H3",2.88,1,100.1252005
CCCCc1ccccc1,"InChI=1S/C10H14/c1-2-3-7-10-8-5-4-6-9-10/h4-6,8-9H,2-3,7H2,1H3",-0.4,3,134.1095504
CN1CCN(C)CC1,"InChI=1S/C6H14N2/c1-7-3-5-8(2)6-4-7/h3-6H2,1-2H3",-7.58,0,114.1156984
C[C@H](C(=O)O)c1cccc(C(=O)c2ccccc2)c1,"InChI=1S/C16H14O3/c1-11(16(18)19)13-8-5-9-14(10-13)15(17)12-6-3-2-4-7-12/h2-11H,1H3,(H,18,19)/t11-/m0/s1",-10.78,4,254.0942943
C1=CC=CCC=C1,"InChI=1S/C7H8/c1-2-4-6-7-5-3-1/h1-6H,7H2",-0.99,0,92.06260026
C=C(C)c1ccccc1,"InChI=1S/C9H10/c1-8(2)9-6-4-3-5-7-9/h3-7H,1H2,2H3",-1.24,1,118.0782503
O=[N+]([O-])c1c(Cl)c(Cl)c(Cl)c(Cl)c1Cl,InChI=1S/C6Cl5NO2/c7-1-2(8)4(10)6(12(13)14)5(11)3(1)9,-5.22,1,292.8371666
CCCCCCCl,"InChI=1S/C6H13Cl/c1-2-3-4-5-6-7/h2-6H2,1H3",0,4,120.0705781
C=CCCC=C,"InChI=1S/C6H10/c1-3-5-6-4-2/h3-4H,1-2,5-6H2",1.01,3,82.07825032
C=CCCCCCC,"InChI=1S/C8H16/c1-3-5-7-8-6-4-2/h3H,1,4-8H2,2H3",1.92,5,112.1252005
Nc1ccccc1Cl,"InChI=1S/C6H6ClN/c7-5-3-1-2-4-6(5)8/h1-4H,8H2",-4.91,0,127.0188769
CBr,InChI=1S/CH3Br/c1-2/h1H3,-0.82,0,93.9418122
CCCC,"InChI=1S/C4H10/c1-3-4-2/h3-4H2,1-2H3",2.1,1,58.07825032
Cc1ccc(C(=O)N(C)C)cc1,"InChI=1S/C10H13NO/c1-8-4-6-9(7-5-8)10(12)11(2)3/h4-7H,1-3H3",-9.76,1,163.099714
CC(C)C(C)C(C)C,"InChI=1S/C8H18/c1-6(2)8(5)7(3)4/h6-8H,1-5H3",2.56,2,114.1408506
C=C(c1ccccc1)c1ccccc1,"InChI=1S/C14H12/c1-12(13-8-4-2-5-9-13)14-10-6-3-7-11-14/h2-11H,1H2",-2.78,2,180.0939004
C=CCCCCC,"InChI=1S/C7H14/c1-3-5-7-6-4-2/h3H,1,4-7H2,2H3",1.66,4,98.10955045
CC[C@H](C)O[N+](=O)[O-],"InChI=1S/C4H9NO3/c1-3-4(2)8-5(6)7/h4H,3H2,1-2H3/t4-/m0/s1",-1.82,3,119.0582431
CC(C)=CCC/C(C)=C\CO,"InChI=1S/C10H18O/c1-9(2)5-4-6-10(3)7-8-11/h5,7,11H,4,6,8H2,1-3H3/b10-7-",-4.78,4,154.1357652
C[C@@H](O)C(F)(F)F,"InChI=1S/C3H5F3O/c1-2(7)3(4,5)6/h2,7H,1H3/t2-/m1/s1",-4.2,0,114.0292494
CC(C)I,"InChI=1S/C3H7I/c1-3(2)4/h3H,1-2H3",-0.46,0,169.9592482
CSSC,InChI=1S/C2H6S2/c1-3-4-2/h1-2H3,-1.83,1,93.99109219
CCCOC(=O)CCC,"InChI=1S/C7H14O2/c1-3-5-7(8)9-6-4-2/h3-6H2,1-2H3",-2.28,4,130.0993797
CC(C)CCOC=O,"InChI=1S/C6H12O2/c1-6(2)3-4-8-5-7/h5-6H,3-4H2,1-2H3",-2.13,4,116.0837296
C[C@H]1CCCO1,"InChI=1S/C5H10O/c1-5-3-2-4-6-5/h5H,2-4H2,1H3/t5-/m0/s1",-3.3,0,86.07316494
CC(=O)CO[N+](=O)[O-],"InChI=1S/C3H5NO4/c1-3(5)2-8-4(6)7/h2H2,1H3",-5.99,3,119.0218576
CS,"InChI=1S/CH4S/c1-2/h2H,1H3",-1.2,0,48.00337113
CC(C)(C)c1ccccc1,"InChI=1S/C10H14/c1-10(2,3)9-7-5-4-6-8-9/h4-8H,1-3H3",-0.44,0,134.1095504
CCC(C)(C)O,"InChI=1S/C5H12O/c1-4-5(2,3)6/h6H,4H2,1-3H3",-4.43,1,88.088815
CCCC(C)(C)O,"InChI=1S/C6H14O/c1-4-5-6(2,3)7/h7H,4-5H2,1-3H3",-3.92,2,102.1044651
O=C1c2ccccc2C(=O)c2c(NCCO)cccc21,"InChI=1S/C16H13NO3/c18-9-8-17-13-7-3-6-12-14(13)16(20)11-5-2-1-4-10(11)15(12)19/h1-7,17-18H,8-9H2",-14.21,3,267.0895433
Cc1ccc(O)cc1C,"InChI=1S/C8H10O/c1-6-3-4-8(9)5-7(6)2/h3-5,9H,1-2H3",-6.5,0,122.0731649
OCCc1ccccc1,"InChI=1S/C8H10O/c9-7-6-8-4-2-1-3-5-8/h1-5,9H,6-7H2",-6.79,2,122.0731649
CCCCCCC,"InChI=1S/C7H16/c1-3-5-7-6-4-2/h3-7H2,1-2H3",2.67,4,100.1252005
Cc1cccnc1C,"InChI=1S/C7H9N/c1-6-4-3-5-8-7(6)2/h3-5H,1-2H3",-4.82,0,107.0734993
C=CC(C)C,"InChI=1S/C5H10/c1-4-5(2)3/h4-5H,1H2,2-3H3",1.83,1,70.07825032
CF,InChI=1S/CH3F/c1-2/h1H3,-0.22,0,34.02187832
CCC#N,"InChI=1S/C3H5N/c1-2-3-4/h2H2,1H3",-3.84,0,55.04219916
C=C(C)[C@@H]1CC[C@@H](C)C(=O)C1,"InChI=1S/C10H16O/c1-7(2)9-5-4-8(3)10(11)6-9/h8-9H,1,4-6H2,2-3H3/t8-,9-/m1/s1",-3.75,1,152.1201151
CCCCCC1CCCC1,"InChI=1S/C10H20/c1-2-3-4-7-10-8-5-6-9-10/h10H,2-9H2,1H3",2.55,4,140.1565006
FC(F)O[C@H](Cl)C(F)(F)F,"InChI=1S/C3H2ClF5O/c4-1(3(7,8)9)10-2(5)6/h1-2H/t1-/m0/s1",0.1,2,183.9714335
Cc1cccc(Nc2ccccc2C(=O)O)c1C,"InChI=1S/C15H15NO2/c1-10-6-5-9-13(11(10)2)16-14-8-4-3-7-12(14)15(17)18/h3-9,16H,1-2H3,(H,17,18)",-6.78,3,241.1102787
CC[C@@H](C)CO,"InChI=1S/C5H12O/c1-3-5(2)4-6/h5-6H,3-4H2,1-2H3/t5-/m1/s1",-4.42,2,88.088815
CCC(=O)Nc1ccc(Cl)c(Cl)c1,"InChI=1S/C9H9Cl2NO/c1-2-9(13)12-6-3-4-7(10)8(11)5-6/h3-5H,2H2,1H3,(H,12,13)",-7.78,2,217.0061193
CC[C@@H](C)C(C)C,"InChI=1S/C7H16/c1-5-7(4)6(2)3/h6-7H,5H2,1-4H3/t7-/m1/s1",2.52,2,100.1252005
CC(=O)O,"InChI=1S/C2H4O2/c1-2(3)4/h1H3,(H,3,4)",-6.69,0,60.02112937
ClCCCCl,InChI=1S/C3H6Cl2/c4-2-1-3-5/h1-3H2,-1.89,2,111.9846556
OC[C@H]1O[C@@H](O)[C@H](O)[C@@H](O)[C@@H]1O,"InChI=1S/C6H12O6/c7-1-2-3(8)4(9)5(10)6(11)12-2/h2-11H,1H2/t2-,3-,4+,5-,6-/m1/s1",-25.47,1,180.0633881
Nc1ccccc1[N+](=O)[O-],"InChI=1S/C6H6N2O2/c7-5-3-1-2-4-6(5)8(9)10/h1-4H,7H2",-7.37,1,138.0429274
CC1=CCCCC1,"InChI=1S/C7H12/c1-7-5-3-2-4-6-7/h5H,2-4,6H2,1H3",0.67,0,96.09390038
COc1ccccc1,"InChI=1S/C7H8O/c1-8-7-5-3-2-4-6-7/h2-6H,1H3",-2.45,1,108.0575149
COC(C)C,"InChI=1S/C4H10O/c1-4(2)5-3/h4H,1-3H3",-2.01,1,74.07316494
CCCN(CC1CC1)c1c([N+](=O)[O-])cc(C(F)(F)F)cc1[N+](=O)[O-],"InChI=1S/C14H16F3N3O4/c1-2-5-18(8-9-3-4-9)13-11(19(21)22)6-10(14(15,16)17)7-12(13)20(23)24/h6-7,9H,2-5,8H2,1H3",-2.45,7,347.1092907
CCOP(=S)(OCC)SCSCC,"InChI=1S/C7H17O2PS3/c1-4-8-10(11,9-5-2)13-7-12-6-3/h4-7H2,1-3H3",-4.37,8,260.0128294
COCC(OC)(OC)OC,"InChI=1S/C6H14O4/c1-7-5-6(8-2,9-3)10-4/h5H2,1-4H3",-5.73,5,150.0892089
N,InChI=1S/H3N/h1H3,-4.29,0,17.0265491
CCCC[N+](=O)[O-],"InChI=1S/C4H9NO2/c1-2-3-4-5(6)7/h2-4H2,1H3",-3.09,3,103.0633285
C=C(C)[C@@H]1CC=C(C=O)CC1,"InChI=1S/C10H14O/c1-8(2)10-5-3-9(7-11)4-6-10/h3,7,10H,1,4-6H2,2H3/t10-/m1/s1",-4.09,2,150.1044651
O=[N+]([O-])OCCO,"InChI=1S/C2H5NO4/c4-1-2-7-3(5)6/h4H,1-2H2",-8.18,3,107.0218576
CC(C)CCO,"InChI=1S/C5H12O/c1-5(2)3-4-6/h5-6H,3-4H2,1-2H3",-4.42,2,88.088815
CCSC,"InChI=1S/C3H8S/c1-3-4-2/h3H2,1-2H3",-1.5,1,76.03467126
COP(=O)(OC)[C@@H](O)C(Cl)(Cl)Cl,"InChI=1S/C4H8Cl3O4P/c1-10-12(9,11-2)3(8)4(5,6)7/h3,8H,1-2H3/t3-/m1/s1",-12.74,3,255.9225784
CCc1ccccn1,"InChI=1S/C7H9N/c1-2-7-5-3-4-6-8-7/h3-6H,2H2,1H3",-4.33,1,107.0734993
CCOP(=S)(OCC)Oc1nc(Cl)c(Cl)cc1Cl,"InChI=1S/C9H11Cl3NO3PS/c1-3-14-17(18,15-4-2)16-9-7(11)5-6(10)8(12)13-9/h5H,3-4H2,1-2H3",-5.04,6,348.9262839
O=C(O)c1cc(-c2ccc(F)cc2F)ccc1O,"InChI=1S/C13H8F2O3/c14-8-2-3-9(11(15)6-8)7-1-4-12(16)10(5-7)13(17)18/h1-6,16H,(H,17,18)",-9.4,2,250.0441506
F[C@H](Br)C(F)(F)F,"InChI=1S/C2HBrF4/c3-1(4)2(5,6)7/h1H/t1-/m0/s1",0.5,0,179.919775
COCCN,"InChI=1S/C3H9NO/c1-5-3-2-4/h2-4H2,1H3",-6.55,2,75.06841391
Cc1cccc([N+](=O)[O-])c1,"InChI=1S/C7H7NO2/c1-6-3-2-4-7(5-6)8(9)10/h2-5H,1H3",-3.45,1,137.0476785
Cn1c(=O)c2c(ncn2C)n(C)c1=O,"InChI=1S/C8H10N4O2/c1-10-4-9-6-5(10)7(13)12(3)8(14)11(6)2/h4H,1-3H3",-12.64,0,194.0803756
CCCSCCC,"InChI=1S/C6H14S/c1-3-5-7-6-4-2/h3-6H2,1-2H3",-1.28,4,118.0816214
CCCCCCCC(=O)OC,"InChI=1S/C9H18O2/c1-3-4-5-6-7-8-9(10)11-2/h3-8H2,1-2H3",-2.04,6,158.1306798
Cc1cc(C)c2ccccc2c1,"InChI=1S/C12H12/c1-9-7-10(2)12-6-4-3-5-11(12)8-9/h3-8H,1-2H3",-2.47,0,156.0939004
CC(C)[N+](=O)[O-],"InChI=1S/C3H7NO2/c1-3(2)4(5)6/h3H,1-2H3",-3.13,1,89.04767846
Cc1cccc(C)c1N,"InChI=1S/C8H11N/c1-6-4-3-5-7(2)8(6)9/h3-5H,9H2,1-2H3",-5.21,0,121.0891494
CCCOC(=O)CC,"InChI=1S/C6H12O2/c1-3-5-8-6(7)4-2/h3-5H2,1-2H3",-2.44,3,116.0837296
CC1CCC(C)CC1,"InChI=1S/C8H16/c1-7-3-5-8(2)6-4-7/h7-8H,3-6H2,1-2H3",2.11,0,112.1252005
C=C(C)CCC,"InChI=1S/C6H12/c1-4-5-6(2)3/h2,4-5H2,1,3H3",1.47,2,84.09390038
CCCCC(C)=O,"InChI=1S/C6H12O/c1-3-4-5-6(2)7/h3-5H2,1-2H3",-3.28,3,100.088815
CC(=O)Oc1ccccc1C(=O)O,"InChI=1S/C9H8O4/c1-6(10)13-8-5-3-2-4-7(8)9(11)12/h2-5H,1H3,(H,11,12)",-9.94,2,180.0422587
C1CCNC1,"InChI=1S/C4H9N/c1-2-4-5-3-1/h5H,1-4H2",-5.48,0,71.07349929
Cc1nc(N(C)C)nc(OC(=O)N(C)C)c1C,InChI=1S/C11H18N4O2/c1-7-8(2)12-10(14(3)4)13-9(7)17-11(16)15(5)6/h1-6H3,-9.41,2,238.1429758
COC(=O)c1ccc([N+](=O)[O-])cc1,"InChI=1S/C8H7NO4/c1-13-8(10)6-2-4-7(5-3-6)9(11)12/h2-5H,1H3",-6.88,2,181.0375077
CNC,"InChI=1S/C2H7N/c1-3-2/h3H,1-2H3",-4.29,0,45.05784922
C=CCCC,"InChI=1S/C5H10/c1-3-5-4-2/h3H,1,4-5H2,2H3",1.68,2,70.07825032
CC(C)Br,"InChI=1S/C3H7Br/c1-3(2)4/h3H,1-2H3",-0.48,0,121.9731123
ClC(Cl)Cl,InChI=1S/CHCl3/c2-1(3)4/h1H,-1.08,0,117.9143831
CN1CCCCC1,"InChI=1S/C6H13N/c1-7-5-3-2-4-6-7/h2-6H2,1H3",-3.88,0,99.10479942
COP(=O)(OC)OC,"InChI=1S/C3H9O4P/c1-5-8(4,6-2)7-3/h1-3H3",-8.7,3,140.0238454
CNC(=O)Oc1cccc2c1OC(C)(C)C2,"InChI=1S/C12H15NO3/c1-12(2)7-8-5-4-6-9(10(8)16-12)15-11(14)13-3/h4-6H,7H2,1-3H3,(H,13,14)",-9.61,1,221.1051933
ClCCBr,InChI=1S/C2H4BrCl/c3-1-2-4/h1-2H2,-1.95,1,141.9184899
CCCCCN,"InChI=1S/C5H13N/c1-2-3-4-5-6/h2-6H2,1H3",-4.09,3,87.10479942
Clc1cc(Cl)c(-c2ccccc2)c(Cl)c1,InChI=1S/C12H7Cl3/c13-9-6-10(14)12(11(15)7-9)8-4-2-1-3-5-8/h1-7H,-2.16,1,255.9613333
C#CCCCC,"InChI=1S/C6H10/c1-3-5-6-4-2/h1H,4-6H2,2H3",0.29,2,82.07825032
O=Cc1cccc(O)c1,"InChI=1S/C7H6O2/c8-5-6-2-1-3-7(9)4-6/h1-5,9H",-9.52,1,122.0367794
CN(CC(F)(F)F)c1ccccc1,"InChI=1S/C9H10F3N/c1-13(7-9(10,11)12)8-5-3-2-4-6-8/h2-6H,7H2,1H3",-1.92,2,189.076534
CN(C)C(=O)c1ccccc1,"InChI=1S/C9H11NO/c1-10(2)9(11)8-6-4-3-5-7-8/h3-7H,1-2H3",-9.29,1,149.084064
CC(=O)c1ccncc1,"InChI=1S/C7H7NO/c1-6(9)7-2-4-8-5-3-7/h2-5H,1H3",-7.62,1,121.0527638
ClC1=C(Cl)[C@]2(Cl)[C@H]3[C@H]4C[C@H]([C@@H]5O[C@@H]54)[C@H]3[C@@]1(Cl)C2(Cl)Cl,"InChI=1S/C12H8Cl6O/c13-8-9(14)11(16)5-3-1-2(6-7(3)19-6)4(5)10(8,15)12(11,17)18/h2-7H,1H2/t2-,3+,4+,5-,6-,7+,10-,11+",-4.82,0,377.870631
CCN(CC)CC,"InChI=1S/C6H15N/c1-4-7(5-2)6-3/h4-6H2,1-3H3",-3.22,3,101.1204495
CCOP(=O)(OCC)OCC,"InChI=1S/C6H15O4P/c1-4-8-11(7,9-5-2)10-6-3/h4-6H2,1-3H3",-7.5,6,182.0707956
ClC(Cl)C(Cl)(Cl)Cl,"InChI=1S/C2HCl5/c3-1(4)2(5,6)7/h1H",-1.23,0,199.8520884
CC(C)C[C@@H](C)O,"InChI=1S/C6H14O/c1-5(2)4-6(3)7/h5-7H,4H2,1-3H3/t6-/m1/s1",-3.73,2,102.1044651
c1ccc2c(c1)CCC2,"InChI=1S/C9H10/c1-2-5-9-7-3-6-8(9)4-1/h1-2,4-5H,3,6-7H2",-1.46,0,118.0782503
OC[C@@H](O)[C@@H](O)[C@H](O)[C@H](O)CO,"InChI=1S/C6H14O6/c7-1-3(9)5(11)6(12)4(10)2-8/h3-12H,1-2H2/t3-,4-,5-,6-/m1/s1",-23.62,5,182.0790382
Cc1ccc(C)nc1,"InChI=1S/C7H9N/c1-6-3-4-7(2)8-5-6/h3-5H,1-2H3",-4.72,0,107.0734993
COc1cccc(OC)c1O,"InChI=1S/C8H10O3/c1-10-6-4-3-5-7(11-2)8(6)9/h3-5,9H,1-2H3",-6.96,2,154.0629942
COc1ccccc1N,"InChI=1S/C7H9NO/c1-9-7-5-3-2-4-6(7)8/h2-5H,8H2,1H3",-6.12,1,123.0684139
c1ccc2c(c1)ccc1ccccc12,InChI=1S/C14H10/c1-3-7-13-11(5-1)9-10-12-6-2-4-8-14(12)13/h1-10H,-3.88,0,178.0782503
O=COc1ccccc1,InChI=1S/C7H6O2/c8-6-9-7-4-2-1-3-5-7/h1-6H,-3.82,2,122.0367794
Clc1ccc(Cl)c(-c2ccccc2)c1,InChI=1S/C12H8Cl2/c13-10-6-7-12(14)11(8-10)9-4-2-1-3-5-9/h1-8H,-2.46,1,222.0003056
CCCCCOC(C)=O,"InChI=1S/C7H14O2/c1-3-4-5-6-9-7(2)8/h3-6H2,1-2H3",-2.51,4,130.0993797
CCNc1nc(Cl)nc(NCC)n1,"InChI=1S/C7H12ClN5/c1-3-9-6-11-5(8)12-7(13-6)10-4-2/h3-4H2,1-2H3,(H2,9,10,11,12,13)",-10.22,4,201.0781231
COc1cc(C=O)c(Cl)c(OC)c1O,"InChI=1S/C9H9ClO4/c1-13-6-3-5(4-11)7(10)9(14-2)8(6)12/h3-4,12H,1-2H3",-7.78,3,216.0189364
CC[C@H](C)c1ccccc1,"InChI=1S/C10H14/c1-3-9(2)10-7-5-4-6-8-10/h4-9H,3H2,1-2H3/t9-/m0/s1",-0.45,2,134.1095504
FC(F)(F)c1ccccc1,"InChI=1S/C7H5F3/c8-7(9,10)6-4-2-1-3-5-6/h1-5H",-0.25,0,146.0343348
C1CNC1,"InChI=1S/C3H7N/c1-2-4-3-1/h4H,1-3H2",-5.56,0,57.05784922
c1ccc(-c2ccccc2)cc1,InChI=1S/C12H10/c1-3-7-11(8-4-1)12-9-5-2-6-10-12/h1-10H,-2.7,1,154.0782503
COc1c(Cl)ccc(Cl)c1C(=O)O,"InChI=1S/C8H6Cl2O3/c1-13-7-5(10)3-2-4(9)6(7)8(11)12/h2-3H,1H3,(H,11,12)",-9.86,2,219.9693994
CC[C@H](C)n1c(=O)[nH]c(C)c(Br)c1=O,"InChI=1S/C9H13BrN2O2/c1-4-5(2)12-8(13)7(10)6(3)11-9(12)14/h5H,4H2,1-3H3,(H,11,14)/t5-/m0/s1",-9.73,2,260.0160398
O=Cc1ccncc1,InChI=1S/C6H5NO/c8-5-6-1-3-7-4-2-6/h1-5H,-7,1,107.0371138
Nc1cccc2c1C(=O)c1ccccc1C2=O,"InChI=1S/C14H9NO2/c15-11-7-3-6-10-12(11)14(17)9-5-2-1-4-8(9)13(10)16/h1-7H,15H2",-9.44,0,223.0633285
Cc1c[nH]cn1,"InChI=1S/C4H6N2/c1-4-2-5-3-6-4/h2-3H,1H3,(H,5,6)",-10.27,0,82.05309819
Clc1ccccc1,InChI=1S/C6H5Cl/c7-6-4-2-1-3-5-6/h1-5H,-1.12,0,112.0079778
CCCC1CCCC1,"InChI=1S/C8H16/c1-2-5-8-6-3-4-7-8/h8H,2-7H2,1H3",2.13,2,112.1252005
Clc1ccc2c(c1)Oc1c(Cl)c(Cl)c(Cl)c(Cl)c1O2,InChI=1S/C12H3Cl5O2/c13-4-1-2-5-6(3-4)19-12-10(17)8(15)7(14)9(16)11(12)18-5/h1-3H,-4.15,0,353.8575677
CCCCCCCC,"InChI=1S/C8H18/c1-3-5-7-8-6-4-2/h3-8H2,1-2H3",2.88,5,114.1408506
CC(C)COC(=O)C(C)C,"InChI=1S/C8H16O2/c1-6(2)5-10-8(9)7(3)4/h6-7H,5H2,1-4H3",-1.69,3,144.1150298
Nc1ccccc1,"InChI=1S/C6H7N/c7-6-4-2-1-3-5-6/h1-5H,7H2",-5.49,0,93.05784922
N#Cc1ccncc1,InChI=1S/C6H4N2/c7-5-6-1-3-8-4-2-6/h1-4H,-6.02,0,104.0374481
CC(=O)OC(C)C,"InChI=1S/C5H10O2/c1-4(2)7-5(3)6/h4H,1-3H3",-2.64,1,102.0680796
FCCl,InChI=1S/CH2ClF/c2-1-3/h1H2,-0.77,0,67.98290596
CN,"InChI=1S/CH5N/c1-2/h2H2,1H3",-4.55,0,31.04219916
CC(C)SC(C)C,"InChI=1S/C6H14S/c1-5(2)7-6(3)4/h5-6H,1-4H3",-1.21,2,118.0816214
CCCCCCC(C)=O,"InChI=1S/C8H16O/c1-3-4-5-6-7-8(2)9/h3-7H2,1-2H3",-2.88,5,128.1201151
CC(=O)OCCOC(C)=O,"InChI=1S/C6H10O4/c1-5(7)9-3-4-10-6(2)8/h3-4H2,1-2H3",-6.34,3,146.0579088
Oc1ccc(Cl)c(Cl)c1,"InChI=1S/C6H4Cl2O/c7-5-2-1-4(9)3-6(5)8/h1-3,9H",-7.29,0,161.9639201
O=[N+]([O-])OCCO[N+](=O)[O-],InChI=1S/C2H4N2O6/c5-3(6)9-1-2-10-4(7)8/h1-2H2,-5.73,5,152.0069358
CCC(N)=O,"InChI=1S/C3H7NO/c1-2-3(4)5/h2H2,1H3,(H2,4,5)",-9.4,1,73.05276384
COC(OC)(OC)c1ccccc1,"InChI=1S/C10H14O3/c1-11-10(12-2,13-3)9-7-5-4-6-8-9/h4-8H,1-3H3",-4.04,4,182.0942943
COC,InChI=1S/C2H6O/c1-3-2/h1-2H3,-1.91,0,46.04186481
CCCCCCCCCC(C)=O,"InChI=1S/C11H22O/c1-3-4-5-6-7-8-9-10-11(2)12/h3-10H2,1-2H3",-2.15,8,170.1670653
CCC[C@H](C)CC,"InChI=1S/C7H16/c1-4-6-7(3)5-2/h7H,4-6H2,1-3H3/t7-/m1/s1",2.71,3,100.1252005
COC(C)(OC)OC,"InChI=1S/C5H12O3/c1-5(6-2,7-3)8-4/h1-4H3",-4.42,3,120.0786442
NN,InChI=1S/H4N2/c1-2/h1-2H2,-9.3,0,32.03744813
CC(=O)OC(C)OC(C)=O,"InChI=1S/C6H10O4/c1-4(7)9-6(3)10-5(2)8/h6H,1-3H3",-4.97,2,146.0579088
CCCc1ccccc1,"InChI=1S/C9H12/c1-2-6-9-7-4-3-5-8-9/h3-5,7-8H,2,6H2,1H3",-0.53,2,120.0939004
Nc1cccc2ccccc12,"InChI=1S/C10H9N/c11-10-7-3-5-8-4-1-2-6-9(8)10/h1-7H,11H2",-7.28,0,143.0734993
FC(F)[C@@H](F)Oc1ccccc1,"InChI=1S/C8H7F3O/c9-7(10)8(11)12-6-4-2-1-3-5-6/h1-5,7-8H/t8-/m0/s1",-1.29,3,176.0448995
CCCN(CCC)c1c([N+](=O)[O-])cc(S(C)(=O)=O)cc1[N+](=O)[O-],"InChI=1S/C13H19N3O6S/c1-4-6-14(7-5-2)13-11(15(17)18)8-10(23(3,21)22)9-12(13)16(19)20/h8-9H,4-7H2,1-3H3",-7.98,8,345.0994563
C1=CCCCC1,"InChI=1S/C6H10/c1-2-4-6-5-3-1/h1-2H,3-6H2",0.14,0,82.07825032
ClCCl,InChI=1S/CH2Cl2/c2-1-3/h1H2,-1.31,0,83.95335542
CC(=O)C(C)C,"InChI=1S/C5H10O/c1-4(2)5(3)6/h4H,1-3H3",-3.24,1,86.07316494
CCc1ccc(C)cc1,"InChI=1S/C9H12/c1-3-9-6-4-8(2)5-7-9/h4-7H,3H2,1-2H3",-0.95,1,120.0939004
ClCCCl,InChI=1S/C2H4Cl2/c3-1-2-4/h1-2H2,-1.79,1,97.96900549
CCCCCCI,"InChI=1S/C6H13I/c1-2-3-4-5-6-7/h2-6H2,1H3",0.08,4,212.0061984
Clc1ccc(-c2cc(Cl)c(Cl)c(Cl)c2Cl)cc1Cl,InChI=1S/C12H4Cl6/c13-7-2-1-5(3-8(7)14)6-4-9(15)11(17)12(18)10(6)16/h1-4H,-3.04,1,357.8444162
CCCCN(CC)c1c([N+](=O)[O-])cc(C(F)(F)F)cc1[N+](=O)[O-],"InChI=1S/C13H16F3N3O4/c1-3-5-6-17(4-2)12-10(18(20)21)7-9(13(14,15)16)8-11(12)19(22)23/h7-8H,3-6H2,1-2H3",-3.51,7,335.1092907
CCCCCCCCCC,"InChI=1S/C10H22/c1-3-5-7-9-10-8-6-4-2/h3-10H2,1-2H3",3.16,7,142.1721507
CI,InChI=1S/CH3I/c1-2/h1H3,-0.89,0,141.9279481
COC(=O)c1ccc(OC)cc1,"InChI=1S/C9H10O3/c1-11-8-5-3-7(4-6-8)9(10)12-2/h3-6H,1-2H3",-5.33,2,166.0629942
Nc1ccc2c(c1)C(=O)c1ccccc1C2=O,"InChI=1S/C14H9NO2/c15-8-5-6-11-12(7-8)14(17)10-4-2-1-3-9(10)13(11)16/h1-7H,15H2",-11.53,0,223.0633285
CCCCCCCCN,"InChI=1S/C8H19N/c1-2-3-4-5-6-7-8-9/h2-9H2,1H3",-3.65,6,129.1517496
CCC(O)CC,"InChI=1S/C5H12O/c1-3-5(6)4-2/h5-6H,3-4H2,1-2H3",-4.35,2,88.088815
CC(C)CC(=O)O,"InChI=1S/C5H10O2/c1-4(2)3-5(6)7/h4H,3H2,1-2H3,(H,6,7)",-6.09,2,102.0680796
CCOC(=O)c1ccc(O)cc1,"InChI=1S/C9H10O3/c1-2-12-9(11)7-3-5-8(10)6-4-7/h3-6,10H,2H2,1H3",-9.2,2,166.0629942
BrCBr,InChI=1S/CH2Br2/c2-1-3/h1H2,-1.96,0,171.8523243
COC(OC)OC,"InChI=1S/C4H10O3/c1-5-4(6-2)7-3/h4H,1-3H3",-4.42,3,106.0629942
CC[C@H](C)O,"InChI=1S/C4H10O/c1-3-4(2)5/h4-5H,3H2,1-2H3/t4-/m0/s1",-4.62,1,74.07316494
c1ccc2c(c1)Cc1ccccc1C2,"InChI=1S/C14H12/c1-2-6-12-10-14-8-4-3-7-13(14)9-11(12)5-1/h1-8H,9-10H2",-3.78,0,180.0939004
O=[N+]([O-])OCCCO[N+](=O)[O-],InChI=1S/C3H6N2O6/c6-4(7)10-2-1-3-11-5(8)9/h1-3H2,-4.8,6,166.0225859
Cl/C=C\Cl,InChI=1S/C2H2Cl2/c3-1-2-4/h1-2H/b2-1-,-1.17,0,95.95335542
CCCCN,"InChI=1S/C4H11N/c1-2-3-4-5/h2-5H2,1H3",-4.24,2,73.08914935
CC(C)CCC(C)(C)C,"InChI=1S/C9H20/c1-8(2)6-7-9(3,4)5/h8H,6-7H2,1-5H3",2.93,2,128.1565006
C=Cc1ccccc1,"InChI=1S/C8H8/c1-2-8-6-4-3-5-7-8/h2-7H,1H2",-1.24,1,104.0626003
CCCCN(CC)C(=O)SCCC,"InChI=1S/C10H21NOS/c1-4-7-8-11(6-3)10(12)13-9-5-2/h4-9H2,1-3H3",-3.64,6,203.1343853
CC(C)Cc1cnccn1,"InChI=1S/C8H12N2/c1-7(2)5-8-6-9-3-4-10-8/h3-4,6-7H,5H2,1-2H3",-5.04,2,136.1000484
Cc1cccnc1,"InChI=1S/C6H7N/c1-6-3-2-4-7-5-6/h2-5H,1H3",-4.77,0,93.05784922
CN(C)C(=O)Nc1ccccc1,"InChI=1S/C9H12N2O/c1-11(2)9(12)10-8-6-4-3-5-7-8/h3-7H,1-2H3,(H,10,12)",-9.13,1,164.094963
CCCCC(=O)OCC,"InChI=1S/C7H14O2/c1-3-5-6-7(8)9-4-2/h3-6H2,1-2H3",-2.49,4,130.0993797
C[C@H]1CC[C@H](C)O1,"InChI=1S/C6H12O/c1-5-3-4-6(2)7-5/h5-6H,3-4H2,1-2H3/t5-,6-/m0/s1",-2.92,0,100.088815
Cc1ccc2cc(C)ccc2c1,"InChI=1S/C12H12/c1-9-3-5-12-8-10(2)4-6-11(12)7-9/h3-8H,1-2H3",-2.63,0,156.0939004
CCCCCCCCC=O,"InChI=1S/C9H18O/c1-2-3-4-5-6-7-8-9-10/h9H,2-8H2,1H3",-2.07,7,142.1357652
CCCSC(=O)N(CCC)CCC,"InChI=1S/C10H21NOS/c1-4-7-11(8-5-2)10(12)13-9-6-3/h4-9H2,1-3H3",-4.13,6,203.1343853
O=c1[nH]cc(Br)c(=O)[nH]1,"InChI=1S/C4H3BrN2O2/c5-2-1-6-4(9)7-3(2)8/h1H,(H2,6,7,8,9)",-18.17,0,189.9377894
CCCCOC[C@H](C)O,"InChI=1S/C7H16O2/c1-3-4-5-9-6-7(2)8/h7-8H,3-6H2,1-2H3/t7-/m0/s1",-5.73,5,132.1150298
c1ccc2cc3ccccc3cc2c1,InChI=1S/C14H10/c1-2-6-12-10-14-8-4-3-7-13(14)9-11(12)5-1/h1-10H,-3.95,0,178.0782503
CCC(C)C,"InChI=1S/C5H12/c1-4-5(2)3/h5H,4H2,1-3H3",2.38,1,72.09390038
CC(C)C=O,"InChI=1S/C4H8O/c1-4(2)3-5/h3-4H,1-2H3",-2.86,1,72.05751488
C1COCCO1,InChI=1S/C4H8O2/c1-2-6-4-3-5-1/h1-4H2,-5.06,0,88.0524295
CCCCCCCCC(C)=O,"InChI=1S/C10H20O/c1-3-4-5-6-7-8-9-10(2)11/h3-9H2,1-2H3",-2.34,7,156.1514153
CC,InChI=1S/C2H6/c1-2/h1-2H3,1.83,0,30.04695019
C=CC=C,"InChI=1S/C4H6/c1-3-4-2/h3-4H,1-2H2",0.56,1,54.04695019
COCCO,"InChI=1S/C3H8O2/c1-5-3-2-4/h4H,2-3H2,1H3",-6.62,2,76.0524295
FC(F)Cl,InChI=1S/CHClF2/c2-1(3)4/h1H,-0.5,0,85.97348415
CNc1ccccc1,"InChI=1S/C7H9N/c1-8-7-5-3-2-4-6-7/h2-6,8H,1H3",-4.69,1,107.0734993
Cc1ccccn1,"InChI=1S/C6H7N/c1-6-4-2-3-5-7-6/h2-5H,1H3",-4.63,0,93.05784922
ClC(Cl)=C(Cl)Cl,InChI=1S/C2Cl4/c3-1(4)2(5)6,0.1,0,163.8754107
Cc1cc(C)cc(O)c1,"InChI=1S/C8H10O/c1-6-3-7(2)5-8(9)4-6/h3-5,9H,1-2H3",-6.27,0,122.0731649
CCCCCCO[N+](=O)[O-],"InChI=1S/C6H13NO3/c1-2-3-4-5-6-10-7(8)9/h2-6H2,1H3",-1.66,6,147.0895433
CCOC(=O)CC,"InChI=1S/C5H10O2/c1-3-5(6)7-4-2/h3-4H2,1-2H3",-2.68,2,102.0680796
C=C,InChI=1S/C2H4/c1-2/h1-2H2,1.28,0,28.03130013
Clc1c(Cl)c(Cl)c(-c2c(Cl)c(Cl)c(Cl)c(Cl)c2Cl)c(Cl)c1Cl,InChI=1S/C12Cl10/c13-3-1(4(14)8(18)11(21)7(3)17)2-5(15)9(19)12(22)10(20)6(2)16,-2.98,1,493.6885268
CC(C)CC(C)C,"InChI=1S/C7H16/c1-6(2)5-7(3)4/h6-7H,5H2,1-4H3",2.83,2,100.1252005
CSc1ccccc1,"InChI=1S/C7H8S/c1-8-7-5-3-2-4-6-7/h2-6H,1H3",-2.73,1,124.0346713
COC(=O)c1ccc(O)cc1,"InChI=1S/C8H8O3/c1-11-8(10)6-2-4-7(9)5-3-6/h2-5,9H,1H3",-9.51,1,152.0473441
ClCc1ccccc1,"InChI=1S/C7H7Cl/c8-6-7-4-2-1-3-5-7/h1-5H,6H2",-1.93,1,126.0236279
CCOC(=O)CC(=O)OCC,"InChI=1S/C7H12O4/c1-3-10-6(8)5-7(9)11-4-2/h3-5H2,1-2H3",-6,4,160.0735589
COc1cc(C)ccc1O,"InChI=1S/C8H10O2/c1-6-3-4-7(9)8(5-6)10-2/h3-5,9H,1-2H3",-5.8,1,138.0680796
Clc1c(Cl)c(Cl)c2c(c1Cl)Oc1c(Cl)c(Cl)c(Cl)c(Cl)c1O2,InChI=1S/C12Cl8O2/c13-1-2(14)6(18)10-9(5(1)17)21-11-7(19)3(15)4(16)8(20)12(11)22-10,-4.53,0,455.7406507
Cc1ccc(C)c2ccccc12,"InChI=1S/C12H12/c1-9-7-8-10(2)12-6-4-3-5-11(9)12/h3-8H,1-2H3",-2.82,0,156.0939004
Clc1ccc(Cl)c(Cl)c1Cl,InChI=1S/C6H2Cl4/c7-3-1-2-4(8)6(10)5(3)9/h1-2H,-1.34,0,213.8910608
ClC(Cl)(Cl)Cl,"InChI=1S/CCl4/c2-1(3,4)5",0.08,0,151.8754107
Oc1ccc2ccccc2c1,"InChI=1S/C10H8O/c11-10-6-5-8-3-1-2-4-9(8)7-10/h1-7,11H",-8.11,0,144.0575149
CCI,"InChI=1S/C2H5I/c1-2-3/h2H2,1H3",-0.74,0,155.9435982
CCC[C@@H](C)O,"InChI=1S/C5H12O/c1-3-4-5(2)6/h5-6H,3-4H2,1-2H3/t5-/m1/s1",-4.39,2,88.088815
C=C(C)[C@@H]1CC=C(C)[C@@H](O)C1,"InChI=1S/C10H16O/c1-7(2)9-5-4-8(3)10(11)6-9/h4,9-11H,1,5-6H2,2-3H3/t9-,10+/m1/s1",-4.44,1,152.1201151
BrCc1ccccc1,"InChI=1S/C7H7Br/c8-6-7-4-2-1-3-5-7/h1-5H,6H2",-2.38,1,169.9731123
COc1c(O)c(OC)c(Cl)c(C=O)c1Cl,"InChI=1S/C9H8Cl2O4/c1-14-8-5(10)4(3-12)6(11)9(15-2)7(8)13/h3,13H,1-2H3",-8.68,3,249.9799641
FC(F)(F)c1cccc(C(F)(F)F)c1,"InChI=1S/C8H4F6/c9-7(10,11)5-2-1-3-6(4-5)8(12,13)14/h1-4H",1.07,0,214.0217194
Cc1ccnc(C)c1,"InChI=1S/C7H9N/c1-6-3-4-8-7(2)5-6/h3-5H,1-2H3",-4.86,0,107.0734993
Nc1ccc2ccccc2c1,"InChI=1S/C10H9N/c11-10-6-5-8-3-1-2-4-9(8)7-10/h1-7H,11H2",-7.47,0,143.0734993
C/C=C\CC,"InChI=1S/C5H10/c1-3-5-4-2/h3,5H,4H2,1-2H3/b5-3-",1.31,1,70.07825032
CCOC(OCC)Oc1ccccc1,"InChI=1S/C11H16O3/c1-3-12-11(13-4-2)14-10-8-6-5-7-9-10/h5-9,11H,3-4H2,1-2H3",-5.23,6,196.1099444
CS(=O)(=O)Cl,"InChI=1S/CH3ClO2S/c1-5(2,3)4/h1H3",-4.87,0,113.954228
CN(C)C=O,"InChI=1S/C3H7NO/c1-4(2)3-5/h3H,1-2H3",-7.81,1,73.05276384
CN1CCOCC1,"InChI=1S/C5H11NO/c1-6-2-4-7-5-3-6/h2-5H2,1H3",-6.32,0,101.084064
CCCCCCCCl,"InChI=1S/C7H15Cl/c1-2-3-4-5-6-7-8/h2-7H2,1H3",0.29,5,134.0862282
CCOc1ccccc1,"InChI=1S/C8H10O/c1-2-9-8-6-4-3-5-7-8/h3-7H,2H2,1H3",-2.22,2,122.0731649
Cc1ccccc1N,"InChI=1S/C7H9N/c1-6-4-2-3-5-7(6)8/h2-5H,8H2,1H3",-5.53,0,107.0734993
Cc1cc2ccccc2cc1C,"InChI=1S/C12H12/c1-9-7-11-5-3-4-6-12(11)8-10(9)2/h3-8H,1-2H3",-2.78,0,156.0939004
CCCCCCCCO,"InChI=1S/C8H18O/c1-2-3-4-5-6-7-8-9/h9H,2-8H2,1H3",-4.09,6,130.1357652
Cl/C=C/Cl,InChI=1S/C2H2Cl2/c3-1-2-4/h1-2H/b2-1+,-0.78,0,95.95335542
CCOC,"InChI=1S/C3H8O/c1-3-4-2/h3H2,1-2H3",-2.1,1,60.05751488
CCl,InChI=1S/CH3Cl/c1-2/h1H3,-0.55,0,49.99232778
CCc1ccccc1,"InChI=1S/C8H10/c1-2-8-6-4-3-5-7-8/h3-7H,2H2,1H3",-0.79,1,106.0782503
CC(N)=O,"InChI=1S/C2H5NO/c1-2(3)4/h1H3,(H2,3,4)",-9.71,0,59.03711378
OC1CCCC1,"InChI=1S/C5H10O/c6-5-3-1-2-4-5/h5-6H,1-4H2",-5.49,0,86.07316494
COc1ccc(N)cc1,"InChI=1S/C7H9NO/c1-9-7-4-2-6(8)3-5-7/h2-5H,8H2,1H3",-7.48,1,123.0684139
Clc1cc(Cl)c2c(c1Cl)Oc1ccccc1O2,InChI=1S/C12H5Cl3O2/c13-6-5-7(14)11-12(10(6)15)17-9-4-2-1-3-8(9)16-11/h1-5H,-4.05,0,285.9355124
C#CC,"InChI=1S/C3H4/c1-3-2/h1H,2H3",-0.48,0,40.03130013
NC1CCCCC1,"InChI=1S/C6H13N/c7-6-4-2-1-3-5-6/h6H,1-5,7H2",-4.59,0,99.10479942
Clc1cccc(Cl)c1,InChI=1S/C6H4Cl2/c7-5-2-1-3-6(8)4-5/h1-4H,-0.98,0,145.9690055
Oc1ccccc1Cl,"InChI=1S/C6H5ClO/c7-5-3-1-2-4-6(5)8/h1-4,8H",-4.55,0,128.0028925
CC(C)Cl,"InChI=1S/C3H7Cl/c1-3(2)4/h3H,1-2H3",-0.25,0,78.0236279
OC1CCCCCC1,"InChI=1S/C7H14O/c8-7-5-3-1-2-4-6-7/h7-8H,1-6H2",-5.48,0,114.1044651
CC(C)(C)C,"InChI=1S/C5H12/c1-5(2,3)4/h1-4H3",2.51,0,72.09390038
Cc1cncc(C)c1,"InChI=1S/C7H9N/c1-6-3-7(2)5-8-4-6/h3-5H,1-2H3",-4.84,0,107.0734993
Cc1cccc(C)c1,"InChI=1S/C8H10/c1-7-4-3-5-8(2)6-7/h3-6H,1-2H3",-0.83,0,106.0782503
Clc1cc2c(cc1Cl)Oc1ccccc1O2,InChI=1S/C12H6Cl2O2/c13-7-5-11-12(6-8(7)14)16-10-4-2-1-3-9(10)15-11/h1-6H,-3.56,0,251.9744848
Cc1ccncc1,"InChI=1S/C6H7N/c1-6-2-4-7-5-3-6/h2-5H,1H3",-4.93,0,93.05784922
Cc1cccc(O)c1C,"InChI=1S/C8H10O/c1-6-4-3-5-8(9)7(6)2/h3-5,9H,1-2H3",-6.16,0,122.0731649
CO,"InChI=1S/CH4O/c1-2/h2H,1H3",-5.1,0,32.02621475
CC(C)(C)O,"InChI=1S/C4H10O/c1-4(2,3)5/h5H,1-3H3",-4.47,0,74.07316494
C1COCCN1,"InChI=1S/C4H9NO/c1-3-6-4-2-5-1/h5H,1-4H2",-7.17,0,87.06841391
CS(C)(=O)=O,"InChI=1S/C2H6O2S/c1-5(2,3)4/h1-2H3",-10.08,0,94.00885043
FC1(F)C(F)(F)C(F)(F)C1(F)F,"InChI=1S/C4F8/c5-1(6)2(7,8)4(11,12)3(1,9)10",3.43,0,199.9872258
c1ccc2c(c1)Oc1ccccc1O2,InChI=1S/C12H8O2/c1-2-6-10-9(5-1)13-11-7-3-4-8-12(11)14-10/h1-8H,-3.15,0,184.0524295
Oc1ccc(Br)cc1,"InChI=1S/C6H5BrO/c7-5-1-3-6(8)4-2-5/h1-4,8H",-5.85,0,171.9523769
Cc1cccc(C)c1O,"InChI=1S/C8H10O/c1-6-4-3-5-7(2)8(6)9/h3-5,9H,1-2H3",-5.26,0,122.0731649
Cc1ccccc1Cl,"InChI=1S/C7H7Cl/c1-6-4-2-3-5-7(6)8/h2-5H,1H3",-1.14,0,126.0236279
COC(=O)C(C)(C)C,"InChI=1S/C6H12O2/c1-6(2,3)5(7)8-4/h1-4H3",-2.4,0,116.0837296
CCS,"InChI=1S/C2H6S/c1-2-3/h3H,2H2,1H3",-1.14,0,62.01902119
Cc1c[nH]c2ccccc12,"InChI=1S/C9H9N/c1-7-6-10-9-5-3-2-4-8(7)9/h2-6,10H,1H3",-5.88,0,131.0734993
Clc1cc(Cl)c(Cl)c(Cl)c1,InChI=1S/C6H2Cl4/c7-3-1-4(8)6(10)5(9)2-3/h1-2H,-1.62,0,213.8910608
Cc1ccccc1,"InChI=1S/C7H8/c1-7-5-3-2-4-6-7/h2-6H,1H3",-0.9,0,92.06260026
O[C@H]1OC[C@@H](O)[C@H](O)[C@H]1O,"InChI=1S/C5H10O5/c6-2-1-10-5(9)4(8)3(2)7/h2-9H,1H2/t2-,3+,4-,5+/m1/s1",-20.52,0,150.0528234
C[N+](=O)[O-],InChI=1S/CH3NO2/c1-2(3)4/h1H3,-4.02,0,61.01637834
CNC(C)=O,"InChI=1S/C3H7NO/c1-3(5)4-2/h1-2H3,(H,4,5)",-10,0,73.05276384
CC=O,"InChI=1S/C2H4O/c1-2-3/h2H,1H3",-3.5,0,44.02621475
Cc1cc(C)cc(C)c1,"InChI=1S/C9H12/c1-7-4-8(2)6-9(3)5-7/h4-6H,1-3H3",-0.9,0,120.0939004
Oc1ccccc1,"InChI=1S/C6H6O/c7-6-4-2-1-3-5-6/h1-5,7H",-6.6,0,94.04186481
CCC,"InChI=1S/C3H8/c1-3-2/h3H2,1-2H3",2,0,44.06260026
N#Cc1ccc(O)cc1,"InChI=1S/C7H5NO/c8-5-6-1-3-7(9)4-2-6/h1-4,9H",-10.17,0,119.0371138
C=O,InChI=1S/CH2O/c1-2/h1H2,-2.75,0,30.01056468
c1cc2c3c(cccc3c1)CC2,"InChI=1S/C12H10/c1-3-9-4-2-6-11-8-7-10(5-1)12(9)11/h1-6H,7-8H2",-3.15,0,154.0782503
CCO,"InChI=1S/C2H6O/c1-2-3/h3H,2H2,1H3",-5,0,46.04186481
Cc1ccncc1C,"InChI=1S/C7H9N/c1-6-3-4-8-5-7(6)2/h3-5H,1-2H3",-5.22,0,107.0734993
CCN,"InChI=1S/C2H7N/c1-2-3/h2-3H2,1H3",-4.5,0,45.05784922
Nc1ccc(N)c2c1C(=O)c1ccccc1C2=O,"InChI=1S/C14H10N2O2/c15-9-5-6-10(16)12-11(9)13(17)7-3-1-2-4-8(7)14(12)18/h1-6H,15-16H2",-11.85,0,238.0742276
N#Cc1ccccc1,InChI=1S/C7H5N/c8-6-7-4-2-1-3-5-7/h1-5H,-4.1,0,103.0421992
O=[N+]([O-])C(Cl)(Cl)Cl,"InChI=1S/CCl3NO2/c2-1(3,4)5(6)7",-1.45,0,162.8994613
Clc1ccccc1Cl,InChI=1S/C6H4Cl2/c7-5-3-1-2-4-6(5)8/h1-4H,-1.36,0,145.9690055
C=C(Cl)Cl,InChI=1S/C2H2Cl2/c1-2(3)4/h1H2,0.25,0,95.95335542
c1cc2ccc3cccc4ccc(c1)c2c34,InChI=1S/C16H10/c1-3-11-7-9-13-5-2-6-14-10-8-12(4-1)15(11)16(13)14/h1-10H,-4.52,0,202.0782503
N#Cc1cccc(O)c1,"InChI=1S/C7H5NO/c8-5-6-2-1-3-7(9)4-6/h1-4,9H",-9.65,0,119.0371138
Clc1cc(Cl)cc(Cl)c1,InChI=1S/C6H3Cl3/c7-4-1-5(8)3-6(9)2-4/h1-3H,-0.78,0,179.9300331
C1CCCCC1,InChI=1S/C6H12/c1-2-4-6-5-3-1/h1-6H2,1.23,0,84.09390038
CC(=O)N1CCCC1,"InChI=1S/C6H11NO/c1-6(8)7-4-2-3-5-7/h2-5H2,1H3",-9.8,0,113.084064
CN1CCNCC1,"InChI=1S/C5H12N2/c1-7-4-2-6-3-5-7/h6H,2-5H2,1H3",-7.77,0,100.1000484
O=C1NC(=O)c2ccccc21,"InChI=1S/C8H5NO2/c10-7-5-3-1-2-4-6(5)8(11)9-7/h1-4H,(H,9,10,11)",-9.61,0,147.0320284
C1CC1,InChI=1S/C3H6/c1-2-3-1/h1-3H2,0.75,0,42.04695019
Clc1cccnc1,InChI=1S/C5H4ClN/c6-5-2-1-3-7-4-5/h1-4H,-4.01,0,113.0032268
c1ccc2ccccc2c1,InChI=1S/C10H8/c1-2-6-10-8-4-3-7-9(10)5-1/h1-8H,-2.4,0,128.0626003
c1cc[nH]c1,InChI=1S/C4H5N/c1-2-4-5-3-1/h1-5H,-4.78,0,67.04219916
Clc1ccc2c(c1)Oc1cc(Cl)c(Cl)c(Cl)c1O2,InChI=1S/C12H4Cl4O2/c13-5-1-2-7-8(3-5)17-9-4-6(14)10(15)11(16)12(9)18-7/h1-4H,-3.84,0,319.8965401
Clc1cc2c(cc1Cl)Oc1cc(Cl)c(Cl)cc1O2,InChI=1S/C12H4Cl4O2/c13-5-1-9-10(2-6(5)14)18-12-4-8(16)7(15)3-11(12)17-9/h1-4H,-3.37,0,319.8965401
Cc1ccc(O)cc1,"InChI=1S/C7H8O/c1-6-2-4-7(8)5-3-6/h2-5,8H,1H3",-6.13,0,108.0575149
Clc1cc2c(cc1Cl)Oc1c(Cl)c(Cl)c(Cl)c(Cl)c1O2,InChI=1S/C12H2Cl6O2/c13-3-1-5-6(2-4(3)14)20-12-10(18)8(16)7(15)9(17)11(12)19-5/h1-2H,-3.71,0,387.8185954
c1ccncc1,InChI=1S/C5H5N/c1-2-4-6-5-3-1/h1-5H,-4.69,0,79.04219916