O=C(F)F,-1.8916386149771398
CN(C)CCC=C1c2ccccc2CCc2ccccc21,-7.43
CC(C)c1cc2ccccc2cc1,-1.7118116153050404
CCC(C)CCC,2.4868380428921166
CC(C)Oc1cc(c(Cl)cc1Cl)N1N=C(OC1=O)C(C)(C)C,-7.527893463571986
ClC(Cl)C(c1ccc(Cl)cc1)c1ccc(Cl)cc1,-4.874402905633554
Brc1cc(Br)ccc1,-1.7665659513394032
Clc1ccc(cc1Cl)-c1cc(Cl)cc(Cl)c1,-3.3162673410624333
CC(=O)C1CCCCC1,-3.89784298227247
CC(C)NC(=O)N1CC(=O)N(c2cc(Cl)cc(Cl)c2)C1=O,-9.39221651907676
Nc1c(Cl)c(ccc1[N+]([O-])=O)Oc1ccccc1,-8.396880189689478
Clc1cc(Cl)c(cc1)-c1cccc(Cl)c1Cl,-3.054862918653385
CC[C@@H](C)CO,-4.42
C1OC1C1CO1,-5.0981357508431495
CN(Cc1ccccc1)N=O,-4.508357691038247
c1cccc(c1)c1ccc(cc1)C(=O)CCC(=O)O,-12.75
COc1ccccc1[N+]([O-])=O,-6.477618127350669
C#C,-0.01
CC(CCO[N+](=O)[O-])O[N+](=O)[O-],-4.29
CCCCCCCCCC=O,-1.5438825175716635
CC(C)[N+](=O)[O-],-3.1879435177377657
Cc1cc(Cl)ccc1OCCCC(O)=O,-9.472489621687886
C=CBr,0.027251475457993685
c1ccc2C=Cc3cccc1c32,-3.2691720259888988
C(Cl)(Cl)(Cl)Br,-0.93
CCCCCCCC#C,0.8465234437333431
CCCCc1ccccc1,-0.3267333251650587
ClC(CCl)CCl,-2.524704456478183
Cc1cc(c(O)cc1)[N+]([O-])=O,-4.384279351472185
COC(=O)c1ccccc1CS(=O)(=O)NC(=O)Nc1[n]c(cc([n]1)OC)OC,-19.631053413854197
CC(Cl)(Cl)C(O)=O,-7.675267074490343
OC(=O)Cc1ccccc1,-7.866226226530582
CCNc1[n]c(Cl)[n]c(NC(C)(C)C)[n]1,-7.924249478149086
CC1CCCCC1O,-4.780151664824201
Cc1ccccc1C(O)=O,-7.340748046379911
CCC(C)c1ccccc1OC(=O)NC,-7.652384665401358
[C@H]12CC=CC[C@H]1C(=O)N(SC(Cl)(Cl)Cl)C2=O,-9.0
CC1c2ccc(cc2OC(=O)C=1Cl)OP(=S)(OCC)OCC,-8.033758150217812
Oc1ccc(Cl)cc1Cl,-5.115706172107907
CN(OC)C(=O)Nc1ccc(Br)cc1,-9.394035647668504
C=CF,0.41352833365066105
CCC(N)=O,-9.4
"C[C@@]12CC[C@@](C[C@@H]1OCc1ccccc1C)(O2)C(C)C |o1:1,4,6|",-6.471080296182389
CCCCCCCC(O)=O,-6.044350607635975
Clc1cc(Cl)c(-c2ccccc2)c(Cl)c1Cl,-2.8149749251868017
Fc1ccccc1F,-0.7376747712310101
OC(=O)CS,-8.671605303573331
[O-][S+2]1([O-])CCCC1,-8.61
CCCOCCN(C(=O)CCl)c1c(CC)cccc1CC,-8.827461298946279
CC1(C)[C@@H]([C@@H]1C=C(Br)Br)C(=O)O[C@H](C#N)c1cccc(c1)Oc1ccccc1,-5.027309246520092
CCCC(N)=O,-9.464725947175555
CCC1CCCCC1,1.4847792115368823
CC(C)(C)C(O)=O,-5.340813689066647
CC(C)OC(=O)C(O)(c1ccc(Cl)cc1)c1ccc(Cl)cc1,-8.831237347932221
OC(=O)COc1[n]c(Cl)c(Cl)cc1Cl,-10.082823402210222
Clc1ccc(cc1)-c1c(Cl)c(Cl)ccc1Cl,-3.054862918653385
CN(C)C(=O)Nc1cc(Cl)c(Cl)cc1,-10.469100260402893
Clc1ccc(cc1Cl)-c1ccccc1,-3.054862918653385
COC(F)(F)C(Cl)Cl,-1.118790524226862
N(N)C,-5.315823926954397
CCCCCCCCCc1ccc(cc1)OP(=O)(Oc1ccccc1)Oc1ccccc1,-8.48886849228509
O(CC(F)(F)F)C=C,-0.12
CC(=C)C#N,-2.7167307477964
CC(=O)OO,-5.528398819495823
NCCNCCNCCN,-11.562552523298063
CCOC(N)=O,-7.6023974979272
CC(C)=CCC/C(C)=C\CO,-4.78
Oc1cccc2ccccc12,-7.6515081282166335
CC1(C)C(C(=O)OC(C#N)c2cc(ccc2)Oc2ccccc2)C1(C)C,-4.7743769031971794
CC1CC(C)(C)CC1,1.7093809531305726
FC(F)(F)C(Cl)Cl,0.026797662949014853
CC[C@H](C)C(C)(C)C,2.6088775580333823
Cn1ccnc1,-8.41
Cc1cc(Cl)ccc1OCC(O)=O,-9.527788776986274
CC(=O)CCl,-4.319948811846617
CN=C=S,-3.7277790970080233
CCOC(=O)C=Cc1ccccc1,-5.119383702140067
Cl/C=C/Cl,-0.77
OC[C@H]1O[C@@H](O)[C@H](O)[C@@H](O)[C@@H]1O,-25.47
CC1CC(=O)CCC1,-3.022374354913587
CC(C)(C)N,-3.8608512022457653
CC(C)CO,-4.545464653516564
Clc1cccc2c1cc(Cl)c(Cl)c2Cl,-1.8723970933759688
c1[n]c2ccccc2c2ccccc21,-8.410909285738086
[O-][N+](=O)OC(CO[N+]([O-])=O)CO[N+]([O-])=O,-7.4245140082235235
OC(=O)CBr,-8.956155874638632
Clc1ccc(Cl)c(-c2ccccc2)c1,-2.532527238481784
Cc1cc(O)ccc1Cl,-6.79
CCCC(C)(C)O,-3.891106625202912
c1[n]ccc2ccccc21,-5.404868996488383
CCOP(=S)(Oc1c[n]c2ccccc2[n]1)OCC,-7.793765264415457
O=C1OC(=O)c2ccccc12,-8.414178201322226
CC(C)(C)C(=O)C(Oc1ccc(Cl)cc1)[n]1c[n]c[n]1,-11.548795836881473
CCCCCCl,-0.015445550079116185
NC(N)=S,-9.660860882224014
Clc1cc(Cl)c(Cl)c(c1)-c1c(Cl)c(Cl)cc(Cl)c1Cl,-4.123446282645801
CCOP(=S)(OCC)SCN1N=Nc2ccccc2C1=O,-7.316775998762875
CC(C)C(C)O,-4.23691269923799
ClC(Cl)C(c1ccccc1Cl)c1ccc(Cl)cc1,-4.734877506555477
Cc1occc1C(=O)Nc1ccccc1,-10.608982606440925
CC[C@H](C)O[N+](=O)[O-],-1.81
c1cc(ccc1-c1ccccc1)-c1ccccc1,-5.668970134723778
Cc1cc(ccc1)C(O)=O,-7.8351715284812435
CCC(C)C(C)=O,-3.4368456100194704
C=CC#N,-3.1529966822963846
CC(O)CNCC(C)O,-12.2423507599834
CN1CC[C@@]23[C@H]4Oc5c2c(C[C@@H]1[C@@H]3C=C[C@@H]4OC(C)=O)ccc5OC(C)=O,-14.426667394269645
OC(=O)Cc1ccccc1Nc1c(Cl)cccc1Cl,-6.3
C([C@@H](F)Br)(F)(F)F,0.52
CC(=C)CN(CC)c1c(cc(cc1[N+]([O-])=O)C(F)(F)F)[N+]([O-])=O,-2.8651939972428044
[O-][N+](=O)OCCCO,-7.540118963279995
Cc1cc2cc3ccccc3cc2cc1,-3.5217012103911296
P([S])(OC)(S[C@H](CC(=O)OCC)C(=O)OCC)OC,-8.2
C=CC(N)=O,-10.04918081265677
COP(=O)(OC(=CCl)c1cc(Cl)c(Cl)cc1Cl)OC,-9.703084375185835
COC(=O)C(C)Oc1ccc(cc1)Oc1ccc(Cl)cc1Cl,-8.023815198649382
OC(=O)CCl,-8.722084777493565
C(Cl)(Cl)(Cl)F,0.8770921749155852
P(SCSc1ccc(Cl)cc1)(OCC)(OCC)[S],-6.5
C=CC,1.2736957125567898
CCN(CCO)c1ccc(cc1)N=Nc1ccc(cc1)[N+]([O-])=O,-15.491925260251605
OC(=O)C(Br)Br,-9.186145534599618
CC(CCCO)O[N+]([O-])=O,-7.765276654233905
NCCCCCCN,-8.352341214855556
Nc1c(Cl)cc(cc1Cl)[N+]([O-])=O,-7.789406710303267
Clc1ccc(cc1)-c1cc(Cl)c(Cl)cc1Cl,-3.2539322049771404
N#Cc1cccnc1,-6.747234094614017
[O-][N+](=O)c1cc(ccc1O)C=O,-5.95105030867195
CC(=O)c1ccncc1,-7.618025628617637
Oc1ccccc1I,-6.2
C=C(Cl)Cl,0.1610537571551253
C1=CC=CCC=C1,-0.9892139187489148
COC=O,-2.8358223056543976
Clc1ccc(cc1)-c1c(Cl)c(Cl)c(Cl)c(Cl)c1Cl,-3.1560078071876725
COCCOC,-4.876058082806893
CC(CC)(CC)OC(N)=O,-3.900895418151492
O[C@H]1OC[C@@H](O)[C@H](O)[C@H]1O,-20.52
CC1CCCCC1NC(=O)Nc1ccccc1,-11.653673545206
CCCOCCO,-6.4
[C@@H]12[C@]3(Cl)C(=C(Cl)[C@](Cl)([C@@H]1CO[S@@](=O)OC2)C3(Cl)Cl)Cl,-4.2
COC(=O)C(C)N(c1c(C)cccc1C)C(=O)c1ccco1,-10.122595208483938
CCOC=C,-0.9571007298164774
O=[N+]([O-])OCCO,-8.17411989267525
OC(=O)C(F)F,-7.996738348355848
CCC(CO)C(O)CCC,-7.361859792860821
OCCF,-5.630287966978109
CCOCCOCCO,-8.227713808210183
CC1CC(C)(C)CCC1,2.203532025599893
O=C1C2CC=CCC2C(=O)N1SC(Cl)(Cl)Cl,-8.914458490511812
BrCc1ccccc1,-2.375
OC(=O)C(O)=O,-11.216080456842484
ClCCCCCl,-2.3192660083498016
Cc1cc(Cl)ccc1N=CN(C)C,-6.050071209908223
C[C@H]1CCCC[C@H]1C,1.58
Cc1c2ccccc2cc2ccccc21,-3.813724335907732
C/C(=C\C(=O)N(C)C)/OP(=O)(OC)OC,-11.835216882320054
Clc1c2c(c(Cl)c(Cl)c1Cl)c(Cl)c(Cl)c(Cl)c2Cl,-3.4387524774435536
C1CCCCCN1,-4.904802665130786
O=P(Oc1ccccc1)(Oc1ccccc1)Oc1ccccc1,-5.769761698568129
COC(=O)C(C)N(c1c(C)cccc1C)C(=O)Cc1ccccc1,-7.253032144872125
[O-][N+](=O)c1c(Cl)c(Cl)cc(Cl)c1Cl,-2.612125449103886
CCc1cc2cc3ccccc3cc2cc1,-3.628213376507727
Clc1ccc(Br)cc1,-1.6719036042153193
CCCCOP(=O)(OCCCC)OCCCC,-5.7723495900722375
CCCCCCOC(C)=O,-2.279320007237063
Cc1ccco1,-0.8693848283086927
Cc1ccc(c(c1)OP(=S)(NC(C)CC)OCC)[N+]([O-])=O,-3.617316991227257
O=C1c2ccccc2C(=O)C(Cl)=C1Cl,-7.9621144169987215
O=C1NC(=O)c2ccccc21,-9.61
CC(=O)C(O)=O,-9.371716822793648
CCCCCOC(=O)CC,-2.11
O=C(Cl)C(Cl)(Cl)Cl,-2.2935043810783555
CCCCOC(=O)C=C,-2.350203587924585
CCCc1ccccc1,-0.5128828783128926
Clc1c(cc(Cl)c(Cl)c1Cl)-c1c(Cl)cccc1Cl,-3.811022269549072
CCOC(=O)CCCCCC(=O)OCC,-6.489740355975193
OC(=O)CF,-8.575838802113628
C/C(/C=C/CC(C)CCCC(C)C)=C\C(=O)OCC,-2.981104295663808
CCCCOC=C,-1.4355882484451232
Clc1cc(-c2c(Cl)c(Cl)ccc2Cl)c(Cl)cc1,-3.1460641010382475
CCP(=S)(OCC)Sc1ccccc1,-4.877756358545642
CCP(=S)(Oc1cc(Cl)c(Cl)cc1Cl)OCC,-4.550592390499526
Clc1cc(Cl)c2c(c1Cl)Oc1ccccc1O2,-3.9351571371151888
CS(C)(=O)=O,-10.08
Fc1cc(F)c(F)c(F)c1,-0.13360641224494665
CCCC(O)CCC,-3.9239140320564863
CC1CCC(C)CC1,2.042013455314996
CCOc1ccc(NC(=O)C)cc1,-10.944048828908425
C(CC)S[P@@](=O)(Oc1c(Cl)cc(cc1)Br)OCC,-4.09
Clc1cc(Cl)c(Cl)c(Cl)c1-c1c(Cl)c(Cl)cc(Cl)c1Cl,-4.3022867065611035
CC(Cl)(Cl)Cl,-0.23829144816016484
CC(C)CC=C,1.9190001649636168
Cc1ccccc1C=O,-3.93
Oc1ccccc1C(O)=O,-8.94224427297701
CC(C)OC=O,-2.0316670687316725
CC(=O)c1ccc(C)cc1,-4.7
CN(C)C(=O)c1ccc([N+](=O)[O-])cc1,-11.95
Cc1c(cccc1[N+]([O-])=O)[N+]([O-])=O,-6.150317954488548
C/C=C/CC,1.34
CCOC,-2.1
C=CC(=C)C,0.6841267237672568
CN(C)P(=O)(N(C)C)N(C)C,-8.653490063044549
O=C(Nc1ccc(F)cc1F)c1ccc[n]c1Oc1cc(ccc1)C(F)(F)F,-6.643477553487964
CC,1.83
Oc1c(Cl)cc(Cl)cc1Cl,-5.412768875816725
CC(C)=C1CC=C(C)CC1,0.04050414287647172
Clc1c2ccccc2c(Cl)c(Cl)c1Cl,-2.7400217713334056
Clc1ccc(-c2c(Cl)c(Cl)c(Cl)c(Cl)c2Cl)c(Cl)c1Cl,-4.5598368053132035
Clc1cc(Cl)c(cc1)-c1c(Cl)cccc1Cl,-3.054862918653385
CN(/C=N/c1ccc(C)cc1C)/C=N/c1ccc(C)cc1C,-4.623967501468242
CCN(CC)C(=O)SCc1ccc(Cl)cc1,-6.7594258916668295
CC(C)[C@@H]1CC[C@@H](C)CC1=O,-2.53
COCCN(C(=O)CCl)c1c(C)cccc1C,-9.711392868962195
Clc1ccc(Cl)c(-c2cc(Cl)c(Cl)cc2Cl)c1Cl,-1.9249721523542385
O=CC=Cc1ccccc1,-5.2290285790247975
OC(=O)/C=C/c1ccccc1,-8.632582623787636
CCCCOCCOCCCC,-4.5967658231255175
CCCCCCCCCCC(O)=O,-4.270419083975438
c1cccc2c3ccc[n]c3ccc21,-7.0334699814706525
CC=CCCl,-0.6446468818989959
CCI,-0.7297433575462153
Oc1ccc(Cl)c(Cl)c1,-7.29
CC(C)O[N+]([O-])=O,-1.6098810498128164
Clc1cc(-c2cc(Cl)c(Cl)c(Cl)c2Cl)c(Cl)c(Cl)c1Cl,-4.61622579497714
Clc1cc2c(cc1Cl)oc1cc(Cl)c(Cl)cc21,-4.312820573945367
CC(Cl)C(C)Cl,-0.7187423018061933
FC(F)O[C@H](Cl)C(F)(F)F,0.105
[O-][N+](=O)c1ccccc1C=O,-5.723588265942137
CCCCC(COC(=O)c1ccccc1C(=O)OCC(CCCC)CC)CC,-5.650854894194998
Clc1ccc(Cl)c(-c2cc(Cl)c(Cl)c(Cl)c2)c1,-3.61
CCOC1Oc2ccc(cc2C1(C)C)OS(C)(=O)=O,-8.394156093369363
CCCCC(=O)OCC,-2.483028418957008
CCOC(=O)NCCOc1ccc(cc1)Oc1ccccc1,-10.586576914207956
C(Cc1ccccc1)c1ccccc1,-2.424571417463794
CCCCC(C)(C)O,-3.914924514200097
CC(CO)O[N+]([O-])=O,-6.8689785380056
C/C=C\C,1.319262039345022
CCCCBr,-0.4734864910271738
CC[C@@H](C)C(C)C,2.52
C=CC=O,-3.208860338086105
CC(C)CBr,-0.03
CSc1ccc(cc1)OP(=O)(OCCC)OCCC,-9.437484983974377
CC(=O)OC=C,-2.288366601457917
CCCCCCCCCCCCCCCCCCO,-1.9704645609002027
O=CNc1ccccc1,-8.224308687810035
CON(C)C(=O)Nc1ccc(Br)c(Cl)c1,-9.188774989947646
CNC(=O)Oc1cccc2OC(C)(C)Oc21,-6.788846131924099
Clc1ccccc1-c1ccc(Cl)c(Cl)c1Cl,-3.054862918653385
[O-][N+](=O)c1ccccc1[N+]([O-])=O,-7.503649006322937
CC=CC(O)=O,-6.552939390601919
Clc1cc(Cl)c(-c2c(Cl)cccc2Cl)c(Cl)c1,-1.96
OC(c1ccccc1Cl)(c1ccc(Cl)cc1)c1c[n]c[n]c1,-8.899475960751166
Clc1cc(ccc1)-c1ccccc1,-2.2395403933703366
CC(C)C(C)CC,2.519935813181544
ClC=CCCl,-1.3793764710558951
COC(=O)C1CCCCC1,-3.3
O.O,-11.27
c1cccc2[nH]c3ccccc3c21,-7.321732536825538
COc1c(Cl)cc(Cl)c(OC)c1O,-6.44
CCCCOCN(C(=O)CCl)c1c(CC)cccc1CC,-7.692653746734417
CC1CCCCC1C,1.2165011256106348
CSSC,-1.8129535452164207
CC(C)[C@@H]1CC[C@@H](C)C[C@H]1O,-3.2
CC(C)Nc1[n]c(Cl)[n]c(NC(C)C)[n]1,-9.159490954506383
OC(=O)CCC(O)=O,-14.759279554955995
CCCCCC,2.5050899696528792
CCCCCCC(C)O,-3.1314550479550123
CCCC(C)O,-4.362626265069332
[O-][N+](=O)C(Br)(CO)CO,-12.620319124399707
CCCCOCCOCCOC(C)=O,-7.0417784752470105
CCc1ccccc1CC,-1.3237640945042983
C1OCOCO1,-4.513272270913914
C#CCCCC,0.2530853500401841
CCCO[N+]([O-])=O,-1.7502274713006911
COP(=O)(NC(C)=O)SC,-14.558513656163333
CCCCC(=O)OC,-2.566492986660062
CC(C)C(C)C,2.317530830977921
OOCC,-5.330246409431521
O=Cc1ccncc1,-7.001500291860545
O=C1CCCO1,-7.737648880221037
C(=C(Cl)Cl)OP(=O)(OC)OC,-6.524740389434513
CN(C)C(=O)Nc1cc(ccc1)C(F)(F)F,-9.344865709090383
CC1CO1,-3.4668106695407634
CC(C)Cc1cnccn1,-5.04
COP(=O)(OC(Br)C(Cl)(Cl)Br)OC,-7.747455626973458
c1cccc2[s]ccc21,-2.5591417756776003
O=C1CCCN1,-10.027115632463818
OC[C@@H](O)[C@@H](O)[C@H](O)[C@H](O)CO,-23.62
CCCC=CC=O,-3.677184754662819
FC(F)(F)c1cccc(C(F)(F)F)c1,1.07
CCCCC(=O)CCCC,-2.6481543463096164
CC(C)C(O)CCC,-3.841101503924912
c1cc2c(cc1)nnn(c2=O)CSP(OC)([S])OC,-10.0
Clc1cccnc1,-4.01
Cn1c(=O)c2c(ncn2C)n(C)c1=O,-12.64
OC1=C(C2CCCc3ccccc32)C(=O)Oc2ccccc21,-13.076060438755365
Clc1ccc(Cl)c(Cl)c1-c1c(Cl)c(Cl)cc(Cl)c1Cl,-4.098266457547478
CC(O)C(O)=O,-8.722545904759528
c1c(ccc(c1)[N][N]c1ccc(cc1)N)N(=O)=O,-11.2
c1ccc2c3c(cccc31)c1cccc3cccc2c31,-5.106171834987495
COP(N)(=O)SC,-13.036561042113664
FC(F)[C@@H](F)Oc1ccccc1,-1.29
CCCCOC(=O)c1ccccc1,-3.79887801096309
Clc1cc(Cl)c(Cl)cc1-c1cccc(Cl)c1Cl,-3.432076994962955
OCc1ccccc1,-6.6223392937989365
ClC(Cl)(Cl)Cl,0.08657737903019548
CC(C)CCO[N+]([O-])=O,-1.3286029956207384
ClCC1CO1,-3.9583738505059727
OC(=O)CCCC(O)=O,-14.837461119343367
CCC(C)c1cc(c(O)cc1)[N+]([O-])=O,-3.279935749789267
BrC(Br)C(Br)Br,-4.407713538509361
Cc1cccc(C)c1N,-5.21
CCCOC=O,-2.431310167066992
FC(F)=C(F)C(F)(F)F,2.93
c1c(cccc1-c1ccccc1)-c1ccccc1,-5.234476771665031
CCSCc1ccccc1OC(=O)NC,-9.980942199837823
Cc1ccc(C(C)C)c(O)c1,-6.408017466371668
Cc1cc(ccc1SC)OP(=S)(OC)OC,-6.37287662384215
COS(C)(=O)=O,-4.87
O=C1c2cc(F)ccc2N=C(N1c1ccc(Cl)cc1Cl)[n]1c[n]c[n]1,-12.362408032557125
OC(=O)COc1ccc(Cl)cc1Cl,-7.952443875062302
CCCCC(=O)CC,-4.02089186105267
Clc1cc(cc(Cl)c1)-c1cc(Cl)c(Cl)cc1Cl,-3.5969740416718463
CCOP(=O)(SCCC)SCCC,-7.055807571295617
Oc1ccc(cc1)/N=N/c1ccccc1,-10.300478698187613
ClC1(Cl)C2(Cl)C3(Cl)C4(Cl)C2(Cl)C2(Cl)C(Cl)(C3(Cl)C12Cl)C4(Cl)Cl,-2.0155789221089577
OC(=O)C(O)(CC(O)=O)CC(O)=O,-17.07734931856001
CCc1ccc[s]1,-0.8636642260364462
CC(C)C(C(=O)OC(C#N)c1cc(ccc1)Oc1ccccc1)c1ccc(Cl)cc1,-7.9679712240869724
CCCCN(CC)C(=O)SCCC,-3.62
CC(Cl)Cl,-0.8522600191022991
COc1[n]c(NCC)[n]c(NC(C)CC)[n]1,-9.303868059472613
COc1cccc(O)c1,-7.661546751459893
CNC(=O)O/N=C/C(C)(C)S(C)(=O)=O,-9.49060486221667
O=C1CCCCCN1,-10.758807904047387
Oc1cccc(Cl)c1Cl,-5.24346628952142
COc1c(O)cc(Cl)c(Cl)c1Cl,-3.9729477658186014
c1cccc2c1c1ccccc1c1ccccc12,-7.085227811552888
Clc1cc(Cl)ccc1-c1ccc(Cl)cc1,-2.7840314920815463
CCc1ccccc1C,-0.8645957875305583
CC(C)Cl,-0.2362638235600636
c1cccc2[s]c3ccccc3c21,-3.8944937917992175
OC(=O)c1ccccc1Nc1cc(ccc1)C(F)(F)F,-5.68
Nc1[n]c(NC2CC2)[n]c(N)[n]1,-15.750442001030759
Clc1cc(cc(Cl)c1)-c1ccccc1,-2.787451981822432
OC(C[n]1c[n]c[n]1)(c1ccccc1F)c1ccc(F)cc1,-15.224146591984056
CC(O)CO[N+]([O-])=O,-7.392076987781311
CC(C)CCC(C)=O,-2.9732044163354656
[C@@H]1(Cl)[C@@H](Cl)[C@H](Cl)[C@H](Cl)[C@@H](Cl)[C@@H]1Cl,-5.34728899837436
CCC(C)CO,-4.455821954951257
Clc1cc(-c2c(Cl)c(Cl)cc(Cl)c2Cl)c(Cl)c(Cl)c1Cl,-4.61622579497714
Clc1ccc(-c2cc(Cl)c(Cl)c(Cl)c2Cl)cc1Cl,-3.04
CN1CC(=CCC1)C(=O)OC,-8.417310912090361
Fc1ccc(F)cc1,-0.6680741102520069
C(=O)(c1cc(ccc1)OC)O,-8.93
CC(C)OP(=O)(OC(C)C)SCc1ccccc1,-7.904772189460247
Cc1ccc(cc1)[N+]([O-])=O,-4.916931483987802
c1c[n]ccc1-c1cc[n]cc1,-9.515257933913732
CC(C)OC(=O)C(=C1SCCS1)C(=O)OC(C)C,-3.1760133873682164
C[C@@H](O)C(F)(F)F,-4.18
CC[C@@](C)(O)CCC,-4.054398245790115
O=Cc1ccccc1O,-4.68
Nc1ccccc1N,-8.890350238078769
CCC(C)(C)O,-4.37858634603651
CC(C)Oc1cc(ccc1)NC(=O)c1ccccc1C(F)(F)F,-9.600658353549418
C#CCCCCC,0.614025459429958
COc1ccc2cc([C@H](C)C(=O)O)ccc2c1,-10.21
CC=CC#N,-3.1812572727844426
CCCOC(=O)CCC,-2.222278211854287
CC(C)C(O)C(C)C,-3.50358596986235
CCCCCI,-0.13242485770076065
CC(O)CO,-8.550246812512096
OC(=O)COc1cc(Cl)c(Cl)cc1Cl,-7.8073857460160445
CC[C@H](C)c1ccccc1,-0.45
C(C(F)(F)F)(F)(F)F,3.958217813211213
Clc1cc2c(cc1Cl)Oc1ccccc1O2,-3.56
CCC(C)=C,1.7001190256421723
CCCC[C@@H](C)CC,2.97
OO,-8.58
[O-][N+](=O)N1CN(CN(C1)[N+]([O-])=O)[N+]([O-])=O,-12.374605636325107
[O-][N+](=O)OCCCCO,-7.970439059179218
CC(=C)C=O,-2.767162795284653
CC(C)COC=O,-2.2440360419365213
Nc1ccc2c(c1)C(=O)c1ccccc1C2=O,-11.53
c1(Cl)c(Cl)nc(OP(OCC)(OCC)[S])c(Cl)c1,-5.0
CCCCNCCCC,-3.2851154598559864
N(N)(C)C,-4.4723235757999085
CC(=O)OCC(C)C,-2.368375697508022
Cc1cccc(C)c1C,-1.1237704321211155
CCCN(CC1CC1)c1c([N+](=O)[O-])cc(C(F)(F)F)cc1[N+](=O)[O-],-2.52570265962151
Cc1cc(ccc1)NC(=O)Oc1cc(ccc1)NC(=O)OC,-14.288010891575663
CCC(O)CO[N+]([O-])=O,-7.0199540814923305
CCCCCC(N)=O,-9.31
CC(=O)N1CCCC1,-9.8
CCOCCOCCOCC,-7.27700419248916
Cc1cc(Br)ccc1,-0.7646433248001729
COc1ccccc1OC,-5.33
Cc1cccc(C)c1N(C[n]1ccc[n]1)C(=O)CCl,-10.40109237431474
C1CCCCCC1,0.7905432643549276
C(Oc1ccccc1)C1CO1,-6.092567112502056
Clc1ccc(-c2c(Cl)c(Cl)cc(Cl)c2Cl)cc1Cl,-4.378168900755279
CC1OCCSC=1C(=O)Nc1ccccc1,-10.830996456530505
ClCC(Br)CBr,-2.9034675505404564
c1ccc2c(c1)Cc1ccccc1C2,-3.78
CC1CCCCN1C(=O)CSP(=S)(OCCC)OCCC,-9.178695833563213
CC(=O)CC(C)C,-3.056686002265678
CCOC(=O)CCCC(=O)OCC,-5.083561835530522
CCCCOCCOCCO,-8.897461590590122
Cc1ccc(cc1)N(C)C,-3.679153977693925
COP(Oc1c(Cl)cc(c(Cl)c1)Br)(OC)[S],-5.7
OC1CCCC1,-5.49
N#CCCCCC#N,-9.951385754764553
CC1OCCS(=O)(=O)C=1C(=O)Nc1ccccc1,-12.556575270508954
Cc1c(cc(cc1[N+]([O-])=O)[N+]([O-])=O)[N+]([O-])=O,-8.339674166967011
CCCC(C)(C)C,2.876353143318383
O=C(Nc1cccc(c1)O)C,-13.93
S(CCCl)CCCl,-3.96930539488849
C1CN2CCN1CC2,-6.8125457699091205
CC(C)CCC(C)O,-3.5165254273829087
CCCS,-1.0699133963771474
CC(C)c1ccccc1,-0.3959378776409293
C=CCCC,1.6624692539492991
CC1COC(=O)O1,-7.967835019270967
CC(C)N(C(=O)CCl)c1ccccc1,-7.391007623486079
CCSCCSP(=S)(OCC)OCC,-5.521868933437434
COCCN,-6.55
CC(C)OC(=O)Nc1cccc(Cl)c1,-6.3114482518235
C=C[C@@](C)(CCC=C(C)C)OC(C)=O,-2.49
CC(=O)CC(C)=O,-5.472426585227296
C/C(/C=C/CC(C)CCCC(C)(C)OC)=C\C(=O)OC(C)C,-4.83553286558382
CC[C@@H](O)C(C)C,-3.88
O=[N+]([O-])OCCO[N+](=O)[O-],-5.6541189014232955
COc1cc(C=O)ccc1O,-9.609920281037818
C(CN)N,-9.73055573728015
CCN(CC)C(=S)SCC(=C)Cl,-4.8716271418253765
CCC(C)C,2.3696070651473047
O=C(Nc1cc(Cl)ccc1)OCC#CCCl,-8.607180425602554
CCC(O)CC,-4.281470325810478
CC(C)(C)c1ccccc1,-0.40237299250346004
CCCCCCCCCC(=O)OC,-1.4626930068302917
Clc1ccc(cc1)-c1cccc(Cl)c1Cl,-3.054862918653385
COc1ccccc1O,-5.950123641643343
CCC(C)c1ccccc1,-0.19557960352762105
OC1CCCCCC1,-5.48
CCCCCC=CC=O,-3.4368936016652216
CCCC1COC(C[n]2c[n]c[n]2)(O1)c1ccc(Cl)cc1Cl,-9.742583771827542
O=CC=O,-9.353677724539015
CC(C)N(N=O)C(C)C,-4.760953465538498
CC(=O)c1cccnc1,-8.257878568062903
CCSSCC,-1.5695866106548797
C1OC1c1ccccc1,-4.343561070170592
CN1CCN(C)CC1,-7.58
Clc1ccc(I)cc1,-1.9381840195068083
COC(=O)CC#N,-6.72
O=[N+]([O-])OCCCO[N+](=O)[O-],-4.8
CN(C)C1CCCCC1,-4.110722424749351
COc1[n]c(NC(C)C)[n]c(NC(C)C)[n]1,-10.119190088083787
CN(C)c1ccccc1,-3.47927799473674
Clc1cc(Cl)c(-c2cc(Cl)c(Cl)cc2)c(Cl)c1,-3.432076994962955
C=CC(C)C,1.8809698112420872
CCC(=O)C,-3.6813298756548702
Oc1ccc(Cl)cc1Cc1ccccc1,-9.474396489111973
O=c1[nH]cc(F)c(=O)[nH]1,-16.92
Clc1cc(-c2c(Cl)c(Cl)c(Cl)c(Cl)c2Cl)c(Cl)cc1,-4.338154451014062
CCN(CC)c1ccccc1,-2.8692801417229816
COC(OC)(OC)C(F)(F)F,-0.8
COP(=S)(Oc1ccc(cc1Cl)[N+]([O-])=O)OC,-7.3643114795489275
Cc1cccc2[s]c3[n][n]c[n]3c21,-12.115544076281926
c1ccc2c3c(cccc31)-c1ccccc1-2,-4.6685205879941725
CC(C)CC(C)OC(C)=O,-2.2092316033585027
Clc1cc(ccc1)-c1cc(Cl)cc(Cl)c1,-2.939993116561104
Clc1cc(Cl)c(-c2cccc(Cl)c2Cl)c(Cl)c1Cl,-3.811022269549072
CCOP(=S)(Oc1[n][n](c[n]1)-c1ccccc1)OCC,-7.770065626430434
CC(C)CCOC=O,-2.11635215621818
CC(=O)C1C(=O)C=C(C)OC1=O,-8.097502004108563
CC(=O)C(F)(F)F,-4.762466603419222
O=NN1CCOCC1,-8.172948102801941
C=CC(=O)OCCO,-8.833689034620328
[O-][N+](=O)c1cc(cc(c1)[N+]([O-])=O)[N+]([O-])=O,-8.955592344945586
CC(=C)C(=O)OCCCC,-2.305664613090664
CNC(=O)N(C)c1[n]c2ccccc2[s]1,-10.408761526912288
OC(=O)CCCCCCC(O)=O,-13.131087184421744
Oc1ccc2c(C(=O)c3ccccc3C2=O)c1O,-14.366601070411056
CC(C)Br,-0.4574271552643237
COC(OC)(OC)c1ccccc1,-4.04
C(OCc1ccccc1)c1ccccc1,-4.850651600160472
ClCCCl,-1.7879668833758875
O=S1OC[C@@H]2[C@H](CO1)[C@]1(Cl)C(Cl)=C(Cl)[C@@]2(Cl)C1(Cl)Cl,-4.23
CCOP(=S)(NC(C)C)Oc1ccccc1C(=O)OC(C)C,-7.624735087752162
Fc1cc(F)c(F)cc1F,-0.19054002533540365
ClC1=C(Cl)[C@]2(Cl)[C@@H]3[C@@H](Cl)C=C[C@@H]3[C@@]1(Cl)C2(Cl)Cl,-2.575
Clc1ccc(cc1)Oc1ccccc1,-2.784969360615344
Clc1ccc(Cl)c(-c2ccc(Cl)c(Cl)c2Cl)c1Cl,-3.739654338331664
Clc1c(cccc1Cl)-c1cc(Cl)c(Cl)c(Cl)c1Cl,-3.9863039664105586
c1cccc2[nH]ccc21,-6.354897588129375
CCCCCCC,2.6090325399994287
Clc1ccc(cc1)-c1cc(Cl)c(Cl)cc1,-3.2539322049771404
CC(C)OCCO,-6.027850995664263
CNC(=O)Oc1ccccc1OC(C)C,-9.8505941909202
COC(C)C,-1.9894210586304144
CC(C)(C)c1ccc(cc1)OC1CCCCC1OS(=O)OCC#C,-6.736679687393847
CCC1CO1,-2.625745930704474
CCCCC(CCl)CC,-1.3864183098670009
CCCOC(=O)c1ccccc1C(=O)OCCC,-6.515346861384297
Cc1ccc(cc1)C(O)=O,-8.118341340957459
CCCSC(=O)N(CCC)CCC,-4.115
O=C(Nc1cc(Cl)c(F)c(Cl)c1F)NC(=O)c1c(F)cccc1F,-11.18363072516972
O=c1[nH]cc(Cl)c(=O)[nH]1,-17.74
C=C(C)[C@@H]1CC=C(C=O)CC1,-4.09
C=CCCCCCC,1.9195000824818085
CCc1ccc(C)cc1,-0.9442203350118364
c1cccc2oc3ccccc3c21,-2.9155897791649803
CCCCCCCCCCCCCCCC(O)=O,-5.287869059539337
Clc1cc(cc(Cl)c1)-c1c(Cl)c(Cl)cc(Cl)c1Cl,-3.9863039664105586
COC(=O)Nc1[nH]c2ccccc2[n]1,-13.021169897904999
CCCCC(C)C,2.9267553415034784
FC(F)(F)F,3.14831086015378
C(=O)(c1ccc(cc1)OC)O,-9.15
NCCNCCNCCNCCN,-15.103741534634855
Cc1cc(/N=N/c2ccc(cc2)NC(C)=O)c(O)cc1,-12.547313343020553
C1=CCCC1,0.5622983188244257
c1ccc2c(c1)Oc1ccccc1O2,-3.1704298561564284
CCc1cccc(O)c1,-6.251878833617637
Brc1ccc(cc1)-c1ccccc1,-1.831944263022224
CCCCCCCCCC(C)O,-3.8210793959720486
CC(C)CN,-4.44734913996707
CCCCCCCN,-3.79
c1(S(=O)(=O)NC(=O)Nc2nc(C)cc(C)n2)ccccc1C(=O)OC,-20.3
CC(CCl)OC(C)CCl,-3.4294905499551533
c1ccccc1NCC,-4.624693555586023
CCC[C@H](Cl)C,0.07
CCC(=O)CCC,-3.12139525614986
CCSC(=O)N(CCC)CCC,-4.3393387208744105
Cc1cc(O)c(cc1Cl)[N+]([O-])=O,-4.015579873228441
CN1CCC[C@H]1c1c[n]ccc1,-8.825108131211955
CSC1=NN=C(C(=O)N1N)C(C)(C)C,-11.421580538731986
CN(C)C(=O)Nc1ccc(cc1)Oc1ccc(Cl)cc1,-10.60081031748057
O=C1c2ccccc2C(=O)c2c(NCCO)cccc21,-14.21
Cc1cc(N)ccc1C,-5.611363628647044
CC(=O)OC(C)(C)C,-1.9790454643085715
C[C@H]1CCCO1,-3.3
C[C@H](O)C(F)(F)F,-4.157574341622855
O=c1[nH]cc(C(F)(F)F)c(=O)[nH]1,-15.46
CC1CCCC1,1.592620658658824
Nc1ccc(cc1)/N=N/c1ccccc1,-9.455327814871147
CS(=O)(=O)c1cc(ccc1C(=O)c1c[n]oc1C1CC1)C(F)(F)F,-11.063727411944491
N#CCC#N,-7.179617749044957
C[C@H]1CC[C@H](C)O1,-2.92
Nc1ccc(O)c2c1C(=O)c1ccccc1C2=O,-9.53
Cc1cc2ccccc2cc1,-2.3435626621244885
CCCCCCCCC=O,-2.0761289931607707
CCCCCCCC,2.884307215945736
Cc1cc(ccc1SC)OP(=O)(NC(C)C)OCC,-9.948525453628427
c1ccc(Cn2ccnc2)cc1,-7.63
Clc1ccccn1,-4.358608246124944
CO[P@](O)(Oc1ccc(c(c1)C)SC)[S],-6.92
COC(=O)C=C,-2.847759780794053
CN1CSC(=S)N(C)C1,-10.848880214885929
[O-][N+](=O)c1cccc(c1)C=O,-6.050071209908223
COC(=O)C1CC1,-4.1
Nc1ccc(cc1Cl)[N+]([O-])=O,-8.73096768302283
CN(C)NC(=O)CCC(O)=O,-10.573705559095401
CC(C)=CC(C)=O,-3.8461410821171302
CCC(COP(=O)(Oc1ccccc1)Oc1ccccc1)CCCC,-3.6163032718613217
O=C1CCCC1,-4.665408598325713
Clc1cccc([n]1)C(Cl)(Cl)Cl,-3.850363431413312
CCCCOC=O,-2.2844166617937467
Clc1ccc(cc1)-c1c(Cl)cccc1Cl,-2.8438409714863706
Cc1[n]c(NCC)[n]c(O)c1CCCC,-9.463636308647507
CCCCOC(=O)c1ccccc1C(=O)OCc1ccccc1,-5.8399071788111545
Cc1cc(C)[n]c(C)c1,-4.6745387730648735
Cc1cc(ccc1)OP(=O)(Oc1cc(C)ccc1)Oc1cc(C)ccc1,-3.3641716010237865
O=Cc1ccco1,-5.214863278160187
CC(O[N+]([O-])=O)C(C)O,-7.346759121398495
CC(O)(CC)CC,-4.282268902967949
COP(=O)(OC)C(O)C(Cl)(Cl)Cl,-12.321077143634794
ClC(Cl)c1ccccc1,-2.435331597928258
CN(SN(C)C(=O)O/N=C(\C)/SC)C(=O)O/N=C(\C)/SC,-5.65929959278736
O=C(Nc1ccc(Cl)cc1)NC(=O)c1c(F)cccc1F,-9.942804851356179
ClC1=C(Cl)[C@]2(Cl)[C@H]3[C@@H](Cl)C[C@@H](Cl)[C@H]3[C@@]1(Cl)C2(Cl)Cl,-3.44
c1ccc(cc1N)N,-9.926022335445856
C(SP(OCC)(OCC)[S])SP([S])(OCC)OCC,-6.1
Nc1ccc2ccccc2c1,-7.467741623573862
CNC(=O)O/N=C\C(C)(C)SC,-9.82
CC(Oc1ccc(Cl)cc1Cl)C(O)=O,-11.129012593951364
c1c2ccccc2[n]c2ccccc21,-6.088072353573861
COC(=O)c1ccccc1C(=O)OC,-6.938943839162575
CC(C)N1C(=O)c2ccccc2NS1(=O)=O,-9.601475582445454
OC(=O)c1c(Cl)c(Cl)ccc1Cl,-8.256316819571412
Oc1ccc(Cl)cc1Cc1cc(Cl)ccc1O,-14.065997041486082
CCOCCOCC,-3.5363974917571515
CN1C=CC(=O)NC1=O,-9.210703965324594
Oc1cc(Cl)ccc1Cl,-4.914804068499239
CCCBr,-0.6110526347833174
Nc1ccc(O)cc1,-10.668912725483509
[Cl-].C[N+](C)(C)CCCl,-16.607442703339736
CC(C#C)OC(=O)Nc1cccc(Cl)c1,-8.789831083866433
Cc1[n]c([n]c([n]1)OC)N(C)C(=O)NS(=O)(=O)c1ccccc1C(=O)OC,-15.502858556112981
COCC(C)OC(C)=O,-5.246190385841539
CCCOC(N)=O,-7.350146178684317
CNC(=O)CSP(=S)(OC)OC,-10.94282061047133
C=C(C)CCC,1.452736534071377
C#CCCCCCC,0.7134963318558769
CC(OP(C)(=O)F)C(C)(C)C,-5.079067076602326
Cc1ccc(C)c(O)c1C,-5.1659657492140765
CCCCCBr,-0.10253780011356244
CC(C)(C)OOC(C)(C)C,0.4026319483701901
CCC,1.98
OC(C(=O)c1ccccc1)c1ccccc1,-9.121898425288759
CC(C)CC(C)O,-3.739159313139134
C=CCC=C,0.9360696122847342
COc1c(O)c(OC)c(Cl)c(C=O)c1Cl,-8.68
CC(O)CCO[N+]([O-])=O,-7.522968875844585
Cc1ccc2cc3c(ccc4ccccc43)c3CCc1c32,-4.998161415894836
CCCCC(CC)C(O)=O,-5.3582869494143734
O=C(F)C(F)(F)F,-2.542209774539017
c1c[nH]cn1,-9.72
CN(C)C(=O)Nc1ccc(Cl)cc1,-10.394460021231666
C=Cc1ccccc1,-1.2697436370656603
C=CCCCCCCC,2.0619610445969343
BrC(Br)(Br)Br,-2.312338649074951
COC(=O)[C@@H]1C2CCC(C[C@@H]1OC(=O)c1ccccc1)[N@@]2C,-11.933029622834052
CC(C)[C@H](C(=O)OC(C#N)c1cccc(c1)Oc1ccccc1)c1ccc(cc1)OC(F)F,-7.4280553334396755
O=NN1CCCCC1,-6.078862597794093
CC(=O)C(C)C,-3.2547249455741243
Brc1cccc2ccccc21,-2.6341906292968376
CCCCCCCCCC,3.16
CC(O)C(C)O,-8.160224321879266
CCOCCC,-1.5900445097957867
Cc1cc(O)ccc1[N+]([O-])=O,-8.421348999812816
CCCC(C)C,2.491719789731439
O=C(Nc1ccc(cc1)O)C,-14.83
Clc1cc(-c2cc(Cl)ccc2)c(Cl)cc1,-2.8438409714863706
Clc1ccc2c(c1)Oc1ccc(Cl)cc1O2,-3.67
Oc1ccc(O)cc1,-11.85648251623875
C(=O)(N)N,-13.810959005601775
C/C(=C\C(=O)NC)/OP(=O)(OC)OC,-14.41263829822104
Clc1cc(Cl)c(cc1)-c1c(Cl)c(Cl)cc(Cl)c1Cl,-3.6523074796037496
CP(=O)(OC(C)C)OC(C)C,-6.503224632759775
CCC(C)N,-3.0024884517767294
OC(=O)C(F)(F)F,-7.2790697714963715
Clc1c(-c2ccccc2)c(Cl)ccc1Cl,-2.787451981822432
CCC(C)OC(C)=O,-2.4049579239589485
CC(Br)CBr,-1.6803483028076835
CC(=O)CC(=O)OCC,-5.8622447686361205
C(C)O[P@](c1ccccc1)(Oc1ccc(C#N)cc1)[S],-5.1
CC[C@H](C)Cl,0.035
CCCCCCI,0.0809623592110198
CC=CCCCC,1.677645231001203
C=CCCCCCCCCC(O)=O,-5.311160083076339
O=C(O)c1cc(-c2ccc(F)cc2F)ccc1O,-9.4
CCCCCCC[C@H](C)O,-3.6713903031815898
C=C(Cl)CCl,-1.0483579565404153
FC(F)(Cl)C(F)(Cl)Cl,1.7848436903623697
CCCCCCCCOC(=O)CCCCC(=O)OCCCCCCCC,-6.472364802771412
c1ccccc1/C=C/c1ccccc1,-1.4784246630789706
CCN(CC)c1c([N+](=O)[O-])cc(C(F)(F)F)c(N)c1[N+](=O)[O-],-5.7143245219068985
OC(c1ccccc1)c1ccccc1,-8.558963920736472
C([C@@H](Cl)Br)(F)(F)F,-0.13
CC(=O)C=O,-6.753168884105079
CNC(=O)Oc1ccccc1C(C)C,-8.53036090937524
CC(=O)OO[N+]([O-])=O,-2.6490128258250865
CC(=O)C1CC1,-4.607254918056492
CCCCOC(=O)C(C)O,-5.589835136624363
[O-][N+](=O)c1cc(Cl)ccc1Cl,-4.508357691038247
COP(=S)(Oc1cc(Cl)c(cc1)[N+]([O-])=O)OC,-7.8930585752837406
C1CCCCCCC1,0.8500647689494959
c1c2cc3ccccc3cc2cc2ccccc21,-6.391945298082973
CCC(Cl)CC,0.04209780040263431
CI,-0.8935550824381195
[C]1(c2c([N]C=N1)n(cn2)C)N,-13.6
c1cc2ccc3cccc4ccc(c1)c2c34,-4.572869202419152
COC(=O)/C=C\C(=O)OC,-6.178239941769752
COc1cccc(N)c1,-7.29
CCCCCCCCCC(O)=O,-5.802995673673563
C1C=CCC=C1,-0.5264211016058951
CCCCI,-0.2426200483070044
c1ccccc1Nc1ccccc1,-5.365097190214669
OC(=O)CCc1ccccc1,-7.404900514718679
COP(=S)(OC)SCN1C(=O)c2ccccc2C1=O,-8.80549463770711
c1c2c3c4c5c1cccc5ccc4ccc3-c1ccccc1-2,-6.603023042471667
CC(C)Cc1ccc([C@H](C)C(=O)O)cc1,-7.0
Cc1[n]c([n]c(O)c1CCCC)N(C)C,-9.514849319465718
CCC(C)OC,-1.6627778815429253
C=CC1CC=CCC1,0.3570033350082217
Cc1cc(Cl)c(Cl)cc1,-1.3331622268087044
CC1OC(C)OC(C)O1,-4.296570408648565
ClC(Cl)Br,-1.4470733634467705
CCC(CO)O[N+]([O-])=O,-7.037407753945367
c1c2c3ccccc3ccc2cc2c3ccccc3ccc21,-7.138620099427189
c1(Cl)nc(NC(=O)NS(=O)(=O)c2c(cccc2)C(=O)OCC)nc(OC)c1,-14.0
COC(=O)c1ccccc1O,-6.021331993730983
Clc1ccc(cc1Cl)-c1cc(Cl)c(Cl)cc1Cl,-2.6275165933125506
c1ccco1,-0.8960809722458449
CCCCCCCCCCCC(O)=O,-7.495885331810605
Cc1c(C)c(C)c(C)c(C)c1C,-2.0370687159270746
C=C(C)[C@@H]1CC=C(C)[C@@H](O)C1,-4.44
COC(CC#N)(OC)OC,-6.4
COC(=O)CCl,-4.0
C(c1ccccc1)c1ccccc1,-3.1024627867250434
CCCCCCC(=O)OCC,-2.308920423538978
COP(=S)(Oc1[n]c(Cl)c(Cl)cc1Cl)OC,-5.196067013551375
CCOC(=O)Nc1cccc(c1)OC(=O)Nc1ccccc1,-11.114302473822727
Oc1cccc2ccc[n]c21,-6.308996565135393
N(C)C(=O)O/N=C(\C)/SC,-10.7
CCCOC,-1.6584288722208669
O=c1cc(Cl)[nH]c(=O)[nH]1,-15.83
CCC(C)(O)C#C,-4.990397741382502
Oc1ccccc1F,-5.2883352931610235
CC(=O)CC(C1=C(O)c2ccccc2OC1=O)c1ccccc1,-9.460231188247358
CN(C)c1ccc(cc1)N=Nc1ccccc1,-7.399997141342468
CCCCCCCCC(O)=O,-5.864424045692212
CC(=C)C(=O)OCC(C)C,-2.274882324673336
CCCC(C)Cl,0.06552502875564489
CCCCCCCl,-0.0032379060792472594
CCCN(CCCl)c1c(cc(cc1[N+]([O-])=O)C(F)(F)F)[N+]([O-])=O,-5.776435734552416
c1(c(=O)[nH]c(=O)n(c1)C)C,-10.4
O=C1C=Cc2ccccc2O1,-7.344016961964053
[O-][N+](=O)c1ccc(cc1O)[N+]([O-])=O,-7.494931898098563
CCOC(=O)NC,-6.999010163021165
COS(=O)(=O)OC,-5.127330374742794
O=C(Nc1ccccc1)N(Cc1ccc(Cl)cc1)C1CCCC1,-13.20842000799452
COC(=O)C(F)(F)F,-1.1
CCCN(CCC)CCC,-2.462708765945439
OC(=O)c1ccccc1C(O)=O,-12.381552081941404
S=C=NCc1ccccc1,-4.014354029884388
c12c(c(ccc1N)N)C(=O)c1c(C2=O)c(ccc1N)N,-8.9
C#Cc1ccccc1,-2.1863491942695155
CC(C)=CCC/C(C)=C/CO,-4.45
NC=O,-9.302506011312552
C=C,1.2901869709097362
Clc1ccc(Cl)c2ccccc12,-1.7978930590207558
C=C(C)[C@@H]1CC[C@@H](C)C(=O)C1,-3.75
CCCCOC,-1.5482296312819832
CC1(C)OC2(C)CCC1CC2,-2.864785382794788
OCCOc1ccccc1,-7.777284481678746
Clc1cc(-c2cc(Cl)c(Cl)c(Cl)c2Cl)cc(Cl)c1Cl,-3.17
OC(=O)C(O)CC(O)=O,-17.197481966277195
Cc1cc(cc(c1)OC(=O)NC)C(C)C,-7.402721237662583
Cc1ccc(C)c(C)c1,-0.8414690528838991
C1c2ccccc2-c2cc3ccccc3cc21,-4.759939192700556
Cc1ccc(cc1Cl)NC(=O)N(C)C,-11.209373435394829
O=C1[C@@H]2CC=CC[C@H]2C(=O)N1SC(Cl)(Cl)Cl,-9.01
c1ccccc1N=Nc1ccccc1,-4.436997573950623
O=C(Nc1ccccc1O)C,-11.61
COP(=S)(Oc1cc(Cl)c(Cl)cc1Cl)OC,-3.932222525832845
c1c2c3ccccc3c3ccccc3c2cc2ccccc21,-8.211914049553501
Cc1c[nH]cn1,-10.27
O=S1OCC2C(CO1)C1(Cl)C(Cl)=C(Cl)C2(Cl)C1(Cl)Cl,-4.094327140258652
CC(C)C1CCC(C)CC1O,-3.8280939439963513
CCCC(=O)OCCCC,-2.1130710032583537
COC(=O)c1ccc(OC)cc1,-5.33
CN1C=C(C(=O)C(=C1)c1ccccc1)c1cc(ccc1)C(F)(F)F,-9.319259203681275
FC(F)OC(Cl)C(F)(F)F,0.09442454792061952
O=c1[nH]cc(I)c(=O)[nH]1,-18.72
CCCCCCCCCCCCC(O)=O,-7.294710818569922
COc1c(Cl)c(Cl)ccc1Cl,-2.6281047636085857
Oc1ccc(F)cc1,-6.187665188895997
CS(=O)c1ccc(cc1)OP(=S)(OCC)OCC,-8.692717050054243
ClCCCBr,-2.200923109582144
[O-][N+](=O)c1cc(ccc1Nc1ccccc1)[N+]([O-])=O,-12.201216905549623
Cc1cc(C)c(C2CC(O)=C(C(=O)C2)C(CC)=NOCC)c(C)c1,-11.012285066634321
Clc1cc(ccc1)-c1ccccc1Cl,-2.7118210819586785
OC(=O)CCCCCCCC(O)=O,-14.090786317999154
CC(C)(C)OC=O,-2.1111734656884487
c1(cc(c(cc1Cl)Cl)Cl)OP(OC)(OC)[S],-5.06
Brc1cc(Br)cc(Br)c1,-2.033527390710923
Cc1cc(c(O)c(c1)[N+]([O-])=O)[N+]([O-])=O,-7.716430190428309
Oc1ccc(cc1)C(O)=O,-13.000466765872106
CCOP(=S)(OCC)SC(CCl)N1C(=O)c2ccccc2C1=O,-6.996422271517052
CC(=O)OC(C)C,-2.657094585057333
CC=C(C)C,1.3095374994446505
CCCCCC=O,-2.7659667572535587
FC(F)(F)c1ccccc1,-0.2400197109885534
Clc1cc(-c2cc(Cl)cc(Cl)c2)c(Cl)c(Cl)c1Cl,-4.206134561486371
CC(C)c1cc(c(c(c1)[N+]([O-])=O)N(CCC)CCC)[N+]([O-])=O,-3.135424352198464
"ClC1(Cl)[C@@]2(Cl)[C@@H]3[C@@H]4C[C@@H]([C@H]5O[C@H]54)[C@@H]3[C@]1(Cl)C(Cl)=C2Cl |o1:3,5,6,8,9,11,12,13|",-4.688806025718932
FCCl,-0.77
CCC(C)(C)CC,2.5585598639755744
C#CCBr,-1.8193301916525
COP(=S)(Oc1cc(Cl)c(Br)cc1Cl)OC,-2.829780745081276
CCC(C)Cl,-0.07814437763408996
Clc1cc(Cl)c(cc1)-c1ccc(Cl)c(Cl)c1Cl,-3.4997663448650784
CCCCCCc1ccccc1,0.025770074306383697
O=c1[nH]c(=O)[nH]c(=O)[nH]1,-18.06
C=C(F)F,1.2449225305505325
C=CCCCC,1.6413415831335385
N[C@@H](CCC(O)=O)C(O)=O,-14.71514919457009
COC(CCl)(OC)OC,-4.59
CCOP(=O)(Oc1ccc(cc1)[N+]([O-])=O)OCC,-11.126152292815236
CCCCOC(=O)CC,-2.2964026856022643
CCCc1ccc(O)c(OC)c1,-5.26
CN(C)C(=O)c1ccccc1,-9.29
COC(=O)c1ccc([N+](=O)[O-])cc1,-6.88
CCCCC(C)=O,-3.300792172047654
C#CCO,-5.893571876317469
COC(=O)c1ccc(O)cc1,-9.51
FC(F)(F)C(Cl)Br,-0.11317246487087786
CC(C)=CC1C(C(=O)OCN2C(=O)C3CCCCC=3C2=O)C1(C)C,-6.212427350587228
CCCCOCCOC(C)=O,-4.974246573225316
ClC(Cl)C(Cl)Cl,-2.458383617695974
CC(C)(C)C(O)C(Oc1ccc(Cl)cc1)[n]1c[n]c[n]1,-14.145813063665528
COC(OC)OC,-4.42
CCOC(=O)CC,-2.694279229418024
C(C=C)Br,-0.86
CC[C@H](C)n1c(=O)[nH]c(C)c(Br)c1=O,-9.715
CCOC(=O)C=C,-2.5313559932124017
C(C)OP(Oc1ccc(Cl)cc1Cl)(OCC)[S],-3.86
Oc1ccccc1-c1ccccc1,-6.241030361948463
FC(Br)C(F)(F)F,0.5034841567579084
CCCCCCCCCCCC,1.731446133323525
N#Cc1ccncc1,-6.021045686392164
CC(=C)C(=O)OCC,-2.220672807902997
O=C(c1ccccc1)c1ccccc1,-5.2568143614899965
CCNc1[n]c(Cl)[n]c(NC(C)C)[n]1,-9.426997213141926
Cc1ccc(C(=O)N(C)C)cc1,-9.76
OC(=O)CCCCCC(O)=O,-14.722231845002398
Fc1cc(F)ccc1,-0.4784770063718271
CC1CC=C(CC=1)C(C)C,0.031401861974253105
[O-][N+](=O)c1cc(Cl)c(cc1)NC(=O)c1cc(Cl)ccc1O,-14.156981858578007
CCSC,-1.5
c1ccccc1-c1ccccc1-c1ccccc1,-3.5443112098481064
c1ccc(-c2ccccc2)cc1,-2.657747172116568
CN1CCOCC1,-6.33
FC(F)(F)CCl,0.06
CCOP(=S)(OCC)S[C@@H](CCl)N1C(=O)c2ccccc2C1=O,-5.74
Cc1c(C)c(C)cc(C)c1C,-2.3788065992858196
COc1cc(ccc1[N+]([O-])=O)Oc1ccc(Cl)cc1Cl,-4.226424928405539
CCCCCCC(O)=O,-6.2323132537240875
O=COc1ccccc1,-3.82
[C@@H]12[C@@]3(Cl)C(Cl)(Cl)[C@@](C(=C3Cl)Cl)(Cl)[C@@H]1[C@H]([C@@H](C2)Cl)Cl,-3.4
Clc1cc(Cl)c(-c2c(Cl)cc(Cl)cc2Cl)c(Cl)c1,-0.3308309858214569
CCOP(=S)(Oc1ccc(cc1)[N+]([O-])=O)c1ccccc1,-7.183976303157147
NC(=O)c1ccccc1,-10.93251176093398
BrCCBr,-2.2022007184187604
CCCCC#N,-3.52
CC(C)C(C)C(C)C,2.546641942575061
CC(=O)OC(C)=O,-4.946267380996597
CSc1[n]c(NC(C)C)[n]c(NC(C)C)[n]1,-8.596828859586108
CC1=CC(=O)NO1,-9.6234045578224
Clc1cc(-c2c(Cl)cc(Cl)c(Cl)c2Cl)c(Cl)c(Cl)c1Cl,-4.61311289748857
C(=S)(c1c(Cl)cccc1Cl)N,-10.807626873152692
OC(CCl)CCl,-5.828193564634647
COCC(C)O,-6.027850995664263
CC(=O)OCCC(C)C,-2.247230312921745
C/C=C/C=C/C=O,-4.629387111172049
OC(=O)C(Br)(Br)Br,-9.351903700454596
CCOS(=O)(=O)OCC,-4.903090454322735
OC(=O)c1cccc(Br)c1,-7.644893400521033
C=CCCC=C,1.0239456051107998
OCC(F)(F)C(F)F,-4.890522730037689
Clc1cccc(Cl)c1-c1ccccc1,-2.761152692645802
NCc1ccccc1,-7.3880111175339485
CCOC(=O)CCCCC(=O)OCC,-5.213773639632139
COCC(OC)(OC)OC,-5.73
CCCSP(=O)(Oc1ccc(Br)cc1Cl)OCC,-8.430795188874942
Clc1c(cccc1Cl)-c1c(Cl)c(Cl)cc(Cl)c1Cl,-3.675976099311169
CCOP(=O)(OCC)O/C(=C/Cl)c1ccc(Cl)cc1Cl,-7.085
Cc1cc(Cl)ccc1O,-5.907056153102052
Cc1cccc2ccccc12,-2.3478623871355566
C=CCN(CC=C)C(=O)C(Cl)Cl,-6.635751918733492
CCCCC(CO)CC,-3.9030746952075854
CCC(=O)c1ccccc1,-4.374479563403926
CNC(=O)ON=CC(C)(C)SC,-9.847325275336061
COP(=S)(Oc1cc(Cl)c(I)cc1Cl)OC,-5.0894186426187735
C=COC=C,-0.2478822528738777
CC(C)(O)C=C,-4.182930152543348
COc1ccccc1N,-6.12
CCOP(=S)(OCC)Oc1ccc([N+](=O)[O-])cc1,-6.655403409275099
CCC(C)O,-4.648637257320199
CCOC(=O)CC#N,-6.711209386800747
CON(C)C(=O)Nc1cc(Cl)c(Cl)cc1,-8.979700597378628
NCCO,-8.004337909960542
Oc1ccccc1O,-9.980533585389807
Oc1c(Cl)cccc1Cl,-5.199744543583535
COC1=NN(CSP(=S)(OC)OC)C(=O)S1,-8.897569093327084
CC(C)CCBr,0.2095796859742616
COc1ccc(C=O)cc1,-5.788557963176937
CC1=CCC2CC1C2(C)C,1.0061026170934797
Clc1ccccc1-c1c(Cl)cccc1Cl,-2.761152692645802
Cc1ccc(c(O)c1)[N+]([O-])=O,-4.470174340541755
Cc1cc([n]c([n]1)N(CC)CC)OP(=S)(OCC)OCC,-3.9263657187445915
Clc1ccccc1Nc1[n]c(Cl)[n]c(Cl)[n]1,-10.814243264161778
CCCCCCCI,0.2672962442294942
CC(C)(C#C)NC(=O)c1cc(Cl)cc(Cl)c1,-8.715190844695215
CCCCCCCCCCCCCCO,-3.2330832052746783
CC1=CC(=O)[C@H](C(C)C)CC1,-4.51
FC(Cl)(Cl)C(F)(Cl)Cl,0.8488389256054427
Clc1cc(ccc1)-c1cccc(Cl)c1Cl,-2.975860861014062
CCNc1nc(Cl)nc(NCC)n1,-10.133024050944318
CP(=O)(OC)OC,-7.071607329952299
ClCCOCCCl,-4.254142405245607
COP(=S)(Oc1cc(Cl)c(Br)cc1Cl)c1ccccc1,-6.496141982327467
CCCCC[N+](=O)[O-],-2.82
Cc1cc(C)c(C)cc1C,0.0542200290271584
C=CCN(CC=C)C(=O)CCl,-7.288309192217648
Clc1cc(-c2cc(Cl)c(Cl)c(Cl)c2Cl)c(Cl)cc1,-4.123446282645801
COc1ccc(C(=O)N(C)C)cc1,-11.01
COCC(=O)N(C(C)C(=O)OC)c1c(C)cccc1C,-10.346107311549584
OC(=O)CC(O)=O,-10.839168745490856
CCCCCCCCCCCCCC(O)=O,-6.5296483670649135
CCCCCC1CCCC1,2.55
CCCCC/C=C/C=O,-3.43
COc1cc(c(O)cc1)[N+]([O-])=O,-5.605035904277041
CC(C)=CCCC(C)(O)C=C,-4.177860368184354
Oc1c(O)cccc1O,-11.158977653472657
CC(CC)SP(=O)(OCC)N1CCSC1=O,-11.099995045962434
COc1cc(Cl)c(cc1Cl)OC,-3.240302060522989
CCCCCCCCBr,0.5159341054034514
OC(=O)c1ccc(Br)cc1,-7.826590625072873
C/C(=C\C(=O)OC(C)c1ccccc1)/OP(=O)(OC)OC,-9.024920596292578
CCCCCC(C)O,-3.5797244620096347
OCCCBr,-7.189015881349364
COC(=O)C(C)(C)C,-2.3989409967713207
COP(=O)(OC1=C([C@@H]2[C@H]1C=CC2)Cl)OC,-7.28
CCOS(C)(=O)=O,-7.296753890810013
OCC(F)(F)C(F)(F)F,-4.141732312680803
COCCOCCOC,-6.360481985585616
Clc1ccc(Cl)c(Cl)c1-c1c(Cl)c(Cl)ccc1Cl,-3.3295631048408936
CC(Cl)CCl,-1.2768392628163352
C#CCCC,0.010029889547084413
FC(F)(F)C(F)(F)C(Cl)Cl,1.7875127473786927
CC1NC(=O)N(C(C)CC)C(=O)C=1Br,-11.272300060389545
OCc1ccco1,-7.481039006865963
CCOC(C)(C)C,-1.5989582179308273
CCc1cccc(CC)c1N,-5.908418201262113
CCCCCCCCCCCCCCCCO,-3.0413068243384043
C#CC,-0.395
c12c(cccc1)C(=O)N(C2=O)[C@@H](SP(OCC)(OCC)[S])CCl,-5.7
Cc1cc([n]c([n]1)N(CC)CC)OP(=S)(OC)OC,-6.75574836163467
COC(=O)c1ccccc1,-3.91633688622676
CC(C)C(C)(C)O,-4.56693696842023
Nc1ccc(Cl)cc1,-5.893857534614607
P([S])(OCC)(SCSCC)OCC,-4.4
COC(=O)c1c(Cl)c(Cl)c(c(Cl)c1Cl)C(=O)OC,-5.515194897453141
CCOP(=S)(O/N=C(\C#N)/c1ccccc1)OCC,-6.048028137668135
CCCC(=O)OCC,-2.5300190804790352
Clc1cccc2ccccc21,-2.502330470868495
CCCCC(C)O,-4.086406377551497
CCCCCCBr,0.17819787449221464
Oc1cc(Cl)cc(Cl)c1,-6.517117523992372
COCCCNc1[n]c([n]c(NC(C)C)[n]1)SC,-10.741509892414644
O=Cc1cc2OCOc2cc1,-6.315943010751694
COc1ccc(cc1)C(c1ccc(cc1)OC)C(Cl)(Cl)Cl,-6.921913093577572
CCCCCCCBr,0.35163437827224564
Clc1ccc(cc1)C(c1ccccc1Cl)C(Cl)(Cl)Cl,-4.792764553357975
CC[C@@H](C)c1cc([N+](=O)[O-])cc([N+](=O)[O-])c1O,-6.215
COc1cc(C=O)c(Cl)c(OC)c1O,-7.78
OC(C(F)(F)F)C(F)(F)F,-3.765087791771321
Clc1cc(-c2ccc(Cl)c(Cl)c2Cl)c(Cl)c(Cl)c1,-3.842168228453724
CCCCOCC1CO1,-4.018031559916547
FC(F)(F)c1ccccc1C(F)(F)F,1.07
C=CCCCCC,1.671751019044728
Cc1cccs1,-1.3756096233033197
CC(N)=O,-9.764038183949712
CCOC(=O)C(O)(c1ccc(Cl)cc1)c1ccc(Cl)cc1,-7.375071660013393
CC=Cc1ccc(cc1)OC,-3.1277968825021363
CCCN(CCC)N=O,-4.9829793751512055
CCC(=O)C(C)C,-2.9981298976645414
CCCCCCOCCO,-5.325325383940951
Cc1ccc(C=O)cc1,-4.278313728540067
COP(=O)(OC)[C@@H](O)C(Cl)(Cl)Cl,-12.72
CCOC(=O)c1ccc(O)cc1,-9.2
CNc1[n]c([n]c(NC(C)C)[n]1)SC,-10.493208512835931
CCc1ccc(CC)cc1,-0.6957236879012005
C=C(C)c1ccccc1,-1.2889646976844549
COc1cc(C)ccc1O,-5.804898544188348
CCc1cc(CC)ccc1,-0.6374280266506853
CC(=C)C(=O)OCCO,-6.884734322392236
OCC(S)CS,-8.737664639336183
ClCI,-1.9733514979265736
COCC(C)C,-1.4230574053725815
Cc1[nH]c(=O)n(C(C)(C)C)c(=O)c1Cl,-11.096308054046636
P(=O)(OCCC)(OCCC)OCCC,-6.153345709789782
FC(F)(Cl)C(F)(F)Cl,2.9338622490234045
CCOC(=O)OCC,-3.3202542875184395
CCC(CC)C(O)=O,-5.700024832773119
CCCCCCCCCCCCCCCO,-3.178056459608304
CCCCOC(=O)N(C)SN(C)C(=O)Oc1cccc2CC(C)(C)Oc12,-9.832887564839435
ClCCCCCCl,-2.2367972216896916
N#CCCC#N,-8.965126682065996
CCCCCCO[N+](=O)[O-],-1.65785403582154
CCc1[n]cc[n]c1OC,-4.388290462353817
CC(=O)Nc1ccccc1,-9.095883305431636
CC(=O)OCc1ccccc1,-4.543918354515237
CN(C)C(=O)Nc1ccc(cc1)C(C)C,-11.36001596189733
CCOC(=O)CCCCCCCCC(=O)OCC,-5.5206430900933805
Cc1cc(C=C)ccc1,-1.2468083734609774
Cc1cc(C)c(O)c(C)c1,-5.4122240565527004
CCC(=O)OC(C)C,-2.2150884104467554
CNC(=O)Oc1ccccc1C1OCCO1,-12.55943557164508
ClCCBr,-1.9493939476234103
CCCC(C)CO,-3.752159759073075
C/C=C\CC,1.31
CCCOC(=O)NCCCN(C)C,-9.833453711472183
CCOC(=O)CC(C)C,-2.312747263522969
O=Cc1cccnc1,-7.100462490755278
Cc1cc(Cl)c(Cl)cc1Cl,-1.651750621510556
F[C@H](Br)C(F)(F)F,0.5
c1ccc2ncccc2c1,-5.697072958866
Clc1cc(-c2c(Cl)c(Cl)c(Cl)c(Cl)c2Cl)c(Cl)c(Cl)c1,-4.417156508653385
Cc1cccc2c1cccc2C,-2.4918164252703585
Clc1cccc2c1Oc1ccccc1O2,-3.52
CCOP(=O)(Sc1ccccc1)Sc1ccccc1,-10.224476410856331
CC1CC(O)CCC1,-5.209278425155992
CCCCC(CN)CC,-3.2825255534848115
O=C(Cl)Cl,-0.22593980394536736
Clc1cc(Cl)c(Cl)c(c1)-c1cc(Cl)c(Cl)c(Cl)c1Cl,-5.823295086506424
CN(OC)C(=O)Nc1ccc(Cl)cc1,-7.8045254448799195
ClCCCCl,-1.8991399266427853
Clc1cc(Cl)c(-c2cc(Cl)ccc2)c(Cl)c1,-2.8149749251868017
OOC,-5.181708204178962
CCCCOCCOCCOCCCC,-5.4360598993537295
Oc1c(Cl)cc(Cl)c(Cl)c1Cl,-4.6876144354014375
Clc1cc(-c2c(Cl)c(Cl)ccc2Cl)c(Cl)c(Cl)c1,-3.5969740416718463
O=Cc1cccc(O)c1,-9.517763010652892
Clc1cc(Cl)c(Cl)cc1-c1cc(Cl)c(Cl)c(Cl)c1Cl,-4.61622579497714
Clc1cc(-c2cc(Cl)c(Cl)cc2Cl)c(Cl)c(Cl)c1,-4.074114671958679
FC(Cl)Cl,-0.5405864024705066
"CC(Cc1ccc(cc1)C(C)(C)C)CN1C[C@@H](C)O[C@@H](C)C1 |o1:16,19|",-7.114171334954135
CCCC1CCCC1,2.13
CC(C)NC(C)C,-3.2480619635662684
CCCCCCCCN,-3.65
COC,-1.9598211180612035
OC(=O)C(F)(F)Cl,-7.868315044912365
CCNc1[n]c(NC(C)(C)C)[n]c([n]1)OC,-9.165347761594637
CC(=O)CC(=O)OC,-6.745805410066241
Clc1cc(-c2cc(Cl)ccc2Cl)c(Cl)cc1,-2.8438409714863706
CCNc1[n]c(Cl)[n]c(NC(C)(C)C#N)[n]1,-10.866682118324043
