N=3(C2(=C1(N=CC=C(C1=CC(=C2C=C(C=3)C)C)C))),5.9
N=2(C=1(C(=CC(N)=CC=1)C=C3(C=2C=CC=C3))),5.88
O=[N+]([O-])C2(=CC=C(C=NC1(=NC=CC=N1))C=C2),3.12
N=1(C=3(C(C=C2(C=1C=C(N)C=C2))=CC=C(C=3)N)),9.65
N2(=C(NC)C1(=C(N(C)N=C1)N=C2)),4.24
S(C(=N)C1(=CC=CC=C1))C,5.84
OCC(N)(CO)C,8.8
N#CCN,5.37
O=C([O-])C(NC)C(C)C,9.9
N1(=CC(=CC=C1)C2(N(CC=C2)C)),7.04
S(CCN(CC)CC)C,9.62
O3(CCN(CCNC2(=NN=C(C1(=CC=CC=C1))C=C2CC))CC3),5.725
ClCC(=O)C,13.57
N=1(C(=N)N(C=CC=1)C),10.75
NCCCCCCCCCCCCCCCCC,10.6
N=1(C=4(C(C=C2(C=1C=CC=3(C2=CC=CC=3)))=CC=C(C=4)N(C)C)),7.31
S(C(=N)C1(=CC=CC=C1))CC(C)C,8.22
N=C(NC1(=CC=CC=C1))NC2(=CC=CC=C2),9.94
ClC1(N2(CCC(C1)CC2)),6.98
O=C(NC(C(=O)NCCC)CC=1(N=CNC=1))C2(=NC(=CC=C2)CNCCN),7.233333333333332
S(=O)(=O)(N)C1(=CC=C(CN)C=C1),8.35
O2(CCN(CCCOC1(=CC=C(OCCCC)C=C1))CC2),6.24
N=C(N(C1(=CC=CC=C1))C2(=CC=CC=C2))N,10.42
N1(=CN=CC=C1),1.3
N(CCC)(CCC)CCC,10.47
N(C(CC)C)(C)C,10.4
N2(=C1(NCCC1CCC2)),11.7
S=C1(C2(=C(N(C)C=C1)C=CC=C2)),0.56
N2(C1(=CC=CC=C1))(CCCC2),4.3
S(=O)(=O)(C1(=C(OC)C(OC)=C(OC)C=C1))CCN(CC)CC,7.41
S(=O)(=O)(N)C1(=CC=C(N)C=C1),2.11
O=C([O-])C1(CN(C2(CC4(=CNC=3(C4(=C(C2(C1))C=CC=3)))))C),8.52
O=C(C1(=CC=CC=C1))CC2(=CN=CC=C2),5.355
[Br]C1(=C(C=CC(=C1)N)C),4.02
O=C(C(C1(=CC=CC=C1))(C2(=CC=CC=C2))CCN3(CCOCC3))CCC,7.17
O3(C(N2(C1(=C(C=CC=C1)N=C2)))C(O)C(O)C(C3)O),4.035
O=C1(C2(CCN(C1)CC2)),7.27
N2(=C(N)C=1(C(=CC=CC=1)N=C2)),5.79
O=C(OCCN(CC=C)CC=C)C(=C)C,7.02
[Br]CCCCCCN,10.6
O1(C(=NN=C1C2(=CC=CC=C2))C3(=CC=CC=C3)),1.96
[Br]C=1(C=NC2(=CC=CC=C2(C=1))),-0.44
O=C(C1(=CC=C(N)C=C1))C,2.27
N(=C1(C(CCCC1)C))C,9.47
N1(=NC=CC=2(C1=C(N)C=CC=2)),3.68
OCCN(CCO)C,8.51
O=C(O)C=1(NC=CC=1),-0.65
[O-]C=1(C=2(C(N=CC=1)=CC=CC=2)),11.25
[Si](OC2(CN(CC1(=CC=C(OC)C=C1))C2))(C)(C)C,8.17
ClC1(=CC=C(N(CO)C)C=C1),3.02
N=2(C1(=C4(C(=CC=C1C=C3(C=2C=C(N)C=C3))C=CC=C4))),6.72
S=C(N)C,-2.51
[Br]C1(=C(OC)C(=C([O-])C(=C1)[Br])C(=O)NCC2(N(CCC2)CC)),9.12
N=2(C1(=C(N)C=CC=C1C(N)=C3(C=2C=CC=C3))),9.3
N2(CC1(C(CCCC1)CC2)),10.95
N2(C1(=C(C=CC=C1)CCC2)),4.96
O=C([O-])CCC#CC#CCCCN,9.94
O=C2(NC1(=C(N=CN=C1)NC2=C4(NC3(=NC=NC=C3NC4=O)))),1.0
O=C([O-])CNCCCC,10.16
[O-]C1(=NC=2(C=CC=CC=2(N1))),11.95
NC1(=CC(=C(C)C(=C1)C)C),5.15
O=C([O-])CCNCCCCCC,10.6
N1(=CC(=CC(=C1)C)CC),5.2
NC2(=C(C1(=C(N)C=CC=C1C))C(=CC=C2)C),2.9000000000000004
O=C(N)CC(=O)C1(=NC=CC=C1),8.23
N(CC=C)(CC=C)CCCN(CC=C)CC=C,7.880000000000001
O=C([O-])C1(=CC=C(CN)C=C1),9.64
OC(CN(CCO)CCCCCC)CC,9.1
ClC3(=C(NC1(=C(C=CC=C1)CC(=O)OCCCCN2(CCOCC2)))C(Cl)=CC=C3),8.4
O=C(OCCC=1(N=CNC=1))C,6.97
N(C(C)C)(C(C)C)CC,11.44
S1(C(=NN=C1C2(=CC=CC=C2))NC),2.8
O=C(NC1(=C(C=CC=C1C)C))C(N(CC)CC)C,8.11
OC1(=C(N=CN(C)C)C=CC=C1),7.41
O=[N+]([O-])C=2(C=1(C(=NC(C)=CC=1NCCC[NH+](C)C)C=CC=2)),6.41
OCCN(CCO)CCO,7.76
O=C(NN)CC#N,2.34
O=C(NC2(CC3(N(CC1(=CC=CC=C1))C(C2)CC3)))C4(=C(OC)C(OC)=CC(=C4)N),9.07
O=C(N2(C1(=C(C=CC=C1)N=C2)))C3(=CC=CC=C3),1.8
O(N(C)C)C,3.65
O=[N+]([O-])C1(=CC=NC=C1),1.86
O=C(OCC)CC1(=NC=2(C=CC=CC=2(N1))),5.7
O=[N+]([O-])C=3(C2(=C(NCCCC[NH+](C)C)C=1(C(=CC=CC=1)N=C2C=CC=3))),6.9
N2(=C(NCC)C1(=C(N(C)N=C1)N=C2)),4.24
OC2(C1(N(CC=C1C)CC2)),9.6
N#CC(=NNC1(=CC=CC=C1))C#N,-0.82
ClC2(=CC(C(=N)C1(=CC=CC=C1))=CC=C2),5.69
O=C(OC)N2(C1(=C(C=CC=C1)C35(C26(C(O)(C(=O)OC)C(O)C4(C=CCN(C34)CC5)(CC6))))),5.63
O=C1(C=CN(C)C=C1),3.33
NCC=C,9.74
O=C(OCC)CCCCN,10.15
N1(=CC(=C(N)C=C1)C),9.15
O=C([O-])CCC1(=NC=2(C=CC=CC=2(N1))),5.7
O=C(NC1(=CC=C(CN(C)C)C=C1))C=N[O-],9.56
O(N)CC1(=CC=CC=C1),4.34
S(C#N)C1(=CC=C(N(C)C)C=C1),3.3
N1(=C(N=CC=2(C1=CC=CC=2))N),4.8
O(C1(=CC=C(N)C=C1))C,5.35
ClC1(=C(C=CC(=C1)N)C),4.05
N(C1(=CC=CC=C1))(C(C)(C)C)C,7.5
[S-]C2(=NC=1(NC=NC=1C=N2)),7.15
N(C1(=CC=CC=C1))=CC=CC=CNC2(=CC=CC=C2),8.52
O=C(C1(=CC(=C([O-])C=C1)CN(C)C))C2(=CC=CC=C2),10.23
OCC1(N2(CCC(C1)CC2)),10.85
N=1(C=C(N)C2(=CC=CC=C2(C=1))),6.28
N(=C1(C(C=2(C=CC=CC=2(C1(C)C)))(C)C))C,7.0
OC1(=C(O)C=CC=C1CCN),8.6
N=2(C1(=C(C=CC=C1)N(C=2C)C)),6.55
N1(C(CCCC1)C),10.98
O=[N+]([O-])C=2(C=1(C(=NC=CC=1NCCC[NH+](C)C)C(C)=CC=2C)),6.37
N(C1(=C(N)C=C(C)C=C1))=C2(C=CC(=N)C=C2),4.2
O3(CCN(C2(=CC=C(N1(CCCCC1))C=C2))CC3),6.7
OC2(=C(C1(=NC=CC=C1))C=CC=C2),4.2
N12(CCC(CC1)CC2),11.04
OC1(=C(N)C=C(N)C=C1),4.375
S2(C(C(C=1(SC=CC=1))=CC(N(C)C)C)=CC=C2),8.95
O1(C(=NC=C1C2(=CC=CC=C2))C3(=CC=C(C)C=C3)),1.04
N(N(CC)C)(CC)CC,7.3
[Br]C1(=C(N)C=CC2(=C1CCCC2)),3.05
O=C(N)CCCC1(=CC=NC=C1),5.64
ClC1(=CC=C(C(O)CN)C=C1),9.04
N=2(C=1(C(=C(N)C=CC=1)C=NC=2)),3.57
NC(C(C)C)C(C)C,10.4
N1(CCCCCCC1),10.78
N2(C(C1(=CC=C(C)C=C1))CCC2),9.99
OC1(=C(C=CC=C1C)CN(CC)CC),9.55
N=2(C1(=C(N)C=CC=C1NC=2CC3(=CC=CC=C3))),8.6
S(C1(=NC=CC=C1))CC2(=CC=CC=C2),3.23
N23(CC(C1(=CC=CC=C1))C(CC2)CC3),10.2
S(=O)(C3(=CC(OC)=C(C1(=NC=2(N=CN=CC=2(N1))))C=C3))C,2.69
N=3(C=1(C(=CC2(=CC=CC=C2(C=1)))NC=3)),5.24
OC(CN(C(C)(C)C)CCO)CC,9.4
N(CC(CN)(C)C)(C)C,8.745000000000001
[Se-]C(CN)C,10.85
N1(C(CCCC1C)C)(C),10.21
[O-]C1(=[N+]2(C(=CC=C1)C3(CN(CCC=C)CC(C2)C3))),7.0
O=C(O)C(N)(C)C,10.15
N1(CCC1)(C),10.4
O=C([O-])C(N)CCCC,9.825
S(CC(C)C)CCN(CC)CC,8.83
N1(=C(N)C=C(C)C=C1C),7.84
OCCN(CCO)CCC1(=NN=NN1),9.2
N=1(N(C=C(C=1C)C)C),3.56
N1(=C(N=C(N)N=C1N)NCC),5.23
O=C([O-])C(NC(=O)CC[NH3+])CC=1(N(C=NC=1)C),8.305
O=C(OC(C1(=CC=CC=C1))CCN(CC)CC)C2(=CC=CC=C2),7.53
O=CC1(=NC(=CC=C1)C=O),1.92
S(C(=N)C)C,6.71
[S-]CCN,10.73
N1(=C(C=CC=C1)C),5.98
N1(=NC(=C(C)N=C1C)C),2.85
S1(C(=NC(C1)CC)C(C)C),5.28
O=C(NC1(=CC=C(N(C)C)C=C1))C=NO,4.94
SCCNC1(=CC(=CC=C1)C),4.68
OC1(=C(C=CC=C1)CN(CCC)CCC),8.3
OC(CN(CCO)CCCCCCCC)CC,8.3
O=[N+]([O-])C2(=C(N)C=1(C(=CC=CC=1)C=C2)),-1.6
FC2(=C1(N=CNC1=CC=C2)),4.4
N=C(N(C)C)NC,13.6
O=C(NC2(CC3(N(CC1(=CC=CC=C1))C(C2)CC3)))C4(=C(OC)C=CC=C4),8.88
O=C(NCC(=O)[O-])C([NH3+])CC=1(N=CNC=1),6.763333333333333
O(CCNC1(=CC(OC)=CC=C1))CC,3.67
O(CCN=C(C1(=CC=CC=C1))C(O)(C)C)C,5.75
OC(CN(CC)CC)(CC=C)C,9.71
OC(CN(CC(O)C)CCCCCCCCCCCCCCCC)C,9.19
N(NCC)(CC)CC,7.08
ClC2(=CC=C(CN1(CC(O[Si](C)(C)C)C1))C=C2),7.72
OC(CN(CCO)CCC)C,8.9
N=3(C2(=C1(N=CC(C)=CC1=C(C)C(=C2C=C(C=3)C)C))),5.54
[Br]C=1(C(=O)N(N)C=C(C=1)C(=O)OC),2.4
FC(F)(F)C1(=NNC(=C1)C),-0.5
N#CN(CC)CC,-2.0
OC(CN(CC(O)C)CC(C)C)C,8.8
O1(C(=NCCC1)N(C2(=CC=CC=C2))C),10.71
O=C1(OCC(C1CC)CC=2(N(C=NC=2)C)),7.08
SCC1(=NC=CN1),6.37
S(=O)(=O)(NC1(=CN=C(N)C=C1))C2(=CC=C(N)C=C2),4.19
OCCN(C1(=NC(=NC(=N1)N)N))CCO,5.1
N=2(C1(=C3(C(=CC=C1C=CC=2)C=CC=C3))),4.25
O(C(C1(=CC=CC=C1))C2(=CC=CC=C2))CCN3(CCCCC3),8.03
N2(=C(C1(=NC=CC(=C1)C))C=C(C)C=C2),5.32
N1(C(CCC1)CC2(=CC=CC=C2)),10.35
O=[N+]([O-])C2(=CC1(=C([O-])C(C(=O)OCC)=CN=C1C=C2)),8.0
N=3(C2(=C1(N=CC(C)=CC1=CC=C2C=C(C=3)C))),5.23
O=CN1(CCNCC1),7.98
N#CCN1(CCCCC1),4.55
ClNC,1.71
ClC1(=CC(=C([O-])C=C1)CN(CC)CC),11.19
[P+](C1(=CC=CC=C1))(C2(=CC=CC=C2))(C3(=CC=CC=C3))C5(C4(=C(C=CC(=C4)OC)C6(=C5C=CC=C6))),9.09
IC2(=C(O)C1(=NC=CC=C1C(=C2)Cl)),2.61
S(SC)C(=C(N(C=O)CC1(=C(N=C(C)N=C1)N))C)CCO,5.59
[NH+]=1(C=3(C(C(NCCCN(CC)CC)=C2(C=1C=CC=C2))=CC=CC=3)),8.53
O=C([O-])C1(N2(C(C(C)CC1)CCC(C2)C)),10.8
ClC=2(C=NC3(=C1(N=CC=CC1=CC=C3(C=2)))),3.99
O=[N+]([O-])C1(=CC=C(NO)C=C1),0.65
N=3(C=1(C(=CC=C2(C=1N(C=C2)C))C=CC=3)),4.36
N3(=C(NCC1(=CC=CC=C1))C=2(NN=C(C=2N=C3)C)),4.95
N(C1(=CC=CC=C1))(C2(CCCC2))C,6.71
O=C(OC1(=CC=C(C)C=C1))CCCN(C)C,9.53
S(=O)(=O)([O-])C14(C3(=CCOC7(C1C2(N(C=6(C=CC=CC=6(C25(CCN(C3)C5(C4)))))C(C7)=O)))),7.53
OC1(C=C)(C2(C(NC(C1)C)CCCC2)),9.773333333333332
O=C(OCCN(C)C)C=C,7.9
S(=O)(C3(=CC(OC)=C(C1(=NC=2(N=CC(=CC=2(N1))N)))C=C3))C,3.9
O=C1(NC(=O)CC1N),9.0
ClC2(=CC=C(C1(NC1))C=C2),6.18
S(C(C)C)CCN,9.23
O3(C(N1(N=NC=2(C1=C(N)C=CC=2)))CC(C3CO)O),1.8
O=[N+]([O-])C4(=C(OC)C(C(=O)NC2(CC3(N(CC1(=CC=CC=C1))C(C2)CC3)))=CC=C4),8.61
N=1(C=3(C(C(N)=C2(C=1C=CC=C2))=CC=C(C=3)N)),11.49
N=1(NC=CC=1C),3.66
OC1(=CC=C(CC(N)C)C=C1),9.3
ClC2(=CC=C(C(=O)NCCN1(CCOCC1))C=C2),6.31
N1(CCNCCCNCCNCCC1),11.1
ClC3(=CC=C(CNC1(=NC=NC2(=C1C=NN2)))C=C3),3.96
O=C(NC)N,0.8
S3(C(C(C=1(SC=CC=1))=CC(N2(CCCCC2))C)=CC=C3),8.46
N(C1(=CC(=CC=C1)C))(C)C,5.32
S1(C(NCC1)C2(=CC=C(O)C=C2)),5.5
N=2(C1(=C(C=CC=C1)N(C=2)CCCC)),5.31
S(=O)(=O)(C1(=CC(OC)=C(OC)C(=C1)C(=O)NC3(CC4(N(CC2(=CC=CC=C2))C(C3)CC4))))C,8.92
ClC1(=NC=2(C=C3(CCCCC3(=CC=2(N1))))),2.68
N=2(C(C1(=CC=CC=C1))=CNC=2),6.0
N23(C=C(C1(=CC=C(N(C)C)C=C1))C(CC2)CC3),9.82
OCCCC1(=CN=CC=C1),5.57
N1(=CC(=CC=C1)C2(NCCCC2)),4.01
ClC2(=CC(N1(N=NN=C1N))=CC=C2),0.7
O=[N+]([O-])C=4(C=3(C(=C2(N=C1(C(C=CC=C1)=C(C2=CC=3)N)))C=CC=4)),7.1
SC(C(N1(C(=NC=C1)CC2(=CC=CC=C2)))C(=O)[O-])(C)C,6.99
SC(=O)C1(=CC=C(C)C=C1),-5.19
O=C1(C(C#N)=CN(CC)C2(=C1C=CC=C2)),-1.55
N1(=C(NC=C1C)CC),8.5
[Br]C1(=CC([Br])=CC(=C1)N),2.49
N1(=C(C(N)=CN=C1)C),3.15
O=C(N)C=C(O)C1(=CC=NC=C1),7.36
N(=NC1(=CC=C(N(C)C)C=C1))C2(=CC(=CC=C2)CC),2.16
O=C([O-])C3(OC(OC=2(C1(=NC=CC=C1C=CC=2)))C(O)C(C3O)O),4.62
OC2(=CC=1(C(=CC=NC=1)C=C2)),5.7
O=[N+]([O-])C1(=C([O-])C(=C(OC)C=C1)C(=O)NCC2(N(CCC2)CC)),9.12
N1(N(C2(CCC1CC2))C)(C),7.14
O=C(OCC)C3(=C(OCC)C=1(C(=CC=2(OCOC=2(C=1)))N=C3)),4.09
[S-]C1(=[N+](C([S-])=CC=N1)C),6.96
NCCCCCC1(=CC=CC=C1),10.51
N(NCC)CC,7.66
N(CC1(=CC=CC=C1))CC,9.75
NC2(CC1(=C(C=CC=C1)CC2)),9.97
S2(C1(=NC(=NC(=C1N=C2)N)CCCC)),3.49
N2(=C1(N=C(C)NC1=CN=C2)),2.85
O(C1(=CC(N)=CC=C1))CC,4.15
S1(=O)(=O)(N=C(N)C=2(NC=NC=2(N1))),0.28
ClC=2(C=1(C(=NC=CC=1)C(OC)=CC=2)),4.13
OCC1(CN(C2(CC4(=CNC=3(C4(=C(C2(C1))C=CC=3)))))C),8.57
N(N(C)C)(CC)CC,6.88
O=C([O-])C(NC(=O)CCCCCCCCCCCCCCC)CC=1(N=CNC=1),6.2
SCCN(CC(C)C)CC(C)C,8.23
O=C1(OC2(C(C)C)(CNC(C2(C1))C(=O)[O-])),7.8
S(C1(=NC=2(C=C3(CCCCC3(=CC=2(N1))))))CC(=O)[O-],5.2
N1(C2(C(CCC1)CCCC2)),10.9
O=CC1(=NC=CC=C1OC),3.89
N=2(C1(=C(N)C=CC=C1C=C3(C=2C=CC=C3))),4.4
FC1(=CC=C(N)C=C1),4.64
O=C(NC1(=C(C=C(C)C=C1)C))CN2(CCCCC2),7.8
[O-]C1(=NNC(=N1)C),9.43
O=[N+]([O-])C2(=CC(C(=O)CCN1(CCOCC1))=CC=C2),6.5
OCCN(C(C)C)C(C)C,10.08
O(C3(=CC1(=C(NC2(=C1C=CN=C2C))C=C3)))C,7.09
N=1(N(C(C)=CC=1CN2(N=C(C)C=C2C))C),1.995
N(C1(=C(C=CC=C1)C))C,4.59
O=C(NCC)C1(NCCCC1),8.6
N=2(C1(=C(C=CC=C1NC=2)C)),5.67
[Br]C1(=CC(N)=CC=C1),3.41
O=C(CCCCN(C)C)C,9.66
N1(CCCCCCN(C)CCCCCC1)(C),9.24
[Si](OC2(CN(C(C1(=CC=CC=C1))C)C2))(C)(C)C,7.82
O1(C(=NC=2(C=CC=CC=2(C1)))C3(=CC=CC=C3)),3.48
ClC=2(N(C1(=NC=3(C=CC=CC=3(C1=C(C=2)CC))))C),7.46
S(=O)(=O)(N1(CCNCC1))C2(=CC=C(C)C=C2),7.41
O=C(N(C)C)CNC,8.86
ClC1(=C(SC)C=CC(=C1)N),3.38
S1(C(=NC=C1C)N),5.71
OC(C1(=CC=CC=C1))C(N(C)C)C,9.513333333333334
N2(=C(N=C3(N(C1(=CC=CC=C1))N=CC3(=C2N)))N),4.49
N=3(C=2(C(=C1(C(C=CC=C1)=CC=2))C=C4(C=3C=CC=C4))),4.39
[S-]C1(=[N+](C([O-])=CC=N1)CC),8.65
N(CCCN(CC)CC)(CC)CC,9.19
[Si](OC2(CN(CC1(=CC=C(C)C=C1))C2))(C)(C)C,8.24
OC(C1(=CC=CC=C1))C(NC)C,9.676666666666666
O=CC1(=C(OC)C=NC=C1),4.45
N(N(C)C)=C(NCCCC)C,10.4
ClC1(=NC([O-])=CC=C1),7.76
O2(C1(=C(C=CC=C1)CNCCCNCC3(=C(OCC2)C=CC=C3))),8.82
N=2(C1(=NC=CN=C1C=NC=2C)),4.87
[Br]C=1(C=2(C(C=[N+](C=1)CCCN)=CC=CC=2)),9.53
N=1(C=3(C(C=C2(C=1C=CC(=C2)N))=CC=C(C=3)N)),8.11
O=C(OC)CC1(=C(N)C=CC=C1),3.71
[Br]C4(=CC3(=C(N1(CCOCC1))C2(=C(CCC2)N=C3C=C4))),6.38
O3(C(N2(C1(=C(C=C(C)C=C1)N=C2)))C(O)C(O)C(C3CO)O),4.32
S=C(N)C1(=CC=CC=C1),-3.2
O2(C1(=C(OC)C=CC5(=C1C34(C2CCCC3C(N(C)CC4)C5)))),8.83
[Br]C=1(C=3(C(N=CC=1)=C2(N=CC=CC2=CC=3))),4.03
NC(CN)C,8.485
N1(=CC(=CC=C1)C2(N(CCCC2)C)),5.42
ClC3(=CC2(=NC=1(C(=CC(OC)=CC=1)C(=C2C=C3)NCCCCCCN(CC)CC))),9.235
O(C1(=C(C#N)C=NC=2(C1=CC=CC=2)))CC,3.18
NCCCCCN,10.29
O=C(OC)C1(=CN=CC=C1),3.23
OCC1(=C(C(=NC(=C1)C)C)C),7.3
OC(CN(CC(O)CC)CCCCCC)CC,8.6
N1(=N[N-]C(=N1)C(N)CC2(=CC=CC=C2)),8.18
S1(C(=NN=C1C2(=CC=CC=C2))N(CC)CC),3.09
N1(=NC=C(N1C)NC2(=CC=CC=C2)),1.73
O(CCNC1(=CC=C(C)C=C1))CC,4.6
O(C=1(C=3(C(N=CC=1)=C2(N=CC=C(C2=CC=3)OC4(=CC=CC=C4)))))C5(=CC=CC=C5),5.34
OC2(=CC=1(C(=CN=NC=1)C=C2)),3.94
N2(=C1(N(CCCC1CC2)C)),11.5
O(CCN)C,9.67
O=C([O-])C(NC(=O)C[NH3+])CC=1(N=CNC=1),7.455
N(N)CC#C,5.46
N#CC1(=CN=CC=C1),1.48
O1(C(=NC=C1C2(=CC=C(C)C=C2))C3(=CC=C(C)C=C3)),1.12
S1(C(C(C(=O)[O-])N3(C1C(NC(=O)CC2(=CC=C(N)C=C2))C3=O))(C)C),4.6
OC2(=C(N=C(C1(=C(O)C=CC=C1))C)C=CC=C2),5.14
N(C1(=CC=C(C)C=C1))(C)C,5.56
O(C1(=NC(N)=C2(C=NN(C2(=N1))C)))C,3.66
S(=O)(=O)(NC(=O)C)C1(=CC=C(N)C=C1),1.58
[O-]C1(=[N+](C([O-])=CC=N1)C),9.94
[O-]C1(=[NH+]C([O-])=CC(=N1)C),9.29
N1(C(=CCCC)CCC1)(C),11.88
O(C2(=NC=1(C(=CC=CC=1)C=C2)))C,3.17
OC(CN(CCO)CCCCCCCCCCCCCC)C,6.3
ClC1(=CC(=C(O)C=C1)CN2(CCOCC2)),6.78
O=[N+]([O-])C=2(C=1(C(=CC(N)=CC=1)C=CC=2)),3.16
O(CCOCCC1(=NN=NN1))CCC2(=NN=NN2),4.79
O(C1(=CC(NCCOC)=CC=C1))C,3.7
OC(CN(C(C)(C)C)CC(O)C)C,9.36
[O-]C2(=[N+](C=1(C(=CC=CC=1)N=C2[O-]))C),9.74
[Si](CN)(C)(C)C,10.94
N2(C(C1(=CC=C(C)C=C1))C2),6.76
O=[N+]([O-])C1(=CC=C(N(C)C)C=C1),0.69
O=C([O-])C(NCCC)C,10.19
N1(=CN(CCCCCC)C=C1),7.2
O=C2(N(N(C1(=CC=CC=C1))C(=C2)C)C),2.4
NC1(=CC=CC=C1),4.6
N1(=C(NC=C1C)C),8.39
N1(=CN(C)C=C1),7.15
N1(=C(N(CCC)C=C1)C),8.2
N(C1(=CC=CC=C1))C(CC)(C)C,6.55
N(C1(=CC=CC=C1))(C(C)(C)C)CC,8.02
N#CCCN(CC)CC,7.62
O(C2(=CC=C(NC1(=CC=C(N)C=C1))C=C2))C,5.9
S(C(=O)C1(=CC(=CC=C1)C))CC,-4.77
N2(=C(C1(=CC=C(C)C=C1))CCC2),6.41
N1(=C(N=CC3(=C1N=C(C2(=CC=CC=C2))N3))N),3.98
N1(=C(N(CC)C=C1)C),8.09
[Si](OC1(CN(CCC)C1))(C)(C)C,8.89
O3(C(CN(CC1(OC1))CC2(OC2))C3),5.01
[O-][N+]2(=C(N)C=1(N(C=NC=1N=C2)CC3(=CC=CC=C3))),2.4
N=1(N=CC2(=CC=CC=C2(C=1N))),6.6
O2(C1(=C(OC)C=CC5(=C1C34(C2C(OC)=CC=C3C(N(C)CC4)C5)))),8.15
O=CC1(=C(OC)C(=NC=C1CO)C),4.75
O=C([O-])C1(=NC(=CC=C1)C),5.8
O=C1(N(C(=O)C=2(N(CC(=O)[O-])C=NC=2(N1C)))C),4.48
O=CC(N(C)C)(C)C,8.4
O(C1(=CC=C(C(O)CN)C=C1))C,9.02
[Si](CNC[Si](C)(C)C)(C)(C)C,11.0
N(C1(=C(C=CC=C1)C))(C)C,6.0
ClNC(CO)CC,1.55
NC1(=C(C=CC=C1)C(C)C),4.42
O=C(NC=3(C2(=NC=1(C(=CC=CC=1)C=C2C=CC=3))))C,3.0
ClC1(C2(CCN(C1)CC2)),8.79
N2(=C1(NN=CC1=CN=C2)),2.84
S2(C1(=NC=NC(=C1N=C2)NC)),2.84
N1(C=C(C)C(C1)C)(C),9.6
O(C1(=C(OC)C=CC(=C1)CN))C,9.39
N=1(C=3(C(N=C2(C=1C=C(N)C=C2))=CC=C(C=3)N(C)C)),6.6
N=C(N(C)C)N(C)C,13.6
N2(=NC1(=C(CCCC1)C3(=C2CCCC3))),6.12
O4(C(N2(C=1(N=CN3(C=CN=C3(C=1N=C2)))))C(O)C(C4CO)O),4.1
O=C1(N(C=NC(=C1)C)C),2.1
N1(=NC=C(CC)C=C1C),4.17
NC1(=C(C=CC=C1C)C),3.84
O=C([O-])C1(NCC(C1CC(=O)[O-])C(O)C),10.08
N2(CCC(NNC1(=CC=CC=C1))CC2)(C),8.7
OC=2(C1(=NC=CC=C1C=CC=2C(C=C)CC(CC(C)(C)C)(C)C)),4.51
OCCCCC1(=NC=CC=C1),5.83
N(C1(=CC=CC=C1))=CNC2(=CC=CC=C2),6.3
OC1(=CC=C(CCN(C)C)C=C1),9.8
S3(C(C(C=1(SC=CC=1))=CC(N2(CCC(C)CC2))C)=CC=C3),8.2
S1(C(=NC=C1)NC2(=CC=CC=C2)),4.33
O=C(NCC1(N(CCC1)CC))C2(=C(OC)C=CC=C2[O-]),9.54
FC1(=CC(=C(O)C=C1)CN2(CCOCC2)),6.78
N(C1(=CC=C(C)C=C1))C2(=CC=CC=C2),1.16
OCC2(C1(N(CCC1)CC2)),10.87
OC2(=CC=1(N=CNC=1C=C2)),5.69
N(CC)(C)C,10.05
O=[N+]([O-])C1(=C(C=C(N)C=C1)C),1.64
O=C4(C1(OC=5(C(O)=CC=C3(C=5(C12(C(C(N(C)CC2)C3)CC4)))))(C)),8.08
O=C1(OC(C2(CNC(C2(C1))C(=O)[O-]))(C)C),9.0
S1(C(NCC1)C2(=CC=C([N+](=O)[O-])C=C2)),4.55
O=C(OC1(=CC=CC=C1))CCCN(C)C,9.7
S(=O)(=O)(NC1(=NC=CC=N1))C2(=CC=C(N)C=C2),2.0
OCCN2(C1(=C(C=CC=C1)N=C2)),5.29
S(C(=N)C1(=CC=CC=C1))C(C)(C)C,9.24
N2(=C(NC)C1(=C(N(C)N=C1)N=C2C)),5.0
IC1(=C(SC)C=CC(=C1)N),3.44
O=C(N)CCCCC1(=CN=CC=C1),5.6
N=3(C2(=C1(N=CC=CC1=C(C)C(=C2C=C(C=3)C)C))),5.34
O=C3(C1(=C(C=C2(OCOC2(=C1)))CCN(C)CC4(=C(C3)C=CC(=C4O)OC))),9.0
OC3(=CC=2(N(C1(=C(C=CC=C1)NC=2C=C3))C)),1.0
O=C(N1(CCNCC1))C,7.94
O=C3(N2(C1(=C(C=C(OC)C(=C1)OC)C57(C2C4(C6(C(=CCOC4(C3))CN(C5C6)CC7)))))),5.86
N1(C2(CCCC12))(C(C)C),8.31
N=3(C2(=C1(N=CC=CC1=CC=C2C(CCC)=CC=3))),5.45
N=3(C=1(C(=CC2(=CC=CC=C2(C=1)))C=CC=3)),4.92
O=C([O-])C1(=C(N)C=CN=C1),9.1
O=C(NN)C(N)CC1(=CC=CC=C1),7.06
N=2(C1(=C(C=C(C)C(=C1)C)NC=2)),6.04
IC1(=CC(=C(OC)C=C1)C(=O)NC3(CC4(N(CC2(=CC=CC=C2))C(C3)CC4))),8.79
[O-]C=2(C(C1(=NCCN1))=CC3(=CC=CC=C3(C=2))),10.85
N(CC#CCNCC)CC,8.32
N(=C1(C=C(NCC)CC(C1)(C)C))CC,12.13
OC=2(C1(=NC=CC=C1C(C)=CC=2)),5.29
OCCNC1(=NC(=NC(=N1)NCCO)NCCO),5.19
[Br]C4(=C(OC)C(C(=O)NC2(CC3(N(CC1(=CC=CC=C1))C(C2)CC3)))=CC=C4),8.73
O=C(N)C1(=NC=CC=C1),2.25
NCC(C1(=CC=CC=C1))C,9.94
O(C1(=NC=CC=C1))C2(=CC=CC=C2),2.35
[Si](OC2(CN(CC1(=CC=CC=C1))C2))(C)(C)C,8.08
NC2(=CC=C(CC1(=CC=C(N)C=C1))C=C2),4.55
O=C([O-])CNCCC1(=NN=N[N-]1),9.23
S(=O)(C3(=CC(OC)=C(C1(=NC=2(C=CC=CC=2(N1))))C=C3))C,4.76
O(C1(=NC=CC=2(C1=CC=CC=2)))C,3.05
NC1(CC1),9.1
[O-]C1(=NN=CC=2(C1=CC=CC=2)),11.99
[S-]C1(=NC(NCC)=CC=N1),11.13
O=C([O-])C1(NCC(C1CC(=O)N)C(=C)C),9.47
O(C1(=C(O)C=CC=C1CN))C,8.89
OC1(C4(C(C2(CCC3(C(C2(C1))(CCC(C3)O)C)))CCC4C(CCCNCC5(=CC=CC=C5))C)(C)),9.07
N(CCNCC)CC,9.08
N2(C(C1(=CC=CC=C1))CCC2)(C),8.8
[Br]C1(=CC(N=CN(C)C)=CC=C1),8.08
N=1(NC(C)=CC=1C),4.32
O=C([O-])C1(=NC=CC=2(C1=CC=CC=2)),4.97
FC1(=C(N)C=CC=C1),2.96
O=[N+]([O-])C1(=CC(OC)=C(OC)C(=C1)C(=O)NC3(CC4(N(CC2(=CC=CC=C2))C(C3)CC4))),8.7
OC=2(C1(=NC(=C(C)C=C1C=CC=2)C)),5.86
O=C([O-])C(N)CC1(=CC=NC=C1),9.22
O=C(N)CCCCC1(=NC=CC=C1),5.73
S3(C2(=NC(C1(=C(OC)C=C(OC)C=C1))=CN2C=C3)),4.67
O(C2(=NC=1(C(=CC=CC=1)C=3(C2=CC=CC=3))))C,2.38
OC(CN(CC(O)CC)CCCCCCCCCCCCCCCC)CC,5.6
N=1(C=2(C(C(C)=CC=1C)=CC=CC=2)),5.11
OC1(=C(N)C=CC2(=C1CC=3(C=CC=CC2=3))),4.82
N(N)=C1(C2(=C(N(C)C=C1)C=CC=C2)),10.6
N(C1(=CC=CC=C1))C,4.8
S2(C1(=NC=NC(=C1NC(C2)=O)N3(CCOCC3))),2.07
N2(=CC=1(C(=CC=C(C=1)N)C=C2)),6.2
O=C(OC1(=CC=CC=C1))CCCCN(C)C,10.0
[Br]C1(=C(C([Br])=CC(=C1)N)C),2.87
[S-]C1(=NC(NCCCC)=CC=N1),11.13
OC1(=C(C=CC=C1)CN),8.89
N(=NC1(=CC=C(N(C)C)C=C1))C2(=CC(=C(C)C=C2)CC),2.59
O=C(NN=CC1(=CC=C([NH3+])C=C1))C2(=CC=NC=C2),3.2
N=2(C1(=C(C=CC=C1)N(C=2)C(C)C)),5.74
O=[N+]([O-])C1(=CC(=C([O-])C=C1)CN2(CCCCC2)),10.54
N1(=NC=CC=C1CCCC),3.49
O=C(OC1(CC2(N(C)C(C1)C3(C2O3))))C(C4(=CC=CC=C4))CO,7.55
O=NC1(=C(O)C=CC2(=C1N=CN2C)),3.31
O=C(NC1(=CC=CC=C1))CN(CC)CC,8.0
N2(=C(C=1(NC=NC=1N=C2))C),2.6
O(C1(=C(N)C=CC=C1))C,4.51
N=3(C2(=C1(N=CC=CC1=CC(=C2C=CC=3)C4(=CC=CC=C4)))),4.72
[O-]C=1(N(N=C(C=1CC)C2(=CC=CC=C2))C3(CCN(C)CC3)),9.15
O=C([O-])C(N)CC1(C(=C)C1),9.37
O=C(O)C(N)C(C)C,9.62
N=2(C1(=C3(C(=CC=C1C(C)=CC=2N)C=CC=C3))),6.02
O2(CCN(C1(=CC=NC=C1))CC2),8.79
O=C(C(C1(=CC=CC=C1))(C2(=CC=CC=C2))C(CN3(CCOCC3))C)CC,7.12
ONC,6.05
OC(CN(CC(O)C)CCCC)C,9.3
OC1(C(N(C)C)CCCC1),10.42
O(C1(=CC=C(N=CN(C)C)C=C1))CC,9.24
ON=C2(C1(=NC=CC=C1C(=NO)C=C2)),3.7
ON(C)C,5.2
O=C([O-])CCCCCCCC1(NC(C(O)CC1)C),10.4
ClC=1(C=2(C(C(N)=CC=1)=CC=CC=2)),3.4
ClC1(=CC=C(NCCOCC)C=C1),3.28
S(CC1(=NC=CC=C1))C,5.4
O=C(C=2(C=1(C(=NC=CC=1)C(O)=CC=2)))C,4.0
[Si](CCN)(C)(C)C,10.99
O=C(N2(C1(=C(OC)C=CC=C1C35(C2CCC4(C3N(CCC4)CC5)(CC)))))C,7.57
NC(CCCCC)(C)C,10.83
N2(=NC1(=C(CCCC1)C3(=C2CCCCC3))),6.03
O=C1(N(N(C)C(=C1O)C)C2(=CC=CC=C2)),-0.22
O=C2(C=CC(=CC=C1(C=CN(CCC)C=C1))C=C2),8.5
O=C(NC1(=NC=CC=C1))C2(=CC=CC=C2),3.33
O=C(OC)C(NC(=O)C)CC=1(N=CNC=1),6.3
O=C(OCC)C1(=CC=C(N)C=C1),2.58
N#CC(N)C1(=CC=CC=C1),4.4
N2(=C(N)C=1(C(=CC=CC=1)C=C2)),7.62
O=C(OCC)C(N)C,7.8
O=C([O-])C=1(N(C=C(C=1)N)C),7.0
S1(C(C(C(=O)[O-])N2(C1C([NH+]=C2CCCC(N)C(=O)[O-])C(=O)[O-]))(C)C),8.95
O(C3(=CC1(=C(NC2(=C1CCN=C2C))C=C3)))C,9.21
O=C(OC1(C2(CCN(C1)CC2)))C,9.27
N23(CC(C1(=CC=C(N(C)C)C=C1))C(CC2)CC3),10.29
O=C(N)CC1(=CC=C(OCC(O)CNC(C)C)C=C1),9.535
O=[N+]([O-])C1(=CC(=C([O-])C=C1)CN2(CCOCCOCCOCCOCC2)),9.69
N2(=C(NC)C1(=C(NN=C1)N=C2)),4.53
O=C([O-])CCC#CC#CCCN,9.27
ClC1(=C(F)C=C2(N=CNC2(=C1))),4.33
O(C(=N)N)C,9.72
S(C(=N)N)C,9.83
N1(=NN(N)C(=N1)C2(=CC=CC=C2)),-0.62
N(C(C#C)(C)C)(C(C)(C)C)C,9.3
ClC2(=CC(NC1(=CC=CC=C1))=CC=C2),2.34
O=C1(N(N(C)C(=C1)C)C2(=CC=CC=C2)),1.45
ClC1(=C(N)C=C(OC(C#CC)C)C(=C1)C(=O)NC2(CC3(N(C)C(C2)CC3))),9.95
[Si](CNC(C)C)(C)(C)C,10.8
N2(=C(N)C=1(NN=CC=1N=C2)),5.0
[S-]C2(=[NH+]C([O-])=C(C1(=CCCCC1))C(=N2)N),7.11
N=1(C=2(C(C=C(C=1)N)=CC3(=CC=CC=C3(C=2)))),4.78
N(C(C)C)(C)C,10.3
O3(CCN(CC[N+]2(=NC(C1(=CC=CC=C1))=CC(=C2N)C))CC3),4.84
O=C([O-])C2(=CC=1(N=C(C)NC=1C=C2)),6.0
N(=C(N(C)C)NC)C,13.9
O=C2(N(C1(=C(C=CC=C1)N=C2))C),-1.15
[Br]C1(=C(N=CN(C)C)C=CC=C1),6.71
O2(C=C(C1(=NC=CC=C1))C=C2),4.65
N(CCNCCC)CCC,8.9
N=1(NC=2(C(N)=CC=CC=2(C=1))),3.05
[O-]C1(=CC=C(CCNC(C)C)C=C1),10.75
N#CCN(C)C,4.5
N(CC)(CC)C,10.39
O=C([O-])CCCCCCN,10.95
O=C(N)C=C(O)C1(=NC=CC=C1),8.23
OC(C1(=CC=CC=C1))C(NCC(C)C)C2(=CC=CC=C2),11.34
ClC3(=CC=C(C=CC1(=NN=NN1C2(=CC=C([N+](=O)[O-])C=C2)))C=C3),-3.05
N2(=C1(NCCNC1=C(C)N=C2)),6.74
O=[N+]([O-])C=2(C1(=C(NCCC[NH+](C)C)C(=C(C)N=C1C=CC=2)C)),6.64
O=C(C1(=CC=CC=C1))CC,17.56
O=C(N2(C1(=C(C=CC=C1)N=C2)))C,1.8
NC=1(C=2(C(C=CC=1)=CC=CC=2)),3.92
O=C(C1(=CC=C(O)C=C1))CN,8.05
O=C([O-])C(N)C,9.775
N#CC1(=CC(N)=CC=C1),2.83
N=C(N)N,13.1
N1(=C(N)C=C(C)C=2(C1=CC=C3(C=2C=CC=C3))),7.14
N1(=NC=CC=C1CCC),3.59
[O-]C1(=NC(=NC2(=C1N(C=N2)C))N),8.43
N1(N(C2(CCC1C2))C)(C),6.89
N2(C(C1(CCCCC1))CCC2),10.8
O3(CCN(CCC(C#N)(C1(=CC=CC=C1))C2(=CC=CC=C2))CC3),6.09
O=[N+]([O-])C2(=CC(N1(N=NN=C1N))=CC=C2),0.47
S(=O)(=O)(N)C1(=C(C=CC=C1)CN),8.53
N=1(C=3(C(C=C2(C=1C=CC=C2))=CC=CC=3C)),4.5
FC1(=CC(=C(OC)C=C1)C(=O)NC3(CC4(N(CC2(=CC=CC=C2))C(C3)CC4))),8.82
N1(=C(NC=C1)CCC),8.02
O(C3(=C(C1(=NC=2(C=NC=CC=2(N1C))))C=CC(=C3)OC))C,6.16
[Si](CCCN)(C)(C)C,10.75
O=CC1(=NC=NC2(=C1NC=N2)),2.4
S1(C(=NC2(=C1C=CC=C2))C3(=CC=CC=C3)),0.7
N(C1(=CC=CC=C1))CCC,5.12
N2(=C(N)C=1(N=CN(C=1N=C2)C3(CCCCC3))),4.19
OC(CN(CC(O)C)CCCCCCCCCCCC)CC,6.2
N=1(C=2(C(C(NCCCN(C)C)=CC=1)=CC=CC=2)),8.85
[Si](O[Si](CCN)(C)C)(CCN)(C)C,10.74
S=C2(N(C1(=C(C=CC=C1)C=C2))C),-1.6
N(CCCN(C)C)(CCCN(C)C)C,8.466666666666665
O(C2(=CC=C(C(O)C1(=CC=CC=C1))C=C2))C,-8.0
[N+]2(=C(C1(=NC=CC=C1))C=CC=C2)(C),0.31
O3(C(C1(=CN2(CCC1CC2)))=CC=C3),8.92
O(C2(=CC=1(N=C(CC)NC=1C=C2)))CC,6.27
O=C(N)C=C(O)C1(=CN=CC=C1),8.01
O=C([O-])C1(=NC=C(CCCC)C=C1),5.7
[O-]C1(=NC=NC=2(C1=NC=CC=2)),8.95
OCC1(C2(CCN(C1)CC2)),10.56
NCCCCCC#C,10.64
[O-]C1(=[N+](C=CC(=N1)NC)C),4.47
[NH2+](CCCN)CCCCCCCCCCCC,8.37
S(=O)(=O)(NC1(=NC(=CC=N1)C))C2(=CC=C(NC(=O)C)C=C2),0.9
O=C(O)C1(=NC=CN=C1),-0.7
OC3(=CC=C(C=NC2(=CC=C(C1(=CC=C(N)C=C1))C=C2))C=C3),5.955
ClCC1(=NC=2(C(OC)=CC=C(C=2(N1C))OC)),4.1
OCCCNC1(=NC(=NC(=N1)NCCCO)NCCCO),5.48
O=C(NC1(=CC=CC=C1))CN2(CCCCC2),7.85
NC2(=CC(C1(=CC=CC=C1))=CC=C2),4.28
P(=O)(CCCCCCC)(CCCCCCC)CCCCCCC,4.65
N=2(C1(=C(C=CC=C1)N(C=2)C)),5.65
O=C(C1(=CC=CC=C1))CCNC,9.0
O(CCN(C)C)CCN(C)C,9.005
N12(N(CCCC1)CCCC2),6.79
N1(C(CC)C1)(CC),8.19
S(SCC=C)C(=C(N(C=O)CC1(=C(N=C(C)N=C1)N))C)CCO,5.65
N2(=C1(N(N=CC1=CN=C2)C)),2.5
N2(=C(C1(=NC=CC=C1))C=CC=C2C3(=NC=CC=C3)),3.97
S(=O)(C3(=CC(OC)=C(C1(=NC=2(NN=CC=2(N1))))C=C3))C,3.8
N1(CCCCC1)(CC=CCN2(CCCCC2)),8.8
O=C(OC(CN(C)C)C)C,8.31
O=C1(CC=2(C=CC=CC=2(C1))),12.2
N1(=C(N)C(N)=CN=C1),6.03
O=C(OC)C1(C2(CCN(C1)CC2)),9.4
N1(=C(N)C=NC=2(C1=CC=CC=2)),3.93
N3(=C(NCCC1(=CC=CC=C1))C=2(NC=NC=2N=C3)),4.2
O=C(NCC1(N(CCC1)CC))C2(=C([O-])C(=CC=C2OC)CC),9.54
NCCCCCCCC,10.76
O=C([O-])C3(OC(OC=2(C=1(C(=NC=CC=1)C=CC=2)))C(O)C(C3O)O),4.91
N1(C3(=CC=C(CCC=2(C=C(CC1)C=CC=2))C=C3))(C),6.76
OC=2(C1(=NC=CC=C1C=CC=2C=CC)),4.66
N=2(C1(=C(C=CC=C1)N(C=2)CCC)),5.46
OC(CN(CC(O)C)CCC)C,8.9
[O-]C1(=[N+](C=CC(=N1)[O-])C),9.73
O4(CCN(C=1(C=3(C(N=C2(C=1CCC2))=CC=C(C=3)C)))CC4),7.18
O=[N+]([O-])C=2(C1(=C(NCCC[NH+](C)C)C(=CN=C1C=CC=2C)C)),6.07
OC1(=CN=CN=C1),1.87
N2(=C(NCCCC)C1(=C(NN=C1)N=C2)),4.67
ClC2(=NC=C(C1([NH+](CCC1)C))C=C2),-1.3
S=C(NCC1(=CC=CC=C1))N,0.86
N1(CCCC1)(CC),10.96
O=[N+]([O-])C=3(C2(=C(NCCO)C=1(C(=CC=CC=1)N=C2C=CC=3))),7.2
O=C(O)C1(=COC=C1),-0.59
S(CC1(=NC(=CC=C1)CSC))C,4.19
NC(CC1(CCCCC1))C,10.14
S1(C(NCC1)C2(=CC(OC)=CC=C2)),5.12
OCC1(=C(C=CC=C1)CN(C)C),8.78
[Si](OC2(CN(C1(CCCCC1))C2))(C)(C)C,9.02
S(=O)(=O)(C1(=CC=CC=C1))C=2(SC(N)=NC=2),1.79
O=C([O-])CNC,10.11
O=C([O-])CONC(=N)N,7.58
[N+]3(=CC=C(C1(=NC=2(C=CC=CC=2(N1))))C=C3)(C),2.26
O6(C5(=C4(C(C3(=C(C=1(C(=CC=2(OCOC=2(C=1)))C=C3))N(C4)C))=CC=C5OC6))),2.6
[O-]C1(=NC(=NC=C1)N),9.42
S(=O)(=O)(N)C1(=CC(OC)=C(OC)C(=C1)C(=O)NC3(CC4(N(CC2(=CC=CC=C2))C(C3)CC4))),8.87
O=C(OCC)CCCCCN,10.37
O=C(N)N,0.4
N=1(C=2(C(C=C(C=1C)C)=CC=CC=2)),4.93
O1(N=CC=C1C),2.3
NC1(C(N)CCCC1),8.1625
O=C(NC2(C1(=C(C=CC=C1)C3(=C2C=CC=C3))))CN(CC)CC,7.98
O=C(NC1(=C(C=C(C)C=C1)C))CN(CC)CC,7.95
O=C(OC)C1(C(O)CC2(N(C1CC2)C)),8.530000000000001
N(CCC=2(C1(=C(C=CC=C1)NC=2)))(CCC)CCC,8.6
S(=O)(=O)(NC1(=NC=CC=N1))C2(=CC=CC=C2),0.15
NC1(CC=2(C=CC=CC=2(C1))),9.55
OC(CN(CCO)CCCCCCCCCC)C,7.5
O=C2(N1(C(=CCCC1)C3(CN4(C(C2C3)CCCC4)))),7.7
N1(=C(NC)C=NC=2(C1=CC=CC=2)),4.1
N=C(NC1(=C(C=CC=C1)C))NC2(=C(C=CC=C2)C),9.67
N1(=C(N)C=CN=C1),5.7
O=[N+]([O-])C2(=CC=1(N=C(CC(=NC=1C=C2)C)C)),3.575
N2(=C(N(C)C)C1(=C(N(C)N=C1)N=C2)),4.06
NC3(=CC=2(C=1(C=4(C(C=CC=1CC=2C=C3)=CC=CC=4)))),4.67
O=C([O-])CCCCCCCCCCN,11.0
N1(=CC=C(C=C)C=C1),5.62
[Si](CN)(CC)(C)C,10.73
N=1(C=2(C(C(C)=CC=1C)=CC=CC=2C)),4.48
ClC1(=CC(NN=C(C#N)C#N)=CC=C1),-0.78
N=1(C=2(C(N=CC=1)=CC=CC=2)),0.64
N1(=NC=CC(=C1)N),6.69
O=C(OC1(=NC(=NC(=C1C)C)N(C)C))N(C)C,4.53
O=C3(N2(C1(=C(C=CC=C1)C57(C2C4(C6(C(=CCOC4(C3))CN(C5C6)CC7)))))),8.18
N=1(C=2(C(C(C)=CC=1)=CC=CC=2)),5.51
S(C=1(C=2(C(N=CC=1)=CC=CC=2)))C,5.81
S(SCCC)C(=C(N(C=O)CC1(=C(N=C(C)N=C1)N))C)CCO,5.52
[S-]C1(=NC=NC2(=C1NC=N2)),7.74
N2(C(C1(=CC=CC=C1))CCC2),9.6
N=1(C=2(C(C=CC=1C)=CC=CC=2)),5.69
N(CCC#C)(C)C,8.33
N1(=NC(=C(C)C(=C1C)C)C),5.36
O=C([O-])C1(=C(N)C=CC=C1),4.87
[O-][N+]2(=C(N)C=1(NC=NC=1N=C2)),2.6
N1(=C(C=CC=C1)C(C)(C)C),5.72
O=C(OCC)C2(C1(=CC=CC=C1))(CCN(CC)CC2),9.03
[O-]C2(=NC=1(C(=CC=CC=1)C=N2)),10.69
O=C(N)C(N)CC=1(N=CNC=1),6.71
O3(C(N1(N=NC2(=C1C=CC=C2N)))CC(C3CO)O),1.9
N#CC1(=CN2(CCC1CC2)),5.84
N2(=C(NC)C1(=C(NN=C1)N=C2C)),5.56
O=C([O-])CN=C1(CCCCC1),9.48
ClC1(=CC=C(NCO)C=C1),2.22
ON=C(C(=N[O-])CN(CC)CC)C,11.9
S(C=1(N=CC2(=CC=CC=C2(C=1))))C,3.41
O3(CCN(CCC(C1(=CC=CC=C1))C2(=CC=CC=C2))CC3),7.25
N2(=NC1(=C(CCC1)C(=C2C)C)),5.36
ON=C(N)CC,5.95
S(C1(=NC2(=CC3(=CC=CC=C3(C=C2(N1))))))CC(=O)[O-],4.68
O=C(OC)C(C=1(N=C(CO)NC=1))(C)C,6.18
O=[N+]([O-])C2(=CC=1(C(=CC=C(C=1)N)C=C2)),3.13
O1(C(=CC=C1)CNC2(=NC=NC3(=C2C=NN3C))),3.8
ClC1(=NC(=NC(=N1)NCC)NC(C)C),1.61
O=C(NC2(CC3(N(CC1(=CC=CC=C1))C(C2)CC3)))C4(=C(OC)C(OC)=CC=C4),8.91
N1(=NC=C(C)C=C1C),4.11
O=C([O-])CCCNC,10.78
O=C(N1(C(=NC=C1)C))C,5.03
O=C(NCCCCCCCN(C)C)C=N[O-],10.47
ClC3(=C(NC1(=C(C=CC=C1)CC(=O)OCCCN2(CCOCC2)))C(Cl)=CC=C3),7.99
N2(=C(N(C)C)C=1(NC=NC=1N=C2)),3.87
N2(C1(CCCCC1))(CCCC2),10.7
S(C2(=C(C1(=NC(C)=C(N1)C))C=CC=C2))CC3(=CC=CC=C3),7.0
[O-]C1(=NC(N)=C2(NC=NC2(=N1))),8.99
OC(CN(CC(O)CC)CCCCCCCCCCCCCCCCCC)CC,5.6
O=[N+]([O-])C=3(C2(=C(NCCCO)C=1(C(=CC=CC=1)N=C2C=CC=3))),7.55
O=C(CCCN(CC)CC)C,10.1
O=C,1.15
O(C1(=CC=C(CCN)C=C1))C,9.79
P(=NC1(=CC=CC=C1))(C2(=CC=CC=C2))(C3(=CC=CC=C3))C4(=CC=CC=C4),-0.92
FC3(=C1(C(C=2(C=CC(=CC=2(C1))N))=CC=C3)),3.54
O=C1(N(N(C)C(=C1C(C)C)C)C2(=CC=CC=C2)),2.4
N#CC1(=CC(N(C)C)=CC=C1),2.97
ClC3(=CC=C(C=2(OC(C1(=CC=C(C)C=C1))=CN=2))C=C3),0.58
O=[N+]([O-])C1(=CC=C(N)C=C1),1.03
N1(C(CCCC1C)C),10.99
OCCCCCC1(=NC=CC=C1),5.93
N1(=C(N=C(N)N=C1N)N),5.06
N=3(C2(=C1(N=CC=CC1=CC=C2C=4(CCCC=4(C=3))))),5.78
O=[N+]([O-])C1(=CC(=C(N)C=C1)C),1.97
N(C1(=CC=CC=C1))CC(C)C,4.84
OC(C1(=NC=C(C)N=C1))C(O)C(O)CO,1.4
OCCNCCO,9.04
N(CC1(=CC=C(C)C=C1))CCCCCCC,10.02
O=C1(C(NC(C1)(C)C)(C)C),7.1
OC2(=C(N=NC=1(C(=NNC=1N)N))C=CC=C2),3.51
ClC(F)(F)C1(=NC=2(C=C([N+](=O)[O-])C=CC=2(N1))),0.77
ClC1(=CN=CC=C1),2.77
O(C1(=C(N=CC(=C1C)CO)C))CC2(=CC=CC=C2),5.52
N=1(C=2(C(N=CC=1)=CC=C(C=2)N)),2.95
N2(C(C1(=CC=CC=C1))C2),6.47
N(C(C#C)(CC)CC)(C(C)C)CC,8.2
S(C1(=NC(=CC(N1C)=O)C))C,0.9
N(C1(=CC=CC=C1))C(C=C)(C)C,4.88
OC3(=CC2(=NC=1(C(=CC=CC=1)N=C2C=C3))),2.6
[Se](=O)(C)C,2.55
S1(C(=NC2(=C1C=CC=C2))C3(=CN4(CCC3CC4))),7.4
N(CCCC)(C)C,10.03
O=[N+]([O-])C1(=CC(N(C)C)=CC=C1),2.58
O=CC3(=CC=C(C=2(OC(C1(=CC=CC=C1))=CN=2))C=C3),0.02
N(C(C)C)CC,11.03
N1(=C(CC(C)=NC2(=C1C=CC=C2))C),3.85
N=1(N(C=NC=1)C),2.31
S(=O)(=O)(OC3(=CC(OC)=C(C=1(N=C2(N=CC=CN2(C=1))))C=C3))C,3.95
N#CC1(=CCCN(C1)C),6.35
N(=NC1(=CC=C(N)C=C1))C2(=CC(=CC=C2)C),2.88
FC1(=C([O-])C=C(CN)C=C1),10.04
N=1(C=2(C(C=CC=1)=CC=CC=2C)),4.87
[O-]C=2(C1(=NC=CC=C1N=CC=2)),10.01
N(CCCN)CCCCN,9.599999999999998
N(C1(=CC=CC=C1))(CC(C)C)C,5.2
O=C([O-])CCC#CC#CCCCCCN,10.7
O=C(NC2(CC3(N(CC1(=CC=CC=C1))C(C2)CC3)))C4(=C(OC)C(N)=CC=C4),8.86
OCC1(=NC=2(N=CN=CC=2(N1))),2.62
NC1(=C2(C(=CC=C1)CCCC2)),4.5
N1(C(CC(C)CC1)(C)C),11.1
O=C([O-])C(NC(=O)C([NH3+])C)CC=1(N=CNC=1),7.42
N1(=C(NC=C1)C(N)C2(=NC=CN2)),5.28
OC3(=CC1(=C(CC2(N(CC)CCC1(C2(C))C))C=C3)),9.42
O=C(OC(CN(CC)CC)(CC=C)C)CCC,8.5
ClCCN1(CCOCC1),6.27
OC1(C#C)(C2(C(NC(C1)C)CCCC2)),9.55
[Br]C1(=C(OC)C=CC(=C1)N),4.09
N2(=NC=1(C(=CC=CC=1)C=3(C2=CC=CC=3))),2.2
O(C1(=CC=C(N=CN(C)C)C=C1))C,9.35
O=C1(OC(C(C)(C)C)C(C1C)=O),4.84
O=C(OC)C1(=CCCNC1),8.7
O=C(OC1(CC2(NC(C1)CC2)))C(C3(=CC=CC=C3))CO,10.28
O=CC=1(OC(CN)=CC=1),8.1
N1(=C(N)C=CC=C1C2(=NC(N)=CC=C2)),6.7
O=C1(N2(C(CC(C1)CC2)(C)C)),5.33
O3(C(N2(C1(=C(C=C(C)C=C1)N=C2)))C(O)C(O)C(C3)O),4.17
[Si](CCC(=NN(CC)CC)N)(C)(C)C,10.65
O2(CCN(CCCN1(CCOCC1))CC2),6.75
[Br]C3(=CC=C(C=2(OC(C1(=CC=CC=C1))=NC=2))C=C3),0.65
S=C(NC)C1(=CC=CC=C1),-2.5
N1(C(CCC1)CC)(C),9.78
O=C1(N(N(C)C(=C1NC(=O)C)C)C2(=CC=CC=C2)),0.18
OCC1(=NC(=CC=C1)C),5.2
N1(=C(N(C)C=C1)C),7.64
N(CC#C)(CC#C)CC#C,3.04
N4(CC1(=C(C=3(C=CC=CC=3(C1C2(=CC=CC=C2))))CC4))(C),8.29
N1(=C(CC(C)=NC2(=C1C=C(C)C=C2))C),3.75
[S-]C1(=NC(=NC2(=C1NC=N2))N),8.2
O=C(OC1(=C(OC)C=CC3(=C1C24(C(CCC(C2)OC)C(C3)N(C)CC4))))C,9.31
O=CC1(=NC=CN1CCC),5.15
N1(=C(N=C(C)N=C1C)N),3.6
N=1(N(C=CC=1N)C),3.81
O=C1(N=C(N)C=CN1C3(OC(C(OC2(OC(C(N(C)C)C(C2O)O)C))CC3)C)),7.0
[O-]C1(=[NH+]C=CC(=N1)NCCCC),4.69
O=C(OC)C1(=CC(N)=CC=C1),3.55
O=C1(N=C(C=C(N1C)C)C),4.0
ON=CC=1(C=2(C(N=CC=1)=CC=CC=2)),4.55
NC1(=C(C=C(C)C=C1C)C),4.37
OC(CN(CC(O)C)C)CC,8.9
S(=O)(=O)([O-])CCN1(CCOCC1),6.16
[O-]C1(=[N+](C([O-])=CC(=N1)C)C),10.13
O=C(OC6(C5(OC17(C(C2(O)(CC(O)C3(C(C2(C1)(O))CN4(CC(C)CCC4(C3(O)C)))(O)))CCC5C7(C)(CC6)))(O)))C(=CC)C,8.85
O=C(OC)C1(=CCCN(C1)C),7.55
OC(CN(CCO)CCCCCCCCCCCC)CC,6.4
N=2(C1(=NC(=C(C)N=C1C=NC=2C)C)),3.76
OCC1(C2(N(CCC1)CCCC2)),10.16
[S-]C1(=NC(=NC2(=C1N=CN2C3(OC(CO)C(C3O)O)))N),8.34
OC1(=C(N=CC(=C1C)CO)C),5.4
O=[N+]([O-])C=3(C2(=C(N)C=1(C(=CC=CC=1)N=C2C=CC=3))),7.3
N(C(C=C)(CC)C)(C(C)C)C,11.3
N(N(C)C)=C(N)CCCCC,10.4
N(N(C)C)(C)C,6.19
N#CN,1.1
O=C([O-])CCCNCC,11.03
N1(N(CCCC1)C)(C),6.66
N1(=C(N=C(C)C=C1NCCN(CC)CC)N),8.575
O=C([O-])C3(OC(OC=1(C=NC2(=CC=CC=C2(C=1))))C(O)C(C3O)O),3.95
O3(C(N1(N=C2(N=CN=C(C2(=N1))N)))CC(C3CO)O),3.1
O=C(NC1(=C(C=CC=C1C)C))CNCCCC,8.04
ClC1(=C(Cl)C=C(Cl)C(=C1CN2(CCOCC2))[O-]),8.83
N#CC1(=CC=C(N(C)C)C=C1),1.78
OC1(=C(C=CC=C1)CN(CC)CC),8.81
O=C(OCC)CC1(=NC=CC=C1),4.25
O4(CCN(C=3(C2(=C(N1(CCOCC1))C(OC)=CC=C2C=CC=3OC)))CC4),13.0
N1(=C(N=C(C)C=C1N)N),7.65
N(N)CCC1(=CC=CC=C1),7.25
N(C1(=CC=CC=C1))=C(C=C(NC2(=CC=CC=C2))C)C,7.22
O=C(NC2(C1(=C(C=CC=C1)CC2)))CN(CC)CC,8.19
N=1(C=3(C(C2(=CC=CC=C2(C=1)))=CC=CC=3)),4.58
S(=O)(=O)(N(C)C)C1(=CC=C(N)C=C1),1.53
O=C([O-])C1(NCC(C1CC(=O)[O-])C(C)C),10.62
O(C2(=CC1(=C(NC=C1CC(N)C)C=C2)))C,10.3
N=3(C2(=C1(N=CC=CC1=CC=C2C(CC)=CC=3))),5.44
N=1(C=2(C(C(NCCCN(CC)CC)=CC=1)=CC=CC=2)),9.325
O1(NCC=2(C=CC=CC=2(C1C))),3.6
OC1(=C(C(=CN=C1)C2(CCCCC2))C),5.6
N2(=C(N)C=1(NN=C(C=1N=C2)C)),5.02
P(C1(=NC=CN1))(C2(=NC=CN2))C3(=NC=CN3),6.429999999999999
O(C3(=C(C1(=NC=2(N=CC=CC=2(N1))))C=CC(=C3)OC))C,4.63
O=[N+]([O-])C2(=CC=C(C(O)CNC(CC1(=C(C(C)(C)CC1)C))C)C=C2),8.36
N=4(C2(=C1(N=CC=CC1=CC=C2C(C3(=CC=CC=C3))=CC=4))),4.9
O=C1(OC(CC(C1)=O)C),5.1
O=C(NCCCN(CCC)CCC)C=N[O-],10.35
NC(C)C,10.64
[N+](CCN)(C)(C)C,7.34
O=C1(N(C(=O)C=2(C([O-])=CN=NC=2(N1C)))C),8.51
O=C1(N(C=NC=C1C2(=CC=CC=C2))C),1.5
O=C([O-])CCC=1(N=CNC=1),7.55
NC2(=CC(C1(=C(C=CC(=C1)N)C))=C(C)C=C2),4.4
N(CC1(=CC=C(C)C=C1))CCC,9.98
O2(C(NC1(OCCCC1))CCCC2),8.1
NC(CCCC1(=CC=CC=C1))C,9.99
N1(=NNC(=N1)N),1.81
S1(C(NCC1)C2(=CC([N+](=O)[O-])=CC=C2)),4.63
O=C(C1(=CC(N)=CC=C1))C,3.61
O(C1(=NC=NC2(=C1C=NN2C)))C,2.51
O(CCN(C1(=CC=CC=C1))C)C,4.81
N=3(C2(=C1(N=CC(C)=C(C1=CC=C2C(C)=C(C=3)C)C))),6.31
O=[N+]([O-])C1(=C(C=C(OC)C=C1)CN),8.72
[Br]C=1(C=2(C(C=[N+](C=1)CCN)=CC=CC=2)),6.71
O=C(NC1(=C(C=CC=C1C)C))CNCC(C)C,7.83
O=C(OC1(C(=C)C7(CC2(C15(C(C4(N6(CC3(C(C24(C(OC(=O)C)C(OC(=O)C)C3))C6(C5))(C))))C7))(O))))C,8.35
N=2(N1(C(=NC=C1C[NH+](C)C)C=CC=2C3(=CC=CC=C3))),2.99
O(C1(=CC=C(NCO)C=C1))C,3.72
O=[N+]([O-])C1(=CC(OC(=O)CCCN(C)C)=CC=C1),9.82
OCCCN,10.0
O=CC,-0.57
S2(C1(=NCCN1C(=C2)C)),9.81
SCC1(=NC=CN1C),6.31
O=C([O-])C1(=C2(C=CC=C1COCCOCC3(=CN=C(COCCOC2)N3))),7.05
OC1(C2(CCN(C1)CC2)),9.93
N=1(C=3(C(C(CCCCCCCCCCCCCCCCC)=C2(C=1C=CC=C2))=CC=CC=3)),5.5
O2(C1(=C(OC)C=CC5(=C1C34(C2CCCC3C(NCC4)C5O)))),8.945
O=C([O-])C(N)CC1(=CC=CC=C1),9.155
N1(C(=C(C)C(=C1C)C)C),3.77
OC(CN(CCO)CCCCC)C,8.9
O=C(OC2(C1(=CC=CC=C1))(C(CN(C)CC2)C))CC,8.66
O=C(C2(=NC1(=C([O-])N=C(N)N=C1NC2)))C(O)C,10.06
O=C(C1(=CC=CC=C1))CC2(=NC=CC=C2),4.206666666666667
[S-]C2(=[NH+]C=1(C(=CC=CC=1)N=C2)),-1.11
N1(=CC(=C(N)C=C1)CC),9.17
S(C1(=NC=CC=2(C1=CC=CC=2)))C,3.93
OC(CNCCO)C,8.81
O=C(NC1(=CC=NC=C1))C2(=CC=CC=C2),5.32
N=2(C1(=C(C=CC=C1)N(C=2)CC)),5.66
O(C1(CC=C3(CCN2(C3(C1)(C(=CCO)C(CO)CC2)))))C,8.42
N=C(C1(=C(C=CC=C1)C))C2(=CC=CC=C2),7.21
N(CCC1(=CC=CC=C1))C,10.23
O(C(C1(=CC=CC=C1))(C2(=CC=CC=C2))C)CCN(C)C,8.75
OC=2(C1(=NC=CN=C1C=CC=2)),0.85
O=C(OC(CN(C)C)C)C(=C)C,7.96
N2(C1(=C(C=CC=C1)CC2)),5.49
O3(C(CN(C1(=CC=CC=C1))CC2(OC2))C3),-0.4
N2(N1(CCCC1))(CCCC2),7.16
N1(=C(N=C2(NN=CC2(=C1N)))N),5.58
O=C([O-])C(C(CO)CC=1(N(C=NC=1)C))CC,7.47
O=C(NC1(=CC=C(N)C=C1))C,4.46
O=C([O-])CN1(CCCCC1),10.35
ClC1(=CC(N)=CC=C1),3.59
N#CC=1(C=2(C(C=NC=1)=CC=CC=2)),2.04
N=C(NC1(=CC=CC=C1))N,10.79
N2(=CC1(=C(N)C=CC=C1C=C2)),6.06
[S-]C1(=NC=CC=C1),9.89
N1(=C(N=CC2(=C1NC=N2))N=CC3(=CC=C(N(C)C)C=C3)),4.54
N(CCCCCC)CCCCCC,11.01
N(C(CC1(=CC=CC=C1))C)C,9.87
[Br]C1(=CC(=C(N)C(=C1)C)C),3.54
O=[N+]([O-])C2(=CC1(=C(N)C=CC=C1C=C2)),2.83
N(C1(=CC=CC=C1))C(CC)(CC)C,6.32
O(C1(=C(C=C(C)C=C1CN)CN))C,8.85
[N+]=1(C=2(C(C(NN)=CC=1)=CC=CC=2))(C),2.61
O=C1(N(C=2(C(N)=CC=CC=2(N1C)))C),3.06
O=C(OCCN(CC)CC)C1(=CC=CC=C1),8.9
O=C(O)C1(=NC=CC=N1),-1.13
O=C([O-])C3(=CC1(=C(N(C)C(=C1C)CN2(C=NC=C2))C=C3)),6.32
[Br]C1(=CC=C(N=CN(C)C)C=C1),8.1
FC(F)(F)C1(=NC=2(N=CN=CC=2(N1))),1.0
S(CCN(CC)CC)CCCC,8.43
S(C(=N)C1(=CC=CC=C1))CCC,8.1
O1(C2(C(O)C3(CC1CC2N3(C)))),8.2
SCCNC1(=CC=C(C)C=C1),5.08
ClCC(=O)CCl,11.0
O=C([O-])C1(=NC=CC=C1N),7.18
O=C(O)CN,9.66
N#CCCN(C(CC1(=CC=CC=C1))C)C,6.95
N(C1(=CC=CC=C1))C2(CCCC2),5.3
O=[N+]([O-])C1(=CC(N=CN(C)C)=CC=C1),7.29
O=C(C1(=CC=CC=C1))CC2(N(C(CCC2)CC(O)C3(=CC=CC=C3))C),8.0
S3(C(C(C=1(SC=CC=1))=CC(N2(CCCCCCC2))C)=CC=C3),7.52
N=2(C=1(C(=C(C=CC=1)C)C=CC=2)),5.0
N1(=C(NC=C1)CC2(=NC=CN2)),6.085
N1(=C(N)C=C(C)N=C1),6.25
OC1(CC2(N(C)C(C1)CC2)),10.095
S2(C1(=C(C=CC(=C1)C(=O)[O-])C(=C2CN3(C=NC=C3))C)),6.04
O=[N+]([O-])C2(=CC=C(OC(=O)C1(C(N)CCCC1))C=C2),8.495000000000001
O=[N+]([O-])C2(=CC=1(C(=NC=CC=1NCCC[NH+](C)C)C=C2)),6.99
N=3(C=2(C(=C1(C(C=CC=C1)=CC=2))C=CC=3)),5.15
[NH+]=2(C1(=C(C=CC=C1)C(C=2C)=CC=C3(N(C=4(C=CC=CC=4(C3)))C))),1.22
ClC3(=CC=C(CC(C1(=CC=CC=C1))=CCN2(CCCC2))C=C3),8.77
O(CCNC1(=CC=C(OC)C=C1))CC,4.99
N3(C(CC(C1(=CC=CC=C1))C2(=CC=CC=C2))C)(CCCCC3),8.8
O(C1(=CC=NC=C1))C2(=CC=CC=C2),6.16
N1(=C(NCC1)CN(C2(=CC=CC=C2))CC3(=CC=CC=C3)),10.06
N=2(N1(C(=NC=C1)C=CC=2C3(=CC=CC=C3))),4.71
N2(=C(N)C1(=C(NN=C1C)N=C2)),4.61
S(=O)(=O)(NCC1(N(CCC1)CC))C2(=C(OC)C(OC)=C(OC)C=C2),8.7
O=C(O)C=1(NC=2(C=CC=CC=2(C=1))),-0.57
OCC1(=NC=2(C=CC=CC=2(N1))),4.82
N#CC1(=CN(CC=C1)C),2.7
N2(=C(NCCC)C1(=C(N(C)N=C1)N=C2)),4.25
OC(CN(CCO)CCCCCCCCCCCCCC)CC,6.1
ClC=3(C2(=NC=1(C(=CC=CC=1)C(=C2C([N+](=O)[O-])=CC=3)NCCC[NH+](C)C))),5.0
O=C([O-])C1(NC(C(=O)[O-])CCC1),9.92
O=C(NC2(CC3(N(CC1(=CC=CC=C1))C(C2)CC3)))C5(=C4(OCCOC4=CC=C5)),8.68
O1(C(=NC=C1C2(=CC=C(OC)C=C2))C3(=CC=CC=C3)),1.05
O=C(C1(=CC(=C([O-])C=C1)CN(C)C))C,10.0
N1(=CC(=CC=C1)CC),5.57
N=3(C2(=C1(N=CC=CC1=CC(=C2C=CC=3)C))),5.26
FC=3(C2(=NC=1(C(=CC=CC=1)C(=C2C([N+](=O)[O-])=CC=3)NCCC[NH+](C)C))),5.41
N=1(NC=2(C=CC=CC=2(C=1))),1.31
N=3(C=2(C1(=C(C=CC=C1C=CC=2)N(C=3)CCCC[NH+](C)C))),5.3
O=C([O-])C6(OC(OC4(=C1(OC5(C(O)C=CC3(C25(C1=C(CC3(N(C)CC2))C=C4))))))C(O)C(C6O)O),8.1
S1(C(=NC2(=C1CCCC2))N(C)C),6.16
N1(=NC(=CC=C1CCC)C),4.25
ClC1(=C(NN=C(C#N)C#N)C=CC(=C1)[N+](=O)[O-]),-0.62
OCCN(C1(=NC(=NC(=N1)N)N(CCO)CCO))CCO,5.15
P(=O)(C1(CCCCC1))(C2(CCCCC2))C3(CCCCC3),5.04
O=C([O-])CC1(=CC=C(N)C=C1),5.2
O=C(NCCN1(CCOCC1))C2(=C(C=C(N)C=C2C)C),5.96
OC2(=CC=1(N=CN(C=1C=C2)C)),6.1
O(C2(=CC(C(=N)C1(=CC=CC=C1))=CC=C2))C,6.59
[Br]C=1(C=2(C(C=NC=1)=CC=CC=2)),3.54
S(=O)(=O)(NC1(=NN=CC=C1))C2(=CC=C(N)C=C2),1.3
N1(=NC(=CC(=C1C)CC)C),4.73
O(C1(=NC(N)=C2(NC=NC2(=N1))))C,3.7
N(C1(=CC=CC=C1))CCCCCCCCCC,4.56
[Br]C=1(SC(N(C)C)=NC=1),3.66
O1(C(=NC=C1C2(=CC=C(C)C=C2))C3(=CC=C(OC)C=C3)),1.34
OC=2(C1(=NN=CC=C1C=CC=2)),2.72
N#CC(=NNC1(=C(C=CC=C1C)C))C#N,-0.82
O=[N+]([O-])C1(=CC=C(NC(=O)CN(CC)CC)C=C1),8.05
OC=2(C1(=NC(=CC=C1C=CC=2)C)),5.63
[Br]C1(=C(N)C([Br])=CC=C1),0.36
O(CCN(CC)CC)CCN(CC)C,9.29
N(CCCC#C)(C)C,8.88
S=C1(C=CN(C)C=C1),1.36
OCC1(=C(N=C(C)C=C1C)C),7.1
N2(=C1(N(C=NC1=CN=C2)C)),2.42
O=C([O-])C2(N(C(=O)C1(NCCC1))CCC2),9.27
OC(CN(CC(O)C)CCCCCCCCCC)CC,6.7
O2(C1(=C(OC)C=CC5(=C1C34(C2C(O)C=CC3C(N(C)CC4)C5O)))),7.12
OC2(=CC=1(C(=NC=CC=1)C=C2)),5.26
S(=O)(=O)(NCCCN1(CCOCC1))C2(=C(OC)C(OC)=C(OC)C=C2),6.76
P(=O)([O-])([O-])C(P(=O)([O-])[O-])CN(C)C,8.98
OC1(=CC(N=CN(C)C)=CC=C1),7.88
N12(CC3(CC(C1)(CC(C2)(C)C3)C)(C)),10.7
OC3(C26(C1(=C(C=CC=C1)N(C2C4(CC5(C3C(N4CC5=CC)C6)))C))),8.5
OCCN1(N=CC=2(C1=NC=NC=2N)),4.29
NC(CC1(=CC=CC=C1))C,9.9
O(CCNC1(=CC(=CC=C1)C))C,4.29
N=1(C=2(C(C=NC=1)=CC=C(C=2)N)),4.6
N12(C(C(C)CC1)CCC2),11.44
N1(=C(N)C=CC=C1C2(=NC=CC=C2)),5.8
O(C1(=C(C=CC=C1)CC=C))CC(O)CNC(C)C,9.59
ClNCC,0.93
S1(C(=CC=C1)C2(NCCC2)),9.35
N1(CCC(N)CC1)(CC2(=CC=CC=C2)),8.42
N3(=C(NC1(CCCCC1))C=2(NC=NC=2N=C3)),4.2
O2(CCN(C1(=NC(=NC(=C1)N)N))CC2),6.73
OC1(=C(C=CC=C1)CN2(CCCC2)),8.81
N#CCCNC(CC1(=CC=CC=C1))C,7.23
[Se-]CCNCC,10.91
OCC1(=NC=CN1CCC),7.04
S(=O)(=O)([O-])C1(=CC=NC=C1),3.44
OC1(=C(C=C(C)C=C1CN)CN),9.7
N1(=C(C=C(N)C(=C1)C)C),9.68
[Br]C1(=CC=C(N(C)C)C=C1),4.25
OCCNC(C)(C)C,10.11
N24(C1(=C(C=CC=C1)C(C3(=C2C=CC=C3))CC4)),4.54
O=C(NCC)C=1(C=2(NC(C=1C)=CC5(=NC(=CC=4(NC(C=C3(N=C(C=2CC(=O)OC)C(C3(C))CCC(=O)OC))=C(C=4(C=C))C))C(=C5CC)C))),1.35
OC1(C(N)CCCCC1),9.35
O=C(NCCN(C)C)C(=C)C,8.54
O(C1(=CN=CC=C1))C2(=CC=CC=C2),4.24
O=C(NC1(=CC(=CC=C1)CN(C)C))C=N[O-],9.12
N(C1(=CC=C(C)C=C1))C(C)(C)C,7.3
O=C(OCCNCCCC)C(=C)C,9.12
N#CC1(=CC=C(CN)C=C1),8.72
O=C([O-])C(N)CC=2(C1(=C(C=CC=C1)NC=2)),9.375
O=C(C1(=CC=CC=C1))CCN2(CCCCC2),9.23
OC1(=C(C=CC=C1)CN2(CCCCC2)),9.805
N1(C(CC1)C),10.96
O(C1(=NC(N)=C(C#N)C(=C1)N))C,4.17
[Br]C1(=CC=C(CCN)C=C1),9.65
FC2(=C(C(=O)C1(=C(N(C)N=C1C)N(C(=O)CN)C))C=CC=C2),7.52
ClC3(=CC2(=NC=1(C(=CC(OC)=CC=1)C(=C2C=C3)NC(CC[NH+](CC)CC)C))),7.2
O1(C(=CC=C1)C2(O)(C3(CCN(C2)CC3))),9.06
S(=O)(=O)(C1(=C(OC)C(OC)=C(OC)C=C1))CCN2(CCCCC2),7.24
N1(=C(NC)C=CN=C1),6.12
N(C2(=CC=C(C=CC1(=C(C=CC=C1)C))C=C2))(C)C,4.59
O(N=C(CC(NCC[NH2+]C(CC(=NO)C)(C)C)(C)C)C)C,6.28
N1(C(CC)C1),5.69
ClC2(=CN=C(C1(=NC=C(Cl)C=C1))C=C2),3.96
[O-]C1(=CN=CC=C1),8.6
O=[N+]([O-])C1(=CC=C(N(CCC)CCC)C=C1),1.06
O=C2(C(=CC(=C1(C=CC=CC=C1))C=C2C)C),6.26
N1(=C(N(C)C)C=CN=C1),6.35
OCCNC1(=NC(=NC(=N1)N)NCCO),5.18
N1(=NC=C(C)C(=C1)C),4.13
N=2(C1(=C(C=CC(=C1)C)NC=2)),5.81
O=C(O)C1(=CC=C(N)C=C1),2.41
N(CCCC1(=CC=CC=C1))C,10.58
N1(=C(N=CC=C1)N),3.55
ClC2(=C(Cl)C(C(=O)C1(=CC(=C([O-])C=C1)CN))=CC=C2OCC(=O)OCC),10.6
O=C([O-])C=1(N(N=C(C=1C(=O)[O-])C)C2(=CC=CC=C2)),5.89
ON=C(N)C1(=CC=CC=C1),4.97
O=C(O)C2(=CC=C(N=NC=1(C(=NNC=1N)N))C=C2),3.4
O=C(N1(CCNCC1))C2(=CC=CC=C2),7.79
N=3(C2(=C1(N=CC=CC1=CC=C2C(C)=CC=3C))),5.96
O=C(NC1(=C(C=CC=C1C)C))CNCC,8.06
S3(C2(=C(C=C(CN1(C=NC=C1))C=C2)C=C3C(=O)[O-])),6.77
N=1(C=3(C(C(N)=CC=1C=CC2(=CC=C(N(C)C)C=C2))=CC=CC=3)),9.7
S(=O)(C3(=CC(OC)=C(C1(=NC=2(C=NC=CC=2(N1))))C=C3))C,6.16
O=C(NN)C1(=CC(N)=CC=C1),3.16
N1(N(CCC1)C)(C),6.67
N(C1(=CC=CC=C1))C(C#C)(C)C,4.26
[O-][N+]=1(C=2(C(C=CC=1)=CC=CC=2)),0.7
O1(C(=NC=C1C2(=CC=C(C)C=C2))C3(=CC=CC=C3)),0.91
NCC1(=CC=CC=C1),9.36
ClC1(=C(OC)C(=C([O-])C(=C1)CC)C(=O)NCC2(N(CCC2)CC)),9.77
OC(C1(=CC=CC=C1))(C2(=CC=CC=C2))CC(N3(CCCCC3))C,8.62
SCCNC1(=CC=CC=C1),3.78
O=C(NC1(=C(C=CC=C1C)C))CN(CC)CC,7.72
O1(C(=CC=C1)CNC2(=NC=NC3(=C2C=NN3))),4.01
N(=NC1(=CC=CC=C1))C2(=CC=C(N)C=C2),2.82
O=C([O-])C#CCN1(CCOCC1),5.57
OCN(C1(=CC=C(C)C=C1))C,3.73
ClC1(=C(N)C=CC(=C1)SC),2.56
ClCCN(CCO)C,7.5
O=C(NCCCCN(C)C)C=N[O-],10.13
O=C(C1(=CC=CC=C1))C=C(N)CCC,-1.12
N1(C(CCCC1(C)C)(C)C)(C),11.25
O(C2(=CC(NC1(=CC=CC=C1))=CC=C2))C,0.37
N=1(C=2(C(C(NC(CCCN(CC)CC)C)=CC=1)=CC=CC=2)),9.515
NCCCC#C,10.21
OCCCCCN,10.52
NCCCCCCCCCCCCCCCC,10.61
S(C1(=CC(N)=CC=C1))C,4.05
OC=2(C1(=NC=CC=C1C=CC=2C(C=C)CC(C)(C)C)),4.94
N=1(C(=C(C)NC=1)C),8.19
OC2(=C(C(=N)C1(=CC=CC=C1))C=CC=C2),5.0
NC2(=CC=C(C1(=CC=C(N)C=C1))C=C2),4.3100000000000005
O=C(O)CC=1(N=NN(N=1)CC),3.45
N1(=C(C=C(C(C)(C)C)C=C1)C(C)(C)C),6.7
[O-]C2(=NC=1(N=CNC=1C=N2)),8.43
O2(C=C(C1(=CN=CC=C1))C=C2),4.93
O=C(NC(CCN(C)C)(C)C)C=C,9.39
ClC=1(C=NNC=1),1.24
O2(C3(NCC1(=CC=CC=C1))(C7(C5(CC6(C7(C2C4(C6(C5(C34))))))))),7.07
S1(N=C(N)C2(=C1C=CC=C2)),2.45
OC(CN(CC(O)CC)CCC)CC,9.0
O=C(C1(=CC=C(N)C=C1))C2(=CC=C(N)C=C2),2.145
[Br]C([N+](=O)[O-])(CN)C,6.15
OC=2(C1(=NC=NC=C1C=CC=2)),3.41
N=1(C=2(C(N=CC=1C)=CC=CC=2)),0.95
ClC1(=CC(=NC=C1)C2(=NC=CC(=C2)N)),7.4
N=1(NC=2(C=C(N)C=CC=2(C=1))),4.355
O=C2(N(C(=O)C(C1(=CCCCC1))(C)C(N2C)=O)CCN3(CCOCC3)),5.75
O(C3(=C(C1(=NC=2(C=NC=CC=2(N1))))C=CC(=C3)OC))C,6.49
N(N(CC)CC)(CC)CC,7.31
NC2(=C(C1(=CC=CC=C1))C=CC=C2),3.81
N1(=NC=CC=2(C1=CC=CC=2)),2.29
O(C1(=C(OC)C=CC=C1CN))C,9.41
ClC(CCl)CN(C)C,7.5
N(C1(=CC=CC=C1))C(C#C)C,3.25
OC=1(N(N=C(C=1)C)C2(=CC=CC=C2)),1.07
O3(C(N2(C1(=C(C=CC=C1)N=C2)))C(O)C(O)C(C3CO)O),4.01
OCC1(=NC(C)=C(N1)C),7.88
O(N)C,4.62
N=2(N1(C(=NC(=C1)C)C(C)=CC=2C3(=CC=CC=C3))),5.3
N(CC#C)(C)C,7.05
SC(C(N1(C(=NC=C1)CC=CCC))C(=O)[O-])(C)C,7.2
N(C1(=CC=CC=C1))(CC)CC,6.6
O=C(C1(=CC=CC=C1))CCCN3(CCC(O)(C2(=CC=CC=C2))CC3),8.4
O=[N+]([O-])C=3(C2(=C(NCCC[NH2+]C)C=1(C(=CC=CC=1)N=C2C=CC=3))),6.2
NC1(=CC(N)=CC=C1),3.75
S(C1(=CC=NC=C1))CC2(=CC=CC=C2),5.41
ClC1(=C([O-])C(=CC(=C1)Cl)CN(CC)CC),11.57
O=C(N)C1(=CN=CC=C1),3.32
O1(C(=NC=C1C2(=CC=CC=C2))C3(=CC=C(OC)C=C3)),1.25
O=C1(NC(=O)C=2(NC(=NC=2(N1))C)),3.1
[Se-]CCN,10.89
N2(=NC(C1(=CC=CC=C1))=CC(=C2N(CCCC)CCCC)C),4.88
OC(C1(=CC=CC=C1))CNC(CC2(=C(C(C)(C)CC2)C))C,8.84
OC1(=CC(=CC=C1)C(O)CNC),8.77
[O-]C2(=NC=1(N(C=NC=1C=N2)C)),9.19
OCCCCCCN,10.62
O=C([O-])C(O)C(N)C(=O)[O-],8.875
OCCCCC1(=CN=CC=C1),5.7
N(C(C=C)(C)C)C(CC)(C)C,10.8
O=C(NC)C1(=NC=CC=C1),2.4
O(CCNC1(=CC=CC=C1))C,4.05
S1(N=C(SN=C1N2(CCOCC2))C3(=CC=CC=C3)),8.33
OC=2(C1(=NC=C(C)C(=C1C=CC=2)C)),5.8
O=C([O-])C1(NCC(C1CC(=O)OC)C(O)C),9.41
S=P(C(=S)NN)(CC)CC,5.6
OC1(C(CCCC1)CN),10.18
O=C(C1(=CC=CC=C1))CC2(=NC=CN=C2),0.33
N(C(CC)(C)C)(C(C)(C)C)C,11.9
O(C1(=CC(N)=CC=C1))C,4.23
O=C(OC)C2(=C1(NC=5(C=CC=CC=5(C14(C3(N(CC(C2C3)=CC)CC4)))))),7.46
S(C1(=NC(=CC=N1)C))C,1.95
FC1(=C([N+](=O)[O-])C=CC(=C1)N),-0.3
N2(=C(C1(=NCCN1))C=CC=C2),8.98
N1(C2(=C(NCC1)C=CC=C2)),3.475
N=3(C2(=C(C=1(C(=CC=CC=1)C=C2))NC=3)),5.28
O(CCCN(C)C)C,9.36
OC(CN(CCO)CCCCCCCCCCCC)C,6.5
S(=O)(CC1(=NC=CC=C1))C,3.1
N(CC(C)C)CC(C)C,10.59
SCCNCCC1(=CC=CC=C1),9.195
OC1(=NNC(=C1C(C)C)C),3.0
FC2(=CC=C(C(O)CNC(CC1(=C(C(C)(C)CC1)C))C)C=C2),8.51
N2(=CC1(=C(CCCC1)C=C2)),6.65
S(=O)(C3(=CC(OC)=C(C1(=NC=2(N=NC=CC=2(N1))))C=C3))C,3.63
O=C(NC1(=C(C=CC=C1C)C))CNCCC,8.01
O=C(N=C1(N(C=CC=C1)C))C,7.12
OC2(C1(N(CCC1C)CC2)),10.92
NCCC(C)C,10.93
OC1(=CC=C(CCNC)C=C1),9.36
OC2(=CC1(=NC=C3(C=CC=CC3(=C1C=C2)))),4.82
O3(CCN(CCN=C2(N(N=C(C1(=CC=CC=C1))C=C2C)C))CC3),10.37
N1(=C(NC=C1CC=2(N=CNC=2))CC3(=NC=CN3)),5.783333333333332
O=[N+]([O-])C1(=CC(OC(=O)CCCCN(C)C)=CC=C1),10.07
S(=O)(=O)(N1(C(=NC3(=C1C=C(C(C2(=C(F)C=CC(=C2)F))=CC(=O)N)C=C3))N))C(C)C,3.4
O=C(C2(C1(=CC(O)=CC=C1))(CCN(C)CC2))CCC,8.62
O=C([O-])C1(N)(CCCC1),10.06
S(C(=O)CCCC=1(N=CNC=1))CCC,7.55
O=C(CN)CN,7.605
[S-]C1(=NC=NC2(=C1N=CN2C3(OC(CO)C(C3O)O))),7.63
O=[N+]([O-])C2(=CC=C(NC1(=CC=CC=C1))C=C2),-2.5
[Br]C=1(N=CN(C=1)C(=O)CC(C)(C)C),4.0
OCC1(=NC=2(C=CC=CC=2(N1C))),4.36
O=C(NC1(=CN=CC=C1))C,4.44
N(C(C)(C)C)C1(CCCCC1),11.34
S1(C(=NC=C1)C(=O)O),2.57
O=C(NCCCN(CC)C)C=N[O-],9.97
O3(CCN(CCN=C2(N(N=C(C1(=CC=CC=C1))C=C2)C))CC3),10.2
N=2(C1(=C(C=CC=C1)NC=2)),5.51
OC(CN(CCO)CC)C,8.9
O(C2(=CC=C(N=NC1(=CC=NC=C1))C=C2))C,4.53
N1(C(C)C)(CCCCC1),10.96
OC1(=C(C=CC=C1)CN(C)C),8.6
OCCC1(=NC=CC=C1),5.37
O=C([O-])C(O)CC=1(N=CNC=1),7.32
NC1(CCCCC1),10.67
O=C(N(N=C(C)C)C1(CCN(C)CC1))C,8.6
ClC=2(C=1(C(=NC=CC=1)C(O)=CC=2)),3.68
NCCCCCCCCCCCCCCCCCC,10.6
N1(=NC=CC(=C1C)C),4.1
[O-][N+]2(=CC=1(C(=CC=CC=1)C=C2)),1.01
S(C1(=CC=C(N)C=C1))C2(=CC=C(N)C=C2),4.25
N(C1(=CC=C(N)C=C1))(C)C,5.05
N1(CCCC1)(C),10.58
N1(=C(N=C(N)C=2(C1=NC(N)=CN=2))N),6.3
N(C1(=CC=CC=C1))CCCC,5.11
O=C4(NC(CC=3(NC(C=C2(N=C(CC1(NC(=O)C(C1CC)C))C(=C2CCC(=O)[O-])C))=C(C=3C)CCC(=O)[O-]))C(C4CC)C),7.6
O=C([O-])C1(=NC=C(CC)C=C1),5.86
O=C(N=C(N(C)C)N(C)C)C,7.5
S1(C(=NN)N(C)C2(=C1CCCC2)),8.2
O=C1(N(C=NC2(=C1N(C=N2)C))C),2.16
O=C([O-])C1(NCCCC1),10.63
NC(CC)C,10.56
NC1(=C(N)C=CC(=C1)N),4.895
[Br]CC1(=NC=2(C(O)=CC=C(C=2(N1C))O)),3.99
N(CCCN)C,9.665
N=1(N(C=C2(C=1C=CC=C2))C),2.13
N2(=C(NC(C)C)C1(=C(NN=C1)N=C2)),4.62
O=[N+]([O-])C1(=CC(=C([O-])C=C1)CN(CC(=O)[O-])CC(=O)[O-]),10.22
O=C(NC)C1(NCCCC1),8.8
N=1(N(C=NC=1)CC),2.39
O=C(NN)C1(=CC=C(N)C=C1),2.805
[Si](OC1(CN(CC)C1))(C)(C)C,8.68
O=C(C1(=CC=C(NN=C(C#N)C#N)C=C1))C,-0.77
O3(C(N2(C1(=NC=NC=C1N=C2)))C(O)C(O)C(C3)O),1.8
ON=C(N)C1(=CC=C(C)C=C1),5.14
S1(C(=N)N(CC)N=C1C2(=CC=CC=C2)),6.1
N=C1(C3(=C(NC2(=C1C=CC=C2))C=CC=C3)),9.99
O=C([O-])C1([NH+]=C(N)NC1C(O)CN),10.6
O=[N+]([O-])C=1(C(=CC2(=NC=CC(=C2(C=1))NCCC[NH+](C)C))C),7.38
N=1(C=2(C(C=C(C=1C)C)=CC=CC=2C)),4.41
[NH+]2(=C1(N(C=NC1=C(N)N=C2)C)),-0.59
O=[N+]([O-])C1(=CC(=C([O-])C=C1)CN2(CCOCC2)),7.92
O=C(OCC)C2(=C([O-])C=1(C(=CC=CC=1)N=C2)),9.62
O=[N+]([O-])C1(=C(NN=C(C#N)C#N)C=CC=C1),-0.76
OC=2(C1(=NC=CC=C1C=CC=2CC=C)),4.52
OC4(C(C)(C)C)(CC2(N(CC(C1(=CC=CC=C1))C3(=C2C=CC=C3))CC4)),7.03
N2(=CC=1(C(=C(N)C=CC=1)C=C2)),5.59
N(C(CC)(C)C)C(CC)(C)C,11.6
[S-]C1(=NC=NC=2(C1=CN=CN=2)),6.23
O=C([O-])C1(NCC(C1)O),9.64
ClC(CN(C)C)C,8.12
O(C3(=C(C=1(NC=2(C=CN=CC=2(C=1))))C=CC(=C3)OC))C,8.49
N2(=C(N)C1(=C(NN=C1)N=C2)),4.59
OC2(=CC1(=NC=CN=C1C=C2)),1.4
N1(=C(N)C=CC(=C1)C),7.22
OC(CN(C(C)(C)C)CC(O)C)CC,9.5
OCCNC1(=CC=CC=C1),4.09
N1(=CN(CC[NH+](CCCCCCCCCCCCCCCC)CCCCCCCCCCCCCCCC)C=C1),4.0
O=C([O-])C3(OC(OC2(=CC1(=NC=CC=C1C=C2)))C(O)C(C3O)O),5.32
OC4(CC3(C(C2(C(C1(C(C(C(CCCN)C)CC1)(C)CC2))CC3))(C)CC4)),9.7
N(=NC1(=CC=C(N(C)C)C=C1))C2(=CC(=C(CC)C=C2)CC),2.58
O=C(NC1(=CC(=CC(=C1)C)C))CN(CC)CC,8.01
N(C(C#C)(C)C)(C(C)(C)C)CC,9.6
NC3(=C(C=C(C(C1(=CC=C(N)C=C1))C2(=CC=C(N)C=C2))C=C3)C),3.7666666666666666
O(CCCN)C,9.92
N1(=C(NC2(=C1C=C3(CCCCC3(=C2))))N),7.69
N12(CC(C(CC1)CC2)C),11.29
N1(=C(N=C(N)N=C1N)NC(=N)NC2(=CC=CC=C2)),8.2
O3(C(N2(C1(=C(C=C(C)C(=C1)C)N=C2)))C(O)C(O)C(C3)O),4.6400000000000015
[Br]C1(=CN=CC=C1),2.94
O=C(OCCCN)C(=C)C,9.62
N=C(C1(=CC(=CC(=C1)C)C))C2(=CC=CC=C2),6.82
N=1(NC=2(C=CC=C(C=2(C=1))N)),3.29
ClC2(=CC=C(NC1(=CC=CC=C1))C=C2),0.0
N(=C1(CCCCC1))C,9.43
O=C([O-])C12(OC1CCNC2),9.14
N=1(NC(C)=C(C=1C)C),4.82
N2(CC1(=C(C=CC=C1)CC2)),9.48
OC2(=CC=C(NCC1(=CC=CC=C1))C=C2),5.17
OC1(C=CC=CC=C1),-7.0
O=C([O-])C3(=CC=1(C(=NC2(=CC=CC=C2(C=1)))C=C3)),5.22
N2(=C(NCC(CCCC)CC)C1(=C(NN=C1)N=C2)),4.6
OC(C1(=CC=C(N)C=C1))(C2(=CC=C(N)C=C2))C3(=CC=CC=C3),5.83
OC(CN(CCO)CCCCC)CC,9.1
N2(=CC(C1(=CN=CC=C1))=CC=C2),3.8
O=CC1(=CC=C(N)C=C1),1.74
O(C2(=C(C(=N)C1(=CC=CC=C1))C=CC=C2))C,7.29
S(C2(=NC(N)=C3(N(C1(OC(CO)C(C1O)O))C=NC3(=N2))))C,3.1
O=C(OC3(=CC1(=C(N(C)C2(C1(CCN2C)C))C=C3)))[N-]C,12.25
OC1(=C(O)C=CC(=C1)CCNC),8.84
N1(=C(N=CC=C1)N(C)C),3.96
O2(C1(=C(OC)C=CC5(=C1C34(C2C(O)C=CC3C(N(CCC#N)CC4)C5)))),5.68
OC1(C2(C(NC(C1)C)CCCC2))(CC),10.023333333333332
N(C(C)C)CCC,10.96
[Br]C2(=CC(C(=O)CCN1(CCOCC1))=CC=C2),6.8
S1(C(=NC(=C1)C)N=NC2(=C(O)C=CC(=C2)OC)),0.77
O=C(N)CCC1(=CC=NC=C1),5.58
N2(=C(C1(=CC=CC=C1))C=C(N)C=3(C2=CC=CC=3)),8.2
ClC2(=CC=C(NC1(=NC(N)=CC(=N1)C))C=C2),6.6
O=C(O)C1(=C(NN=C(C#N)C#N)C=CC=C1),-0.96
NCCC1(=CC=C(C)C=C1),9.78
N=2(C=1(C(=CC=C(C=1)C)C=CC=2)),5.25
N1(=C(C=CC=C1)C=C),4.92
S(C1(C(N(C)C)CCC1))C,8.85
O=C([O-])C1(NCC(C1CC(=O)[O-])C(=CC=CC(C(=O)[O-])C)C),9.82
SC(CN)(C)C,8.48
NCCCCCC,10.68
N1(=C(C=CC=C1)CC),5.98
O3(CCN(CCN2(N=C(C1(=CC=CC=C1))C=C(C2=N)C))CC3),9.7
S(=O)(=O)(NCCC(=N)NC)C1(=CC=C(C)C=C1),10.02
O=C(OC)C1(=CC=C(N(C)C)C=C1),2.61
O=C(OCC)CC(N(C)C)C1(=CC=CC=C1),7.66
O=C(OCC)CCN(C)C,8.6
N=3(C=2(C(=C1(C(N=CC=C1)=CC=2))C=CC=3)),3.2
O=C(C1(=CC=C(O)C=C1))CNCC,7.77
N=3(C2(=C1(N=CC=CC1=CC=C2C(C)=C(C=3)C))),5.62
N(CC1(=CC=CC=C1))CCC,9.62
NCC(C)(C)C,10.17
N=C1(C=CN(C)C=C1),12.5
O=C(OC1(CC2(N(C)C(C1)CC2)))C(C3(=CC=CC=C3))CO,9.66
N(CC1(=CC=CC=C1))(C)C,8.97
O(C(=N)C)CC,7.15
OC2(=CC=1(C(=NC=NC=1)C=C2)),3.12
O(C1(=CC=CC=C1))CCNN,6.8
[Br]C1(=C(NN=C(C#N)C#N)C=CC=C1),-0.8
O=CC(N(CC)CC)(C)C,8.3
S(=O)(=O)(NC=1(SC(C)=NN=1))C2(=CC=C(N)C=C2),2.19
[S-]C2(=[N+](C=1(C(=CC=CC=1)C(=N2)[O-]))C),9.23
S(C(=N)C1(=CC=CC=C1))CC2(=CC=CC=C2),4.43
OC(CN(CCO)CC)CC,9.1
O=C(NC1(=C(C=CC=C1)C))CN(CC)CC,7.95
N1(=C(C=C(N)C=C1C=CC2(=CC=CC=C2))C=CC3(=CC=CC=C3)),8.6
O=C(OC)C2(=NC=1(C(=CC=CC=1)C=C2)),1.75
N#CCCN,7.75
ClC3(=CC2(=NC=1(C(=CC(OC)=CC=1)C(=C2C=C3)NC(CN(CC)CC)C))),8.4
N=C1(CCCC1),8.95
O=C(OCC)CC(N)C1(=CC=CC=C1),8.32
N(C1(=CC=CC=C1))C(C)(C)C,7.15
[Br]CCCN,8.93
N=C(NC)N,13.4
ClC=1(C(=NNC=1C)C),2.23
N#CCN(CC)CC,4.18
N4(C=3(C2(=C(N1(CCCC1))C=CC=C2C=CC=3)))(CCCC4),9.97
O(CC1(=NC(=CC=C1)COC))C,3.43
O=C([O-])CNCC,10.16
NCC,10.84
O2(C1(=C(OC)C=CC5(=C1C34(C2CCCC3C(N(C)CC4)C5O)))),8.56
O=C(O)C1(=C[N+]([O-])=CC=C1),0.41
S=C(N([NH3+])C)N,1.2
O=C(NCCCN(CC=C)CC=C)C=N[O-],9.34
OC1(=CC=C(CCN)C=C1),9.92
N(NC)(CC)C,6.85
N1(=NC(=CC=C1C)C),3.99
ClC1(=CC([N+](=O)[O-])=C(N)C=C1),-0.88
O=C(N2(C1(=C(C=CC=C1)N=C2)))C(C)(C)C,2.0
N1(=NN(C)C(=N1)N),1.82
[Br]C1(=C(N)C([Br])=CC(=C1)C),0.69
O=C(OC(CN(C)C)C)CCC,8.27
S(=O)=C(N)C1(=CC=CC=C1),0.8
O=C(OCC)CCCN,9.71
S(C2(=CC=1(C(=NC=CC=1)C=C2)))C,4.75
SC(C(N1(C(=NC(=C1)C(=O)[O-])CC=CCC))C(=O)[O-])(C)C,6.4
S(=O)(=O)(N)C1(=C(C(=O)O)C=CC=C1),3.14
O(C1(=NC=NC=2(C1=CC=CC=2)))C,3.13
[O-]C1(=[N+](C=CC=N1)C),2.5
O(C1(=C(O)C=CC(=C1)C=NC3(=NC=2(NC=NC=2C=N3))))C,2.79
OC(C4(C3(C(C2(C(C1(C(CC(N)CC1)CC2)(C))CC3))CC4)(C)))C,9.28
NCC1(=CC(=CC=C1)C),9.37
NC1(=CC=C(C)C=C1),5.04
O(CCC1(=NC(C)=CN1))C,8.13
O(C2(=C(C(=N)C1(=CC=CC=C1))C=CC(=C2)OC))C,8.3
N=1(C=2(C(C(C)=NC=1)=CC=CC=2)),2.52
N25(C4(C=1(N(C=3(C=CC=CC=3(C=1CC2)))CCC4(CCC5)CC))),6.9
O=[N+]([O-])C1(=CC(N)=CC=C1),2.6
N2(=C1(N=C(N)NC1=CN=C2)),4.68
OC=1(C=NC2(=CC=CC=C2(C=1))),4.3
N=1(NC=2(C=CC(=CC=2(C=1C))N)),5.25
N(C(CC)(C)C)(C(C)C)C,11.2
O=C([O-])C(N)(C1(=CC=CC=C1))C,9.0
[O-]C1(=CN=NC=C1),8.68
OC1(C(N)CCCC1),9.535
O=[N+]([O-])C1(=CC=C(NC(=O)CN)C=C1),8.5
OC(CO)CNC,9.55
N(C(C#C)(C(C)C)C)(C(C)C)C,8.7
N3(=C(NCC1(=CC=CC=C1))C2(=C(N(C)N=C2)N=C3)),3.66
N=1(C=3(C(C=C2(C=1C=CC=C2))=CC=C(C=3)N)),8.04
N=2(C1(=C(C=CC=C1)N3(C=2C[NH+](C)CC3))),2.55
NCC1(CCCCC1),10.52
N(C1(=CC(=CC=C1)C))=CN(C)C,9.11
N(CC1(C(N)C2(CCC1C2(C)(C))(C)))(C)C,8.344999999999999
O=C(N1(C=NC=C1))C,3.6
O=C(N2(C1(=C(N=CN=C1C)NCC2)))C,5.26
S(C1(=NC=2(C=NC=NC=2(N1C))))C,2.98
O=[N+]([O-])C=2(C1(=NC=CC(=C1C=CC=2)NCCC[NH+](C)C)),6.91
N=1(C(N)=CC2(=CC=CC=C2(C=1))),5.05
N12(C(CCC1)CCC2),11.74
O=C(N(N)C1(CCN(C)CC1))C,8.7
O=C(C(C1(=CC=CC=C1))(C2(=CC=CC=C2))CCN3(CCCCC3))CC,8.86
N=2(C=1(C(=CC(C)=CC=1)C=CC=2)),5.1
N=1(N(C(C)=C(C=1)C)C),3.58
ClC1(=CC([N+](=O)[O-])=C(CN)C=C1),8.34
S2(C1(=C(C=CC=C1)N=C2)),1.38
O=C([O-])CCC#CC#CCCCCN,10.53
O(C1(=C(N)C=C(OC)C=C1))C,3.72
N(CC(C1(=CC=CC=C1))C)C,9.87
OCCNC2(CCN(CC1(=CC=CC=C1))CC2),7.955
O=C([O-])CCCN,10.48
N1(CCCCCCNCCCCCC1),9.6
O=C(O)C1(=C(ON=C1C)C2(=CC=CC=C2)),1.7
OC(CN(CC(O)CC)CCCCC)CC,9.2
N1(=C(C=CC=C1C)C),6.85
O=C(NCC1(=CC=CC=C1))CN(CC)CC,8.07
OC1(C(N)CCCC1)(C),9.49
O=C(NCCCN(C)C)C(=C)C,9.25
OC=1(NN=C(C=1)C(C)(C)C),2.9
O=C(CCN1(CCOCC1))C,6.66
O=C(OCC)C1(=CN=CC=C1),3.2
OC1(=C(C(=CC(=C1)O)C)C(=N)C2(=CC=CC=C2)),6.75
ClC1(=CN=CC(=C1)Cl),0.55
S1(C=NC(=C1)C),3.14
N(C(C)C)(C(C)C)C(C)C,11.86
O(C1(=C(C(OC)=CC=C1)C2(=NC=3(N=CC=CC=3(N2)))))C,4.85
N#CC1(=NC=CC=C1),-0.26
OB(O)C1(=CC(N)=CC=C1),4.46
O=[N+]([O-])C2(=CC=C(N1(N=NN=C1))C=C2),-3.92
O=C(NC2(CC3(N(CC1(=CC=CC=C1))C(C2)CC3)))C4(=C(OC)C=CC(=C4)C=O),8.74
NC1(=C(C(=CC(=C1C)C)C)C),4.3
NCC(C)C,10.36
O=C(OC(CN(CC)CC)(CC=C)C)CC(C)C,8.1
O=C(OC)C(N)CC=1(N=CNC=1),6.367499999999999
N(C1(=C(C=CC=C1)C))(CC)CC,7.18
N1(N(CCCCC1)C)(C),6.66
NC1(C(CCCC1)C),10.61
O=C(NC1(=CN=CC=C1))C2(=CC=CC=C2),3.8
O=C(OCC1(C2(CCN(C1)CC2)))C,10.29
O(C2(=CC=1(N=C(CC(C)C)NC=1C=C2)))CC,6.07
N1(=C(C=CC(=C1)C)C),6.4
OC2(=CC=1(NC=3(C(=NC=CC=3(C=1C=C2))C))),7.39
O(CCNC1(=CC(=CC=C1)C))CC,4.24
O(CCN(C1(=CC=CC=C1))C)CC,4.8
OC(CN(CC(O)C)CCCCCCCCCCCCCC)CC,6.1
S2(C1(=C(C(O)=CC=C1)N=C2)),1.25
OCCCCN,10.35
O1(NC(C=2(C=CC=CC=2(C1)))C),3.7
O(C1(=CN=NC=C1))C,3.7
N=1(C=2(C(C=CC=1C)=CC=C(C=2)C)),5.01
O=C1(N=C(N(C)C2(=C1NC=N2))N),4.61
O(C1(=CC=C(N(CO)C)C=C1))C,4.59
N(C1(=CC=CC=C1))CCCCCC,5.21
OC1(=C(C=CC=C1)CN(C(C)C)C(C)C),7.55
[O-]C2(=CC1(=C(NC=C1CCN(C)C)C=C2)),11.2
N#CC1(C2(CCN(C1)CC2)),7.85
O=C(C(CC)C)CCN1(CCOCC1),7.07
O=C2(CC1(=C(C=CC=C1)CC2)),12.83
[O-]C1(=[N+](C=CC(=N1)N(C)C)C),4.2
N1(=NC=CC(=C1C)CC),4.03
N12(N(CCC1)CCC2),7.95
O=C(C(C1(=CC=CC=C1))(C2(=CC=CC=C2))CC(N3(CCCCC3))C)CC,8.58
O(C2(=NC=1(C(=CC=CC=1)N=C2)))C,0.28
N1(=CN(CCC[NH+](CCCCCCCCCCCCCCCC)CCCCCCCCCCCCCCCC)C=C1),4.4
O=C(N)CC1(=CN=CC=C1),4.72
O=C(C1(=CN=CC=C1))C,3.32
N#CC(C1(=CC=CC=C1))(C2(=CC=CC=C2))C(CN(C)C)C,7.9
O=C(C1(=CC(OC)=CC=C1))CCN2(CCOCC2),7.1
S(C2(=NC=1(C(=CC=CC=1)N=C2)))C,0.26
S1(C3(=C(NC2(=C1C=C(N(C)C)C=C2))C=C(C)C(=C3)N)),5.1099999999999985
N1(=CN(C)C(=C1)C2(=CC=C(N=CNC(C)C)C=C2)),7.67
O(CC1(=NC(C)=CN1))C,7.03
O=C(OC)C1(=NC=CC=N1),-0.68
N1(=CC(=CC=C1)C(C)(C)C),5.82
N#CCCNC(C)C,8.0
ON(CC1(=CC=CC=C1))C,4.6
N=1(C=3(C(C2(=CC(N)=CC=C2(C=1)))=CC=CC=3)),6.88
O(C3(=C(C=1(NC=2(C=NC=CC=2(C=1))))C=CC(=C3)OC))C,8.29
N(CCCCCCCCCCCCCCCCCC)CCCCCCCCCCCCCCCCCC,11.0
O=C1(C(O)CCCN(CCC1)C(C)(C)C),7.6
FC(F)(F)C=2(C=1(C(=NC=CC=1)C=CC=2)),3.09
S(C1(=NC=NC(=C1)C))C,3.25
OCCC1(=CC=NC=C1),5.68
N=1(C=2(C(C(NCCCCN(CC)CC)=CC=1)=CC=CC=2)),9.595
OC2(C1(N(CCC1CO)CC2)),10.24
O(C=1(C=2(C(C=CC=1)=CC=CC=2)))CC(O)CNC(C)C,9.46
O(CCO)CCN,9.43
OC(CN(CC(O)C)CCCCCCCCCCCCCCCCCC)C,9.4
N2(=C1(NC=CC1=CC=C2)),4.48
O=C(C(C1(=CC=CC=C1))(C2(=CC=CC=C2))CC(N3(CCOCC3))C)CC,6.8100000000000005
O=C(OCCN(C(C)C)C(C)C)C(=C)C,8.77
N=3(C2(=C1(N=CC=C(C1=C(C)C=C2C(C)=C(C=3)C)C))),6.45
S1(C(NCC1)C2(=CC=CC=C2)),5.2
N24(C(C1(=C(C=CC=C1)C(C2)C3(=CC=CC=C3)))CCC4),9.12
O=C(C1(=CC=CC=C1))C=C2(NC=CC=C2),6.08
ClC1(=NC=CC=C1),0.72
O=C(NOCCC(N)C(=O)[O-])N,8.9
O=C([O-])CN(C)C,9.81
OC1(=C(C=C(C(C)(C)C)C=C1)CN(C)C),8.55
IC2(=C(O)C1(=NC=CC=C1C(=C2)I)),2.7
ClC1(=CC=C(NN=C(C#N)C#N)C=C1),-0.79
ClC1(=CC(N)=C(N)C=C1),4.3
S1(CNC(C1)C(=O)[O-]),6.1850000000000005
S=C(N)N,-0.96
N1(=NC(=CC(=C1C)C)C),4.81
N1(NC2(CCC1C2))(C(C)(C)C),9.12
OC(N)C(=C)C,8.0
N(CC1(=CC=CC=C1))C,9.64
O(CCN(C)C)CCCCCCCC,8.87
O=C([O-])C(N)C(CC)C,9.695
O=C([O-])CCCCCCCC1(=NC(=CC=C1)C),7.0
OCNC1(=NC(=NC(=N1)N)NCO),4.65
NC(C)(C)C,10.73
NCCCCCCCCCCC,10.63
N(CC1(=CC=C(C)C=C1))CCCCC,10.08
OC3(=CC=2(C(=C1(C(C=CC=C1)=NC=2))C=C3)),4.39
S(C(=N)C1(=CC=CC=C1))C(C)C,8.04
O=C4(C1(OC=5(C(O)=CC=C3(C=5(C12(C(C(N(C)CC2)C3)CC4)))))),7.97
N1(=CC=C(C(C)C)C=C1),6.02
N=5(C3(=C1(N=CC=CC1=C(C2(=CC=CC=C2))C=C3C(C4(=CC=CC=C4))=CC=5))),4.69
O=C([O-])CNCC(C)C,10.12
N#CC1(=CC=NC=C1),1.91
[S-]CCNC,10.81
P(=O)(NC1(CCCCC1))(CCCCCCC)CCCCCCC,4.87
[S-]C1(=NC(NC)=CC=N1),11.1
ClC1(=C([O-])C(=C(OC)C=C1)C(=O)NCC2(N(CCC2)CC)),9.54
[O-]C1(=NC=CC=N1),9.17
O=C([O-])CCN(C)C,9.85
O=[N+]([O-])C1(=C(C=CC(=C1)N)C),3.0
O=C(OCCC)C1(=CC=C(N)C=C1),2.49
OC(CN(CC(O)C)CCCCCC)CC,8.9
O(C2(=NC=1(C(=CC=CC=1)N=C2C)))C,1.38
N3(=C(NC1(=CC=CC=C1))C2(=C(NN=C2)N=C3)),3.92
N=1(N(C(C)=CC=1C)C),3.96
OC=1(C=2(C(C=NC=1)=CC=CC=2)),4.8
[O-]C2(=NC=1(C(=CC=CC=1)N=C2C)),9.88
OC1(=CC=C(CCC(N)C)C=C1),9.14
O=[N+]([O-])C1(=CC=C(OC(=O)CCN)C=C1),9.17
O=CNN,2.81
NCC(CN)(C)C,9.09
FC1(=CC(=C([O-])C=C1)CN2(CCCCC2)),11.31
N2(=NN(C1(=CC(=CC=C1)C))C(=N2)N),1.08
OC(C1(=CC=CC=C1))C(NC(C)C)C2(=CC=CC=C2),11.79
N(C(C#C)(C)C)(C(C)C)C,8.7
O=C4(C2(C3(C1(N(CCCC1C(C2)O)CCC3)(CC4C)))),9.13
ClC1(=C([O-])C(=C(Cl)C=C1Cl)CN2(CCOCC2)),8.23
N1(CCCC1)(CC2(=CC=CC=C2)),9.51
O2(C(CN(CC1(OC1))CCCC)C2),6.91
[Br]C1(=CC(C(SCC)=O)=CC=C1),-5.53
OCC1(=CC=NC=C1),5.41
N2(C1(=C(C=C(C)C=C1)C=C2))(C),-2.15
O=C([O-])CCNCCCC,10.6
N(C2(=CC=1(C(=CC=CC=1)C=C2)))(C)C,4.57
O(C1(=NN=CC=C1))C,2.52
O=C([O-])CCCCCCCN,10.97
O=C1(C=CC=CC=C1),-0.82
OC(C1(=NC=2(C=CC=CC=2(N1))))C(O)C(O)C(O)CO,5.28
O=[N+]([O-])C2(=CC1(=NC=CC(=C1C=C2)NCCC[NH+](C)C)),6.77
OC=1(N(N=C(C=1CC)C)C),3.5
O=C([O-])C=1(C=NC2(=CC=CC=C2(C=1))),4.68
OC1(=C(C(=CC=C1)C)CN(CC)CC),8.65
N1(C(CC(C)CC1)(C)C)(C),10.24
O=C(C1(=CC=CC=C1))CCNCCC(=O)C2(=CC=CC=C2),8.69
S1(C(=NC=C1SC2(=CC=CC=C2))N),4.16
OCCN(C1(=CC=CC=C1))C,4.89
S(=O)(C(C)(C)C)C,-1.71
[S-]C1(=NC=NC=2(C1=NC=C(C)N=2)),7.02
[S-]C2(=NC1(=NC=CN=C1C=N2)),6.52
O=[N+]([O-])C=2(C=1(C(=NC=CC=1NCCCO)C=CC=2)),7.06
N1(=C(N)C(N)=CC=C1),6.84
NCCCN,9.66
O(C2(=CC=C(NC1(=CC=CC=C1))C=C2))C,1.38
O(C1(=C(OC)C=CC(=C1)CCN))C,9.87
N(C1(=CC=C(C)C=C1))(CC)CC,7.18
O=[N+]([O-])C=3(C=2(C(=NC(C1(=CC=CC=C1))=CC=2NCCC[NH+](C)C)C(C)=CC=3)),5.43
[SH2+]C2(=CC=1(C(=NC=CC=1)C=C2)),3.95
N1(CCCC1),11.3
N(C(C)C)(CCC1(=CC=CC=C1))CCC2(=CC=CC=C2),10.02
FC1(=C(N)C=CN=C1),4.77
O=[N+]([O-])C3(=CC1(=C(NC2(=C1C=CN=C2C))C=C3)),6.24
O=C(O)C(O)C(N)C(=O)N,7.17
OC(CN(CC(O)C)CCCCCCCCCC)C,7.6
S1(CN(C)C(C1)C(=O)[O-]),6.6
[O-]C1(=NC=CC=2(C1=NC=CC=2)),12.01
O=C(N(CC)CC)CNCC,8.78
OC=2(C1(=NC=C(C)C=C1C=CC=2)),4.93
O=C([O-])C(N)CC,9.67
[Br]CCN,8.5
N2(=C1(N=CNC1=CN=C2)),2.45
[Br]C1(=CC(=C([O-])C=C1)CN(C)C),10.71
N4(=C2(N(C1(=NCCN1C=3(N2CCN=3)))CC4)),5.8
N1(=C(N=C2(NN=CC2(=C1NC)))NC),6.08
N(C(C=C)(C)C)C(C=C)(C)C,10.1
N1(=C(N=C(N)N=C1N(CC)CC)N(CC)CC),6.28
N(C1(=CC=CC=C1))C2(=CC=CC=C2),0.76
NC(C1(=CC=CC=C1))(C)C,10.38
O=C4(N(C2(CC3(N(CC1(=CC=CC=C1))C(C2)CC3)))CC5(=C4C=CC=C5)),8.71
[O-]C1(=NC=NC2(=C1N(C=N2)C)),8.8
N=3(C2(=C1(N=CC=CC1=C4(CCCCC4(=C2C=CC=3))))),5.3
S(C(=O)C1(=CC=C(OC)C=C1))CC,-3.77
OC1(=C(N)C=CC=C1),4.55
O=C(N1(C=NC=C1))CC(C)(C)C,3.8
O(C1(=CC=NC=C1))C,6.65
O(C3(=CC=C(C=NC2(=NC=1(NC=NC=1C=N2)))C=C3))C,3.86
O(C2(=CC=1(N=C(C)NC=1C=C2)))CC,6.22
O=C(NC1(=C(C=CC=C1C)C))C2(N(CCCC2)CCCC),7.27
O(C=2(C1(=NC=CC=C1C=CC=2)))C,4.88
NC3(=CC=2(C1(=C(C=CC=C1)CC=2C=C3))),4.68
OC1(C(N)CC(C)CC1),9.5
N12(C(CC(C1)CC2)C),10.62
O=C([O-])C(NCC)C,10.22
OC(CN(CC(O)CC)CCCCCCCC)CC,7.5
N1(=C(C(=CC=C1)C)C),6.57
O(C1(=NC(=NC(=C1)C)NN))C,6.2
O1(N=CC=C1),1.31
O3(CCN(CCNC2(=[N+](N=C(C1(=CC=CC=C1))C=C2)C))CC3),5.31
N1(C=CC=C1),0.4
O1(C(O)C=2(C(O)=C(C)N=CC=2(C1))),4.3
S(C1(=CN=CC=C1))C,4.45
OC(CO)CN(CC)CC,9.77
S(=O)(C3(=CC(OC)=C(C=1(N=C2(C(=NC=CN2(C=1))NC)))C=C3))C,5.36
OCCCNC1(=CC=CC=C1),4.53
N=1(C(C(C)=CC=1C)=CC=2(NC(C)=CC=2C)),8.4
FCCN3(C1(C(C(C=2(C=C(O)C=CC=2(C1)))(C)CC3)C)),8.35
O=C(C1(=CC=CC=C1))CCN2(CCOCC2),6.5
N(CCCNC)C,9.69
O(CCNC1(=CC=CC=C1))CC,4.04
S1(C(=NC=C1C(=O)OCC)N(C)C),2.77
S(=O)(=O)([O-])CCCN1(CCOCC1),7.17
N1(=C(NC=C1)CC),8.05
O=C2(C1(=C([O-])N=CN=C1C(=O)C3(=C2N=C(COC)N3C))),6.17
O(C1(=NC([O-])=NC=C1))CC,10.7
S(C1(=NC(N)=NN1))C,3.27
S(=O)(=O)(N)C1(=C(N)C=CC=C1),1.0
S(C#N)C(CSC#N)CN(C)C,6.1
N1(C(NCCC1)C),8.14
O=C(NC3(=CC2(=NC=1(C(=CC=CC=1)C=C2C=C3))))C,5.6
OC3(=C1(C(C=2(C=CC(=CC=2(C1))N))=CC=C3)),4.63
OC1(=C(N)C=CC(=C1)O),5.7
N(C1(=CC=CC=C1))(CCC)CC,6.39
S(C1(=CC([N+](=O)[O-])=C(N)C=C1))C,-0.28
O=C(N(C1(=CN=CC=C1))C)C,3.52
S(C1(=NC=CC=C1))C,3.62
S(=O)(=O)(N)C1(=CC(=CC=C1)CN),8.55
O=C(OCCN(CC)CC)C2(=CC=1(C(=CC=CC=1)C=C2)),7.52
N#CC1(=CN(CCC1)C),2.7
OC=2(C=1(C(=CC=NC=1)C=CC=2)),5.66
OC(C1(=CC=CC=C1))CNC,9.31
O=[N+]([O-])C2(=CC=1(C(=CC(N)=CC=1)C=C2)),2.9
ClC3(=CC2(=NC=1(C(=CC=C(C=1)N)C=C2C=C3))),7.26
O=C(C(C)(C)C)CCN(C)C,9.49
O1(C(=CC=C1)C2(C3(CCN(C2)CC3))),10.03
N(C1(=CC=C(C)C=C1))CC,5.72
O2(CCN(CC(O)CN1(CCOCC1))CC2),5.99
O(C2(=NC=1(C(=CC=CC=1)C=N2)))C,1.31
N=1(N(C=NC=1)CCC),2.36
ON=C(NO)C,4.95
OCCCC1(=CC=NC=C1),5.9
OCC(N)C,9.43
[O-][N+]3(=C(NCC1(=CC=CC=C1))C=2(N=CNC=2N=C3)),2.66
O(C=1(C=2(C(N=NC=1)=CC=CC=2)))C,3.21
N1(=CC=C(C)C=C1),6.15
O=[N+]([O-])C=2(C1(=NC=C(C(=O)OCC)C(=C1C=CC=2)[O-])),8.9
N=1(C=2(C(C(NCCN(CC)CC)=CC=1)=CC=CC=2)),8.475
O=C(OCCNC)C(=C)C,8.96
ClC1(=C(NN=C(C#N)C#N)C=CC=C1),-0.77
O(CC1(=C(C=CC=C1)CN(C)C))C,9.19
O=C([O-])CCCCCCCCN,11.02
ON=C(C(=NO)C)CN(C)C,8.4
O=C2(N(C1(=C(C=CC=C1)N=C2C))C),0.51
[O-]C=1(N(N=C(C=1)C)C2(CCN(C)CC2)),9.0
S(=O)(=O)(N)C=2(C=1(C(=C(N(C)C)C=CC=1)C=CC=2)),3.8
S(=O)(=O)(NC1(=NC(=CC=N1)C))C2(=CC=C(N)C=C2),2.08
S(CCN(C)C)CCN(C)C,8.55
ClC3(=CC2(=NC=1(C(=CC(OC)=CC=1)C(=C2C=C3)NC(CCCC[NH+](CC)CC)C))),7.74
N1(=CC(N)=C(N)C=C1),9.06
OC(CN(CCO)CCC)CC,9.0
S2(C1(=NC=NC(=C1N=C2)N)),2.77
O4(CCN(C=3(C2(=C(N1(CCOCC1))C(OCC)=CC=C2C=CC=3OCC)))CC4),12.5
S(=O)(=O)(NC=1(SC=CN=1))C2(=CC=C(N)C=C2),2.35
N1(=NC(=C(C)C2(=C1CCCC2))C),5.41
O=[N+]([O-])C=2(C=1(C(=CN=CC=1)C=CC=2)),3.46
O=C(C1(=NC=CC=C1))C,-0.46
O=[N+]([O-])C1(=C([N+](=O)[O-])C=C2(C=NNC2(=C1))),-0.73
[S-]C1(=[N+](C(=CC(=N1)C)C)C),3.15
O=[N+]([O-])C=2(C=1(C(=NC=CC=1NCCC[NH+](C)C)C(C)=CC=2)),6.84
N1(=C(C=CC(=C1)C2([NH+](CCC2)C))CCC),3.65
ClC1(=CC=C(N)C=C1),3.96
N(N)CCCCC,6.25
[O-]C2(=C(C1(=NCCN1))C=CC=C2),12.58
N=2(C1(=C(N)C=CC=C1NC=2C)),8.1
O=C(OCC)N1(CCN(C)CC1),7.31
[O-]C1(=[NH+]C=CC(=N1)NCC),4.58
N#CCCCCN(CC)CC,10.08
O=C1(N(C=2(C=CC=CC=2(N1C)))CC),-3.7
O(C1(=C(O)C(=CC=C1)CN))C,8.7
OC(CN(CC(O)C)CCCCC)CC,9.1
N2(=C(C1(=NC=CC(=C1)N))C=C(N)C=C2),8.8
O=C1(N=CN(C)C=C1C2(=CC=CC=C2)),1.99
[Se-]C(CN)(C)C,10.95
OC=1(C=2(C(C([O-])=CC=1)=CC=CC=2)),11.02
P(=O)(C1(=CC=CC=C1))(CC2(=CC=CC=C2))C,-1.82
N#CC=1(C=2(C(C(N)=CC=1)=CC=CC=2)),1.2
O=C(NC1(=C(C=CC=C1C)C))CCN(CC)CC,8.96
N1(=C(C=CC(=C1)C2([NH+](CCC2)C))C),3.78
O=C([O-])C(NC(=O)C([NH3+])CC=1(N=CNC=1))CC=2(N=CNC=2),6.7333333333333325
S(C2(=CC=C(NC1(=NC(=NC(N1)CCC)N))C=C2))C,10.6
O(C2(=CC1(=C(C=CN(C1O)C)C=C2)))C,2.15
N(C1(=CC=CC=C1))=CC2(=CC=CC=C2),4.55
[O-]C1(=NC=CC=2(C1=NC=CN=2)),11.05
N(C)(C)C,9.96
N=3(C2(=C1(N=CC=C(C1=CC=C2C(CC)=CC=3)CC))),5.6
O=C(N)CCCCC1(=CC=NC=C1),5.92
ClC2(=CC=C(C1(SCCN1))C=C2),5.01
O3(C(N2(C1(=NC=NC(=C1N=C2)N)))C(O)C(C3CO)O),3.53
O=[N+]([O-])C=3(C2(=C(NCCC)C=1(C(=CC=CC=1)N=C2C=CC=3))),7.2
S1(C(=NC(=C1)C2(=CC(N=CNC)=CC=C2))N=C(N)N),7.289999999999999
O=C(O)C=1(OC=CC=1),-0.53
O=C([O-])CCCCN,10.78
OCCNCCCN,9.235
N1(=CC=C(N)C=C1),9.16
ClC2(=NC(C1(=NC=CC=C1))=CC=C2),3.7
N2(C1(=C(C=CC=C1)C(=C2)CCN)),10.2
NCCCCC#C,10.5
O=C(N[NH+]=CC1(=CC=CC=C1))C2(=CC=NC=C2),1.82
O=C([O-])CCCCCCCCCN,11.01
O=[N+]([O-])C=2(C=1(C(=NC=CC=1NCC[NH+](C)C)C=CC=2)),5.77
O=C(NCC1(N(CCC1)CC))C2(=C(OC)C(=CC(=C2[O-])CC)CC),9.54
N3(=C(NCC1(=CC=CC=C1))C2(=C(NN=C2)N=C3)),4.16
O4(C(C1(=NC=CC2(=C1NC=3(C=CC=CC2=3))))=CC=C4CO),5.7
N1(=CN(CCCCC)C=C1),7.12
[S-]CCN(C)C,10.78
O=C4(C1(OC=5(C(OC)=CC=C3(C=5(C12(C(C(N(C)CC2)C3)CC4)))))),7.67
[S-]C=1(C=2(C(N=CC=1)=CC=CC=2)),8.83
[Si]1(O[Si](CN(C1)C(C)C)(C)C)(C)(C),10.0
NC12(CC(CC1)CC2),10.19
N1(=NC(=C(C)N=C1N)C),3.71
P(=O)([O-])([O-])C=1(N=C2(C(O)C(O)C(C(N2(C=1))CO)O)),7.69
O=C(OCC)CCN,9.13
O=[N+]([O-])C=2(C=1(C(=C[N+](CCN)=CC=1)C=CC=2)),6.65
O=C(NN)C1(=NC=CC=C1),2.86
O=C(C(C1(=CC=CC=C1))CN2(CCOCC2))CC3(=CC=CC=C3),6.17
NCCCC1(=CC=CC=C1),10.27
OC(CN(C(C)(C)C)CCO)C,9.2
OC1(=C(C=C(C)C=C1)CN(CC)CC),8.94
O=C([O-])C1(NCC(C1CC(=O)[O-])C(=C)C),10.21
[Br]C=1(SC(N)=NC=1),3.61
O=C([O-])CN(CC1(=C([O-])C=CC=C1))CC(=O)[O-],11.79
N=1(C=3(C(C(N)=C2(C=1C=CC=C2))=C(N)C=CC=3)),11.0
N(C1(=CC=CC=C1))CCCCCCC,5.09
ON=C(N)CC(=NO)N,4.77
OC=2(C1(=NC=NC(=C1C=CC=2)C)),2.9
N(C1(=CC=CC=C1))(C(CC)C)C,6.03
[O-]C2(=NC=1(C(=CC=CC=1)N=C2)),9.1
S(C=1(C=NC2(=CC=CC=C2(C=1))))C,3.88
O=C(OCC1(N2(CCC(C1)CC2)))C,9.88
OC(CN(CC(O)C)CCCCCC)C,8.5
O=C(NCCN(CC)CC)C(=C)C,9.37
N=3(C2(=C1(N=CC=CC1=CC=C2C=C(C=3)CC))),4.98
S(=O)(=O)(NC1(=NC=NC=C1))C2(=CC=C(N)C=C2),1.3
NC1(=C(C=CC=C1)C(C)(C)C),3.78
N(NC)(C)C,6.64
O1(CCN(CC#C)CC1),5.54
O=C2(CC1(=C(C=CC(=C1)C)CC2)),12.94
OCC1(C=CC(C1)N3(C2(=NC(=NC(=C2N=C3)[O-])N))),9.68
OC(C1(=CC=CC=C1))CN,8.94
O(C2(=NC=1(N=CNC=1C=N2)))C,2.44
N=2(C=1(C(=CC(C)=CC=1)C=CC=2C)),5.85
N=2(C1(=NC=CN=C1C(C)=NC=2)),2.92
N#CC(C1(=CC=CC=C1))(C2(=CC=CC=C2))CCN(C)C,8.31
O=C(OCC)C(N)CC(C)C,7.63
N(N)CCCC,7.82
S1(C(=NC(=C1)C2(=NC(=NC=C2)N))N),3.3
OC1(=C(O)C(=CC=C1O)CN(C)C),8.26
OC2(=CC1(=C3(C(=NC=C1C=C2)C=CC=C3))),5.35
[O-]C=1(N(N=C(C=1CC2(=CC=CC=C2))C3(=CC=CC=C3))C4(CCN(C)CC4)),9.13
O(C1(C=CC3(=CCN2(C3(C1)(C(=C(CO)CC2)CCO)))))C,7.8
O=C(N(C1(=CN=CC=C1))C)C2(=CC=CC=C2),3.66
S(C2(=NC=1(N=CNC=1C=N2)))C,1.91
O=C(OCCNCC(C)C)C(=C)C,8.91
OC(CN(CCO)C)C,8.69
S(C=2(C=1(C(=NC=CC=1)C=CC=2)))C,4.5
O=C([O-])C=1(C=3(C(N=C2(C=1C=CC=C2))=CC=CC=3)),5.0
NCCCCCCCCCCCCN,10.79
O=C(C(C1(=CC=CC=C1))(C2(=CC=CC=C2))CCN(C)C)CC,9.23
N=C(C1(=CC=CC=C1))C2(=CC=CC=C2),6.82
O=C1(NC=2(C=C(N)C=CC=2(N1))),5.0
N1(CCCCC1)(CCC),10.45
ONC1(=NC=NC2(=C1NC=N2)),3.8
O(N)CC1(=CC=C(C)C=C1),4.4
OC(CN(CC(O)C)CCCCCCCC)C,8.3
N(C(C)C)C(C)C,11.04
N(C2(=CC=1(C(=CC=CC=1)C=C2)))CCNC4(=CC=3(C(=CC=CC=3)C=C4)),2.75
OC2(=CC1(=NN=CC=C1C=C2)),3.31
N2(CC=1(NC=3(C=CC=CC=3(C=1CC2)))),8.4
S(=O)(=O)(NC1(=NC=CN=C1))C2(=CC=C(N)C=C2),1.77
O2(C1(=C(C=CC=C1)C=C2C3(O)(C4(CCN(C3)CC4)))),8.84
NC1(=CC(=CC=C1)C),4.7
O4(CCN(CC=1(C=3(C(C(C)=C2(C=1C=CC=C2))=CC=CC=3)))CC4),6.6
N(C=1(C=2(C(C=CC=1)=CC=CC=2)))(C)C,4.83
ClC1(=CC=C(N=CN(C)C)C=C1),8.46
SCCNC1(=CC=C(OC)C=C1),5.3
N2(=CN(CC1(=CC=CC=C1))C=C2),6.66
O=C([O-])C=1(N=CNC=1C(=O)[O-]),8.49
OC(CN1(CCCC1))CN2(CCCC2),8.74
O1(C(=CC=C1)CNC2(=NC(=NC3(=C2C=NN3))C)),4.65
N(CCC(C)C)CCC(C)C,10.9
OC(CN(CCO)CCCCCC)C,9.0
S(=O)(=O)(NC1(=NC=CC=C1))C2(=CC=C(NC(=O)C)C=C2),2.03
N1(=NC=CC2(=C1CCCC2)),4.3
OCC(NC)CO,9.12
OCC(CN(C)C)C,9.75
OC1(=NNC(=C1CC=C)C),2.8
S1(C(=NC=C1)NCC2(=CC=CC=C2)),5.15
O(C2(=CC=1(N=C(CCC)NC=1C=C2)))CC,6.12
N(CCCCCCNCCCC)CCCC,11.28
N1(=C(N(C)C)NC2(=C1C=C3(CCCCC3(=C2)))),7.65
N23(C1(=C(C=CC=C1)C(C2)CC3)),7.1
ClC2(=CC=C(NC1(=NC(NCCN(CC)CC)=CC(=N1)C))C=C2),7.85
O1(C(=NC2(=C1CCCC2))N),5.75
O(C1(=CC=CC=C1))CC(O)CNC(C)C,9.45
OC(CN(CC(O)CC)CC)CC,9.2
O=[N+]([O-])C=1(C(=NNC=1C)C),-0.22
N#CC1(N2(CCC(C1)CC2)),5.85
NC1(=C(C=CC=C1)CCC),4.36
OCCN(C)C,9.36
O(C1(=C(OC)C=CC2(=C1CN3(CCC4(=C(C3(C2))C=C(OC)C(=C4)O)))))C,9.55
O(C1(=C(C=CC(=C1)C)C(C)C))CCN(C)C,8.66
N1(CCC(N)CC1),9.365
O=C(CCN(CC)CC)C,9.25
O=C([O-])C3(=CC1(=C(OC(=C1C)CN2(C=NC=C2))C=C3)),6.08
NCCCC,10.7
N1(CC1)(CC),7.91
O=C(NN)C1(=CC=CC=C1),3.02
O1(C(=NC=2(C=CC=CC=2(C1)))C),4.64
O=C(NN=CC1(=NC=NC2(=C1NC=N2)))N,2.1
O=C(NC1(=C(C=CC=C1)C))CN2(CCCCC2),7.7
N1(=CC(=CC=C1)C(C)C),5.72
N(N)(CC)CC,7.63
N=C1(CCCCC1),9.15
S(C1(=CC=CC=C1))C(=N)C2(=CC=CC=C2),4.48
[Si](C1(=CC=CC=C1))(CN)(C)C,10.45
ClC1(=CC(=C([O-])C=C1)CN2(CCCCC2)),11.76
O=C([O-])CN(CC)CC,10.5
[O-]C2(=NC=1(C(=CC=CC=1)C=C2)),11.74
O1(CCN(CCO)CC1),7.18
SCCNC1(=CC(OC)=CC=C1),5.18
N1(CCC1),11.29
O=C([O-])C1(=CC=NC=C1),4.9
N#CC(C1(=CC=CC=C1))(C2(=CC=CC=C2))C(CN3(CCCCC3))C,7.54
N1(CCC(NNC(C)C)CC1)(C),7.695
[O-]C3(=C(C1(=NC=2(C=CC=CC=2(N1C))))C=CC=C3),8.92
N(C=1(C=2(C(C=CC=1)=CC=CC=2)))C,3.7
S(=O)(=O)(NC1(=CN=CN=C1))C2(=CC=C(N)C=C2),1.9
O(C3(=C(C1(=NC=2(N=CN=CC=2(N1))))C=CC(=C3)OC))C,3.09
O1(C(CN(CC)CC)C1),8.55
O=CC1(=CC=NC=C1),4.63
N(N)CCCC1(=CC=CC=C1),7.2
ClC1(=NC(N)=C2(C=NN(C2(=N1))C)),2.69
N1(C(CCCC1(C)C)(C)C),11.17
FC4(=C(C(C2(=CC=1(N(C(N)=NC=1C=C2)C3(CCCC3))))=CC(=O)NC)C=CC=C4),6.7
S(=O)(C1(=CC=C(C)C=C1))C(C)(C)C,-2.2
S(=O)(=O)([N-]CCC(=N)N(C)C)C1(=CC=C(C)C=C1),11.4
O(C2(=NC=1(C(=CC=CC=1)N=C2OC)))C,-1.15
O1(C(=CC=C1)CNC2(=NC=NC3(=C2NN=C3C))),4.84
S2(C(C(C=1(SC=CC=1))=CC(N(CC)CC)C)=CC=C2),8.9
N1(=CN(C(C)(C)C)C=C1),7.35
O2(C1(=NC([O-])=CC(=C1CC2)C)),8.44
IC1(=C(N)C=CC(=C1)SC),2.45
OCCCC2(N1(C(CCC1)CC2)),11.325
O=C(N)C=1(C=2(C(C=NC=1)=CC=CC=2)),3.8
NCCCCCCC#C,10.74
N(C(C#C)(CC)CC)(C(C)C)C,8.8
O=[N+]([O-])C=2(C=1(C(=NC=CC=1NCCC[NH+](C)C)C=CC=2C)),6.15
ClC1(=CC=C(CN)C=C1),9.24
N(CCC(C1(=CC=CC=C1))C2(=CC=CC=C2))(C)C,9.4
O=C([O-])C(NCC1(=C(O)C=CC(=C1)OC))CO,8.3
N1(=C(N=C(N)N=C1N)N(CC)CC),5.61
SC(=O)C1(=CC=C(OC)C=C1),-4.9
N1(=NC=CN=C1N),4.0
N=3(C2(=C1(N=CC=C(C1=CC=C2C(C)=CC=3)C))),5.94
O3(CCN(CCNC2(=[N+](N=C(C1(=CC=CC=C1))C=C2C)C))CC3),5.12
N(C1(=CC=CC=C1))(C2(CCCCC2))C,6.35
O=C([O-])C1(NCC(C1CC(=O)OC)C(=C)C),9.52
O=C(NC1(=C(C=CC=C1C)C))CN(C)C,7.36
S(CCN)CCCC,8.37
N(N)CCC,7.92
N2(=NN(CC1(=CC=CC=C1))C(=N2)N),1.44
FC(F)(F)C1(=NC(=NC2(=C1NC=N2))N),1.85
N12(C(C=CC1)C(C)CC2),10.59
N2(=NC(C1(=CC=CC=C1))=CC(=C2NCCCC)C),6.1
S(=O)(C3(=CC(OC)=C(C=1(N=C2(C=NC=CN2(C=1))))C=C3))C,2.88
O=C1(C(O)CCCN(CCC1)C2(=CC=C(C)C=C2)),3.2
OCC1(=CN=CC=C1),5.0
OC1(CC(N)CCC1),10.075
OC(CN(CC(O)C)CCCCCCCC)CC,8.1
OCNC1(=NC(=NC(=N1)NCO)NCO),4.05
S2(C1(=NCCCN1C(=C2)C)),10.31
O1(CCN(CC=C)CC1),7.05
O=C(NCCCNC)C=N[O-],10.63
FC(F)(F)C1(=C(NN=C(C#N)C#N)C=CC=C1),-0.7
O=C(NC3(=CC=1(C(=NC2(=CC=CC=C2(C=1)))C=C3)))C,4.7
ON=CN,5.05
N3(=CC=2(N=C(C1(=CC=CC=C1))NC=2C=C3)),6.0
O=C(NN=C1(CCN(C)CC1))C,7.45
S(=O)(C3(=CC(OC)=C(C=1(N=C2(C(OC)=NC=CN2(C=1))))C=C3))C,2.46
N(C)C,10.98
S(C(=O)C1(=CC=C(C)C=C1))CC,-4.2
O(C1(=C([O-])N=CN=C1))C,8.6
N1(C2(=CCCC1CCC2))(C),8.8
N#CCCNC1(=CC=CC=C1),4.5
O=C(N)CCCC1(=CN=CC=C1),5.33
O=C(N=C1(C=CN(C)C=C1))C2(=CC=CC=C2),9.89
O=C(NCCCCCCN(C)C)C=N[O-],10.43
N(C(CC1(CCCCC1))C)C,10.52
O(C2(=C1(N=C(CO)N(C1=C(OC)C=C2)C)))C,5.24
O(C1(=NC(=NC(=N1)N)N))CC=C,3.43
[Br]C=1(N=CNC=1),3.8
N2(=C(N)C1(=C(N(C)N=C1)N=C2C)),5.0
O=C(NC1(=NC=NC2(=C1NC=N2)))N,2.35
N1(=C(N)C=C(C)N=C1C),6.85
S=C(N=NC1(=CC=CC=C1))NNC2(=CC=CC=C2),4.64
N1(=C(N=CC=C1)NC),3.82
O=C(NC1(=C(C=C(C)C=C1C)C))CN(CC)CC,7.9
N2(=C1(NCCNC1=CN=C2)),6.63
N1(C(=C(CC)C(=C1)C)C),3.19
[O-]C1(=[N+](C(=CC(=N1)[O-])C)C),10.06
[S-]C1(=NC(N)=C(N)C=N1),10.39
O(C1(=NC=2(N=CN=CC=2(N1))))C,3.14
N1(CC1)(C),7.86
ClC2(=CC=1(N=C(C(=O)OC)NC=1C=C2)),0.3
O=C([O-])C([NH3+])CC=1(N=CNC=1),7.7425000000000015
N=1(N(C=C(C=1)N)C),5.52
ClC2(=CC1(=NC(=CC(=C1C=C2)NC(CCCN(CC)CC)C)C)),9.35
ClC2(=CC=C(N1(N=NN=C1N))C=C2),0.78
N(CC#C)CC#C,6.08
N1(=NC=CC=C1N),5.19
N(CCCC)C,10.8
OC1(=C(C=CC=C1)C=NC3(=NC=2(NC=NC=2C=N3))),3.38
O=C([O-])C1(C(N)CCCC1),10.1
OC(CN(CC(O)CC)CCCCCCCCCCCCCC)CC,5.7
O=C(O)C2(=CC=C(N=CC1(=CC=CC=C1))C=C2),1.97
S3(C(C(C=1(SC=CC=1))=CC(N2(CC(CCC2)C))C)=CC=C3),8.28
S(C(=O)C)CCN(C)C,8.27
[SH2+]C=2(C=1(C(=NC=CC=1)C=CC=2)),3.31
[O-][N+]1(=C(N=C2(N=CNC2(=C1N)))N),3.7
ClC=1(N=CNC=1[N+](=O)[O-]),-1.3
N1(NC2(CCC1CC2))(C(C)(C)C),9.54
O(C3(=CC=2(C(=NC(C=CC1(=CC=CC=C1))=CC=2N)C=C3)))CC,9.5
NCC1(=CC=C(C)C=C1),9.51
N#CC1(=CC=C(N)C=C1),1.74
N(C(C#C)(C)C)C(C#C)(C)C,6.45
O=C(N(C1(=NC=CC=C1))C)C2(=CC=CC=C2),1.44
O=[N+]([O-])C2(=C(C1(=NC=CC(=C1C=C2)NCCC[NH+](C)C))C),6.71
S(CCN)C,9.41
SC=1(C=NC2(=CC=CC=C2(C=1))),2.33
O=C(OC(CN(CC)CC)(CC=C)C)C,9.85
N(CC(C)C)(C)C,9.91
N=1(C=3(C(N=C2(C=1C=CC=C2))=CC=C(C=3)N)),4.52
O(C1(=NC=NC=C1))C,2.5
N2(=CC(C=1(N(C=CC=1)C))=CC=C2),4.73
N(CC1(=CC=C(C)C=C1))CCCCCC,10.17
N=1(NC=NC=1N),4.3
O(C1(=C(N)C=CN=C1))C,9.03
S(C1(CCCCC1))CCN(CC)CC,8.11
O=[N+]([O-])C2(=CC=C(C=NC1(=NC(=CC=N1)C))C=C2),3.66
N2(C1(=C(C=C(C)C=C1)C=C2C))(C),0.5
O=C(NC)CNC,8.28
O(CCCCNC1(=CC=CC=C1))C,4.6
NC2(=CC1(=C(CCCC1)C=C2)),5.2
[S-]C1(=[NH+]C([O-])=CC(=N1)C),7.73
N1(CCC(C)CC1),10.89
OC(C1(=CC=C(N(C)C)C=C1))(C2(=CC=C(N(C)C)C=C2))C3(=CC=CC=C3),6.93
N2(=CC(C=1(NC=CC=1))=CC=C2),4.32
O=[N+]([O-])C2(=CC=1(N=C(C)NC=1C=C2)),5.16
N=1(C=3(C(C(N)=CC=1)=C2(C(N=CC=C2)=CC=3))),7.3
O=C(N(C1(=NC=CC=C1))C)C,2.01
O=C1(NOCC1N),7.53
O=C(C(C1(=CC=CC=C1))C2(=CC=CC=C2))CCN3(CCOCC3),6.39
N(CCCCC#C)(C)C,9.24
O=C([O-])C=1(N=CN(C=1N)C2(OC(CO)C(C2O)O)),5.9
NC(CC1(=CC=CC=C1))(C)C,10.13
O3(CCN(C(CC(C1(=CC=CC=C1))C2(=CC=CC=C2))C)CC3),6.9
N1(CCCCC1)(CCC(C2(=CC=CC=C2))C3(=CC=CC=C3)),8.96
OC(C1(=CC=C(C)C=C1))CN,9.06
O=C(N(CCCN(C)C)C)C=N[O-],9.83
O=C(C1(=CC=CC=C1))CC4(=NC3(=C2(N=CC=CC2=CC=C3C=C4))),4.4
O=C(C(=N[O-])CN1(CCCCC1))C,10.7
O(CCN(C1(=CC=CC=C1))CCOCC)CC,4.1
[S-]C1(=[N+](C=CC(=N1)[O-])CC),8.7
N2(=C1(N=C(N(C)C)NC1=CN=C2)),4.8
ON=C(NO)C1(=CC=CC=C1),3.8
[Br]C1(=C([O-])C=CN=C1),9.4
N=C(C1(=C(C=C(C)C=C1)C))C2(=CC=CC=C2),6.79
O(C2(=CC1(=C(N(C)C(=C1)C)C=C2)))C,0.25
S(=O)(=O)(NC1(=NC(=CC=N1)C))C2(=CC=CC=C2),0.59
[S-]CCN(CCCC)CCCC,11.57
OC2(=C1(N=C(C)N(C1=C(O)C=C2)C)),6.47
O=C([O-])C(N)CC(C)C,9.69
O=CC1(=CC=C(N(C)C)C=C1),1.6
N(CCCCCCCCCCCCCCC)CCCCCCCCCCCCCCC,11.0
N12(C(CCC1C)CCC2),11.88
O2(C=1(C=3(C(N=C(C=1C(C2C)C)C)=CC=C(C=3)C))),7.65
N(CCCCCCCCCCCC)CCCCCCCCCCCC,11.0
O=C(OC)C1(=NC=CC=C1),2.21
OCC(N)CO,8.63
[NH+]2(=CC=C(N1(CCC(C)CC1))C=C2),-0.56
O=C(NCC)N,1.19
O=C(NC1(=C(C=CC(=C1)C)C))CN(CC)CC,7.92
NC(CCC1(=CC=CC=C1))C,9.78
[O-]C=1(N=NC2(=CC=CC=C2(C=1))),8.61
S1(C(=NCC1C)C(C)(C)C),5.02
N(CCN)CCCC,8.915000000000003
FC1(=C(F)C=CC=C1C(C3(=CC=2(N(C(N)=NC=2C=C3)C(C)C)))=CC(=O)NC),6.69
SCC=1(N=CNC=1),6.54
O=C(NC1(=C(C=CC=C1C)C))C(N(CCC)CC)CC,6.62
O=C(C(C1(=CC=CC=C1))(C2(=CC=CC=C2))CC(N(C)C)C)CC,8.62
P(=O)(CCCCCC)(CCCCCC)CCCCCC,4.65
N1(=NC=C(N)C=2(C1=CC=CC=2)),6.84
O=C(N)CC1(=NC=CC=C1),4.34
N=2(C1(=NC=NC=C1N=C(C=2C)C)),2.93
OC1(=C(C(=CN=C1C)CO)CO),4.96
OB(O)C1(=CC=C(N)C=C1),3.71
O1(CCN(CCN(CC(O)C)CC(O)C)CC1),7.9
S2(C1(=C(C=C(C(=O)[O-])C=C1)C(=C2CN3(C=NC=C3))C)),6.58
O=C(OC1(CC2(N(C)C(C1)C3(C2O3))))C(C4(=CC=CC=C4))=C,7.72
O=C([O-])C(N)CCC(=O)[O-],9.33
O1(CCNCC1),8.71
N1(=C(N=C(C)C=C1C)N),4.93
NC(CCCC(C)C)C,10.28
OC1(=C(O)C=CC=C1CN),8.3
N=2(C=1(C(=C(N)C=CC=1)C=C3(C=2C=CC=C3))),6.04
NC(CC)(CC)C,10.91
P(=O)(CCC)(CCC)CCC,4.9
OC(CO)CN,9.3
N(N)(CC)C,7.3
OCCNC1(=NC=NC2(=C1C=NN2C)),3.86
N1(=CC=C(CC)C=C1),5.94
S1(C=NC(=C1)C(=O)O),2.9
N2(=C(NC)C=1(NC=NC=1N=C2C)),5.08
O(C2(=CC=C(N=NC=1(C(=NNC=1N)N))C=C2))C,3.39
N(C1(=C(C=CC=C1C)C))(C)C,5.85
OCCCCCC1(=CN=CC=C1),5.72
N#CC(C1(=CC=CC=C1))(C2(=CC=CC=C2))CC(N(C)C)C,8.31
[Br]C1(=CC(=C(N)C=C1)C),3.58
N2(=C(NC(C)C)C1(=C(N(C)N=C1)N=C2)),4.22
N(C1(=CC=CC=C1))CC=C,4.17
S=C1(NC(=S)C(N1)C2(=CC=CC=C2)),-3.16
N(N(C)C)=C(N)C,10.0
O=C(NC1(=CC=C(C)C=C1))CN2(CCCCC2),7.85
N(C(C)C)CCCCCCNC(C)C,11.075
[O-]C=2(C1(=NC=CC(=C1C=CC=2)N)),10.71
N(C(C#C)(C)C)C(C=C)(C)C,8.2
OC2(=CC=C(N=NC=1(C(=NNC=1N)N))C=C2),3.48
O1(C(=NC2(=C1CCCC2))N(C)C),6.16
FC(F)(F)C2(=CC1(=NC=CC=C1C=C2)),3.16
N(N)(CCC)C,7.35
ClC1(=CC(=C(O)C=C1)CN2(CCCC2)),11.715
N(C=1(C=2(C(C=CC=1)=CC=CC=2)))CC,4.19
OC1(=C(N)C=CC=C1N),4.1
O(C3(=CC=2(C(=NC(C=CC=CC1(=CC=CC=C1))=CC=2N)C=C3)))CC,9.5
ClC3(=CC=C(C=2(OC(C1(=CC=C(C)C=C1))=NC=2))C=C3),0.88
O[N+]1(=CC=C(N(C)C)C=C1),-7.58
O=C(N)C1(=C(N=NC(=C1)C2(=CC=CC=C2))NCC[NH+]3(CCOCC3)),2.5
N1(=C(N=C2(N=CNC2(=C1N)))N),5.05
OC2(C1(N(CC=C1CO)CC2)),8.92
O2(C1(=C(O)C=CC5(=C1C34(C2C(O)CCC3C(N(C)CC4)C5)))),8.94
N=1(NC=2(C=C(N)C=CC=2(C=1C))),4.0
OC=2(C1(=NC=CC=C1C=CC=2)),5.02
N1(=C(C=C(C)N=C1)C),2.7
ClC(Cl)=CCN,9.3
FC(F)(F)OC1(=CC=C(NN=C(C#N)C#N)C=C1),-0.78
O=C(OC(CN(CC)CC)(CC=C)C)C1(=CC=CC=C1),7.8
N=1(NC=2(C=CC(=CC=2(C=1))N)),5.15
[O-][N+]1(=CC=C(N)C=C1),3.61
O=C(C(C1(=CC=CC=C1))(C2(=CC=CC=C2))C(CN(C)C)C)CC,8.07
O=C(OCC)CC(NC)C1(=CC=CC=C1),8.23
O=C([O-])CCCC=1(N=CNC=1),7.62
O=CC(C)C,15.67
O2(C1(=C(C=CC=C1)CNCCCNCC3(=C(OCCC2)C=CC=C3))),8.965
O=[N+]([O-])C=3(C2(=C(NCCCCC[NH+](C)C)C=1(C(=CC=CC=1)N=C2C=CC=3))),7.4
O(C3(=CC=1(C(=NC2(=CC=CC=C2(C=1)))C=C3)))C,3.82
O=C(N(C)C)N(C)C,1.04
O(C2(=CC=1(C(=NC=CC=1)C=C2)))C,5.05
ClC1(=C(C=CC(=C1)Cl)C(OCC3(=CC=C(SC2(=CC=CC=C2))C=C3))CN4(C=NC=C4)),6.54
OC1(=C(C=C(C)C=C1)CN(C)C),8.68
O(C1(=NC=NC(=C1)C))C,3.65
ClC1(=CC=C(CON)C=C1),4.22
N1(CC=CC1)(C),9.92
N2(=CC=1(N=CNC=1C=C2)),6.1
ClC1(=C(Cl)C=C(Cl)C(=C1CN2(CCCCC2))[O-]),10.32
N=3(C=2(C(=C1(C(C(N)=CC=C1)=CC=2))C=CC=3)),5.2
O(C1(=NC=NC2(=C1NC=N2)))C,2.21
N=3(C2(=C1(N=CC=C(C1=CC=C2C=C(C=3)C)C))),5.57
N1(C(C)C1C)(CC),8.99
N1(CC1),6.05
OC(CN(C(C)C)CC(O)C)C,9.33
N=1(C=2(C(C=CC=1C)=CC=CC=2C)),4.1
ClC2(=CC=C(C(C1(=NC=CC=C1))CCN(C)C)C=C2),9.16
O=C(OCC[N+](C)(C)C)C=CC=1(N=CNC=1),4.6
OC(N(CC)CC)C,10.2
O(C1(C=CC3(=CCN2(C3(C1)(C(=CCO)C(CO)CC2)))))C,7.79
[O-]C1(=NC([O-])=C2(NC=NC2(=N1))),11.08
S1(C(=NC)N(C)C2(=C1CCCC2)),10.0
NCCC1(=CC=CC=C1),9.89
O=C([O-])CCN,10.22
N(NCC)(C)C,6.58
[N+]2(=CC=1(C(=CC=CC=1)C=C2))(CCCN),8.97
OCNC1(=CC=C(C)C=C1),3.42
O=C(OCC)N1(CCNCC1),8.28
S(=O)(=O)(N)C1(=CC(N)=CC=C1),2.87
ClC2(=CC=C(C(=O)NCCCN1(CCOCC1))C=C2),6.81
OCN2(C1(=C(C=CC=C1)N=C2)),5.44
O=C(N(C1(=CC=NC=C1))C)C,4.62
O=C2(C1(=C([O-])N=CN=C1C(=O)C3(=C2N=C(C)N3C))),6.15
OC2(=CC(C(=N)C1(=CC=CC=C1))=CC=C2),6.92
[I+](C1(=CC=C(N)C=C1))C2(=CC=CC=C2),1.66
S1(C(C(C(=O)[O-])NC1)(C)C),6.34
NC2(=CC(=C(C1(=C(C=C(N)C=C1)C))C=C2)C),4.300000000000002
O(C2(=CC=1(C(=NC=CC=1N)C=C2)))C,8.94
N1(C(CCCC1)C)(CC),10.68
S(C1(=C([N+](=O)[O-])C=C(N)C=C1))C,2.47
O1(C(=NCC1)N(C2(=CC=CC=C2))C),8.51
O=CC1(=NC(=CC=C1)C),4.55
O(C(C1(=NC=CC=C1))(C2(=CC=CC=C2))C)CCN(C)C,9.2
N(CC=C)(C)C,8.72
S1(C3(=C(N(CC(N(C)C)C)C2(=C1C=CC=C2))C=CC=C3)),8.65
O=[N+]([O-])C3(=CC=2(N=C(C=1(OC=CC=1))NC=2C=C3)),2.64
O2(C1(=C(O)C=CC5(=C1C34(C2C(O)C=CC3C(N(C)CC4)C5)))),7.96
O(C=1(C=3(C(N=CC=1)=C2(N=CC=C(C2=CC=3)OC))))C,6.45
O=C(NC1(=CC=NC=C1))C,5.87
N=1(C=3(C(C=C2(C=1C=CC=C2))=CC=CC=3)),5.48
N(N(C)C)(CC)C,6.38
N2(C1(=C(C=CC=C1)CCC3(=C2C=CC=C3)))(CCCNC),10.65
O=C(NN)C1(=C(N)C=CC=C1),2.66
O(CCN(C1(=CC=CC=C1))CCOC)C,4.11
N(C1(=CC(=CC=C1)C))C,4.94
O=C(OC)C(N)CC1(=CC=CC=C1),7.0
N2(N1(CCCCC1))(CCCCC2),7.09
O=C([O-])C(NCC1(=C(O)C=CC=C1))CO,8.22
S(=O)(=O)(NC1(=CN=CC=C1))C2(=CC=C(N)C=C2),2.295
S(=O)(=O)(NC3(=CC(OC)=C(C=1(N=C2(N=CC=CN2(C=1))))C=C3))C,4.17
N(C1(=CC=C(C)C=C1))CCNC2(=CC=C(C)C=C2),3.35
O=C(NCC)C1(=NC=CC=C1),2.4
S(=NC(=O)C)(C)C,3.16
ON=C(N)C1(=C(N)C=CC=C1),3.35
S1(N=C(OCC(O)CNC(C)(C)C)C(=N1)N2(CCOCC2)),9.7
N1(CCC(NNC)CC1)(C),7.324999999999998
NC1(C(N)CC2(CCCCC2(C1))),8.331666666666667
O=C(C1(=CC=C(O)C=C1))CNCCCC,8.55
[O-]C1(=NC=CC(=C1)[O-]),13.0
O=C(NC=3(C=1(C(=NC2(=CC=CC=C2(C=1)))C=CC=3)))C,4.4
[Si](OC2(CN(CC1(=CC=C(F)C=C1))C2))(C)(C)C,7.91
OC=2(C=1(C(=NC=CC=1)C=CC=2)),5.2
OC(C1(=NC=CC=C1))(C2(=CC=CC=C2))C3(=CC=CC=C3),3.9
O=C(NC2(CC3(N(CC1(=CC=CC=C1))C(C2)CC3)))C4(=C(OC)C(OC)=CC(=C4)OC),8.84
O(C2(=CC1(=C(NCC1)C=C2)))C,6.1
[Br]C2(=CC=C(NC1(=CC=CC=C1))C=C2),1.73
N2(=C(NCC)C1(=C(NN=C1)N=C2)),4.6
N1(=C(C=CC=C1)CCC),5.97
N2(=NN(C1(=CC=CC=C1))C(=N2)C=CC3(=CC=CC=C3)),-2.555
ClC3(=CC=2(N(C1(=C(C=CC=C1)SC=2C=C3))CCC[NH+]4(CCN(CCO)CC4))),3.59
O=C(N)C3(=CC(OC)=C(C1(=NC2(=NN(C)C=C2(N1))))C=C3),3.98
OC2(=CC=C(C(=N)C1(=CC=CC=C1))C=C2),6.45
N(CCNC)C,8.7
ClC2(=CC=1(N=C(CO)NC=1C=C2)),4.63
N(CC1(=CC=CC=C1))(CC2(=CC=CC=C2))CC3(=CC=CC=C3),7.44
S=C1(NC(=O)NC2(=C1NC=N2)),0.9
O=C(C1(=CC=C(O)C=C1))CNCC(C)C,7.74
O3(CCN(C2(=CC=C(N1(CCOCC1))C=C2))CC3),4.2
O=C(OCC)C(N)CC,7.71
N1(=NC=CC=C1C),3.46
O=C([O-])C(N)CC1(=CN=CC=C1),9.26
N3(=C(N)C2(=C(N(C1(=CC=CC=C1))N=C2)N=C3)),3.89
N(C(C)(C)C)CCCCCCNC(C)(C)C,11.01
O=[N+]([O-])C=1(C=2(C(C([O-])=C(C=1)CN(CC)CC)=CC=CC=2)),11.04
N(C(C=C)(C)C)(C(C)(C)C)C,11.3
N=1(C=2(C(C(N)=CC=1C)=CC=CC=2)),9.44
O=[N+]([O-])C1(=CC=C(NCO)C=C1),-0.33
O=[N+]([O-])C1(=CC=C(OC(=O)CCCN(C)C)C=C1),9.6
O=[N+](O)C1(=CC=CC1),3.25
O=[N+]([O-])C=3(C2(=C(NC)C=1(C(=CC=CC=1)N=C2C=CC=3))),7.2
O=[N+]([O-])C=2(C=1(C(=C(N)C=CC=1)C=CC=2)),2.8
N(N)(CCC)CCC,7.0
N(N(CCCC)C)(CCCC)C,7.16
OC=2(C1(=NN=CC(=C1C=CC=2)C)),3.18
OC1(C#C)(C2(C(N(C)C(C1)C)CCCC2)),9.246666666666666
FC(F)(F)C1(=NC=2(C=C([N+](=O)[O-])C=CC=2(N1))),0.18
OC2(=CC1(=NC=CC=C1C=C2)),5.48
ClC1(=CN=C(N)C=C1),4.83
ClC1(=C(N)C=CC=C1),2.64
O=C([O-])C(O)CN,9.27
N=3(C=2(C1(=C(C=CC=C1C=CC=2)N(C=3)CC[NH+](C)C))),4.64
[N+](C1(=CC=C(N(C)C)C=C1))(C)(C)C,2.64
O1(N=C2(CCNCCC2(=C1O))),9.6
O=C1(N4(C(C2(CN3(C(C1C2)CCCC3)))CCCC4)),7.7
O=C4(N3(C(N2(C(C1(=C(C=CC=C1)CC2))CC3))CC4)),4.89
N1(C(C)(C)C1),5.37
O=C(OCCN(CC=C)C)C(=C)C,7.39
O2(C1(=C(OC)C=CC5(=C1C34(C2C(O)CCC3C(N(C)CC4)C5)))),8.71
N(N(CC)CC)=C(N)C,10.6
O2(CC1(=NNC(=N1)COCCOCCOCCOCC2)),2.36
N#CC(=NNC1(=C(C=CC(=C1)C)C))C#N,-0.84
O=C(C1(=CC=CC=C1))CN2(CCOCC2),5.97
O2(C(N1(C(N)=CN=C1))C(O)C(C2CO)O),6.05
NC(CC)(CC)CC,10.87
O=C(OCCN(C)C)CCC,8.31
ClC1(=C(N)C(Cl)=CC(=C1)[N+](=O)[O-]),-2.98
[Si](O[Si](CNC1(CCCCC1))(C)C)(CNC2(CCCCC2))(C)C,10.11
N=C(N)C1(=CC=CC=C1),11.8
N=3(C2(=C1(N=CC=CC1=CC=C2C=C(C=3)C))),5.0
OC1(=C(C=C(C)C=C1C(N)CO)C(N)CO),9.0
N(C1(=CC=CC=C1))(CCCCCCC)CCCCCCC,3.33
OCCNC,9.91
N1(=C(NC=C1)C2(=CC=CC=C2)),6.39
N2(C1(CCNCC1))(CCCCC2),9.35
N=3(C2(=C1(N=CC=CC1=CC=C2C=4(CCCCC=4(C=3))))),5.66
S(C1(=CC=NC=C1))C,5.97
O=C([O-])CCCCCN1(CCCCC1),10.47
O=C(C1(=C(N)C=CC=C1))C,2.31
NC1(C(C(N)C(C)C(C1C)N)C),6.5699999999999985
N2(=C(NCCC(C)C)C1(=C(NN=C1)N=C2)),4.62
N(C1(=CC=CC=C1))=C(NC2(=CC=CC=C2))NC3(=CC=CC=C3),9.1
S=C2(N(C(=O)C1(=CC=CC=C1))CC(N2)=O),-6.6
O2(C1(=C(O)C=CC5(=C1C34(C2C(O)C=CC3C(N(C)CC4)C5O)))),7.13
N=C(C1(=C(C=CC=C1C)C))C2(=CC=CC=C2),7.71
N#CC1(=C(N)C=CC=C1),0.95
N#CC2(=CC1(=C(NCC1)C=C2)),2.8
N(CC1(=C(C=CC=C1C(C)(C)C)C(C)(C)C))(C)C,9.2
NC12(CCC(C1)C2),9.3
N1(=C(N)C=CC=C1),6.95
S1(C(NCC1)C2(=CC(=CC=C2)C)),5.26
O=C(OCC)C1(=CC=C(CCN)C=C1),9.58
[Si](OC2(CN(CC1(=CC(OC)=CC=C1))C2))(C)(C)C,7.81
IC1(=CC=C(N)C=C1),3.79
O=C(NOCCC(N)C(=O)OC)N,6.95
O=C(C(CN(C)C)(C)C)C(C)C,9.3
O=[N+]([O-])C2(=C(NCCC[NH+](C)C)C=1(C(=CC=CC=1)N=C2)),4.43
N(NC)(CC)CC,7.14
OC=2(C1(=NC=CC=C1C3(=NC=CC=C3(C=2)))),3.9
S1(C(=NN)N(C)C2(=C1C=CC=C2)),6.1
O=C1(C=CN2(CC3(C4(CCCCN4(CC(C2(C1))C3))))),9.25
S1(C(=NCC1)C),5.29
O=[N+]([O-])C=2(C=1(C(=NC=CC=1)C(O)=CC=2)),2.88
O=C(OC)NC1(=NC=NC2(=C1NC=N2)),2.27
O=CC2(=NC=1(C(=CC=CC=1)C=C2)),3.1
ON=C(N)C(=NO)N,2.97
N(N)(C)C,7.16
N(CC1(=CC=C(C)C=C1))CCCC,9.98
O=C(NNC1(CCN(C)CC1))C,8.7
N=1(NC=2(C(N)=CC=CC=2(C=1C))),3.18
O=C(NC)NC,1.02
O=[N+]([O-])C1(=C(C=CC=C1)CN),8.59
N1(=C(N=CC=C1N)N),7.26
N1(=NC=CC=2(C1=CC(N)=CC=2)),4.85
O=C([O-])C(C=1(N=C(CO)NC=1))(C)C,7.38
O=C(NC=1(NC=NC=1C(=O)[O-]))N,4.9
N(C1(=CC=CC=C1))(CCCCCC)CCCCCC,4.89
O=C1(N(C(=O)C=2(N(C)C=NC=2(N1)))C),0.5
S=C1(NC(CC(N)C(=O)[O-])=CN1),8.47
N=2(C1(=C(N)C=CC=C1C=CC=2)),4.01
O1(C(=NCCC1)NC2(=CC=CC=C2)),9.33
O=C([O-])CCNCCCCCCCCCC,10.6
[Se-]C1(=NC=NC2(=C1NC=N2)),7.33
NC1(=CC(=CC(=C1)C(C)(C)C)C(C)(C)C),4.97
[O-]C1(=[N+](C=NC=C1)C),1.84
S(C(=N)NC1(=CC=CC=C1))C,7.14
ClC1(=CC(=C([O-])C=C1)CN(C)C),10.97
[Br]C3(=CC=C(C=2(OC(C1(=CC=CC=C1))=CN=2))C=C3),0.4
N(C(C)C)CCNC(C)C,8.995000000000003
N=3(C=1(C(=CC2(=CC=CC=C2(C=1)))NC=3CC)),6.14
NCC1(=C(C=CC=C1)C),9.23
O2(C1(=C(OCC)C=CC5(=C1C34(C2C(O)C=CC3C(N(C)CC4)C5)))),8.03
N#CCC,30.9
O1(N=C(C)C(=C1C)C),-1.0
N1(C(CCCC1C)(C)C)(C),10.76
N(CC(CNC)C)C,9.42
S(=O)(=O)(N1(C(=NC3(=C1C=C(C(C2(=CC(F)=CC=C2))=CC(=O)N)C=C3))N))C(C)C,3.41
O(C1(=CC(N=CN(C)C)=CC=C1))CC,8.87
N2(=CC=C(C=CC1(=CC=CC=C1))C=C2),5.869999999999999
N1(CCCCC1),11.24
OC4(=C3(C1(=C2(C(=CC=C1)CCN(C2CC3=CC=C4O)C)))),7.08
O=CC3(=CC=C(C=2(OC(C1(=CC=CC=C1))=NC=2))C=C3),0.57
O1(C(=NC)N(C)C2(=C1CCCC2)),10.23
N1(=CC=CC=C1),5.26
O=[N+]([O-])C=1(C=3(C(C([O-])=C(C=1)CN2(CCOCC2))=CC=CC=3)),7.98
O3(C(CN(C1(=CC=C(C)C=C1))CC2(OC2))C3),-0.48
N#CC(=NNC1(=CC=C(C)C=C1))C#N,-0.83
O=C(NCCCN(C)C)C=N[O-],9.78
O=[N+]([O-])C3(=CC=C(C=2(OC(C1(=CC=CC=C1))=NC=2))C=C3),0.35
[Br]C2(=CC=C(C(OCCN(C)C)C1(=CC=CC=C1))C=C2),8.64
N#CC(C1(=CC=CC=C1))(C2(=CC=CC=C2))CCN3(CCCCC3),8.07
O=[N+]([O-])C=2(C=1(C(=NC=C(C=1NCCC[NH+](C)C)C)C(C)=CC=2)),6.1
OCCCN(C)C,9.76
O=C(OCCN(CC)CC)C(=C)C,8.66
OCCCCC1(=CC=NC=C1),6.01
N#CCCN(C)C,7.01
