NC1C=NN(C(=O)C=1Cl)c1ccccc1,-2.744
O=C1C=CC(=O)NN1,-1.271
Cc1ccc2cc3c(ccc4ccccc43)c3CCc1c32,-7.966
Cc1c2ccccc2cc2c1ccc1ccccc12,-7.343
CCOCCOCCO,0.872
CCC(C)(C)CO,-1.129
CC(=O)OCCOC(C)=O,0.086
CCC(C)C(C)=O,-0.681
CC(O)C(Cl)(Cl)Cl,-0.757
CCCCC(CCl)CC,-3.172
CCOP(=O)(Oc1ccc(Cl)cc1Cl)Oc1ccc(Cl)cc1Cl,-5.774
CC(C)CC(O)CC(C)C,-2.159
CNC(=O)Oc1cc(C)cc(C)c1,-2.581
CCCC(=O)OC,-0.833
CC(=C)C(=O)OC(C)(C)C,-2.153
CON(C)C(=O)Nc1ccc(Br)c(Cl)c1,-3.924
OC(=O)c1cccc(Br)c1,-2.699
CCOC(=O)c1ccc(O)cc1,-2.309
c1[n]c2ccccc2c2ccccc21,-2.776
COC(=O)c1ccc(cc1)OC,-2.412
COP(=O)(OC)OC,0.553
CN(C)C(=O)Nc1cc(ccc1)C(F)(F)F,-3.436
CS(=O)(=O)F,-0.515
CC=CC(O)=O,0.0
Cc1c2ccccc2cc2ccccc21,-5.867
Cc1cccc(C)c1NC(=O)c1cc(c(Cl)cc1O)S(N)(=O)=O,-3.787
OC(=O)c1ccccc1,-1.655
Clc1cc2Oc3c(Oc2cc1Cl)c(Cl)c(Cl)c(Cl)c3Cl,-10.949
CCCCCCC#C,-3.662
[O-][N+](=O)c1cccc(O)c1,-1.013
Clc1cc(Cl)c(Cl)cc1,-3.569
CCOC(=O)CCCCCCCCC(=O)OCC,-3.51
BrC(Br)C(Br)Br,-2.732
C=C1CCOC1=O,0.184
CCCCCC(C)=O,-1.424
CC1CN(CC(C)O1)N=O,-0.065
C1COc2ccccc2OCCOCCOc2ccccc2OCCO1,-4.693
C=CCl,-1.36
[O-][N+](=O)c1cc(ccc1Nc1ccccc1)[N+]([O-])=O,-3.834
CC(CC)(S(=O)(=O)CC)S(=O)(=O)CC,-1.685
Brc1ccc(cc1)-c1ccccc1,-5.553
CCOC(=O)CNc1[n]c(Cl)[n]c(NC(C)C)[n]1,-2.562
CCCCC(C)=O,-0.758
FC1(F)C(F)(F)C(F)(F)C1(F)F,-3.638
OC[C@@H](O)[C@@H](O)[C@H](O)[C@@H](O)C(O)=O,0.207
CCCCN,1.136
[O-][N+](=O)c1cccc(c1O)[N+]([O-])=O,-1.55
Cc1cccc2ccccc21,-3.741
O=CC=Cc1ccccc1,-1.969
CC(C)(C)c1ccc(O)cc1,-2.413
CCCCOCN(C(=O)CCl)c1c(CC)cccc1CC,-4.193
O=C1NCC(=O)N1,-0.402
CC(N)CC(O)=O,0.987
CCOc1ccc(cc1)C(=O)OCCN(CC)CC,-2.715
CC(=O)Nc1ccccc1[N+]([O-])=O,-1.909
OC(=O)c1[nH]c[n]c1C(O)=O,-2.494
CN(C)NC(=O)CCC(O)=O,-0.205
O=C1c2ccccc2C(=O)c2ccccc12,-5.188
CC(=O)CC(C)=O,0.22
CCSCC,-1.46
C[C@]12CC[C@H]3[C@@H](CCC4=CC(=O)CC[C@@]43C)[C@@H]1CC[C@@H]2C(=O)CO,-3.745
CC(=O)OC=C,-0.634
CCCCOCCOCCOCCCC,-1.862
COP(=S)(Oc1cc(Cl)c(cc1)[N+]([O-])=O)OC,-3.872
[O-][N+](=O)c1ccccc1C(O)=O,-1.328
OS(=O)(=O)CS(O)(=O)=O,0.754
OC(c1ccccc1Cl)(c1ccc(F)cc1)c1c[n]c[n]c1,-4.083
CCOC(=O)CC#N,-0.753
CC(C#C)OC(=O)Nc1cccc(Cl)c1,-2.617
CCC(C)N,0.185
Clc1ccc(I)cc1,-4.076
C/C(/C=C/CC(C)CCCC(C)(C)OC)=C\C(=O)OC(C)C,-5.346
O=Cc1ccc(cc1)C=O,-2.827
C1COCCO1,1.055
O=NN(CCCl)C(=O)NCCCl,-1.728
CC(=C)C(=O)OCCO,-0.114
OC(=O)COc1cccc(Cl)c1Cl,-2.809
CCOC(=O)CCC(=O)OCC,-0.96
CNC(=O)Oc1cc(ccc1)N=CN(C)C,-1.546
CCOC(C)C,-0.551
Cc1c2ccc3ccccc3c2c(C)c2ccccc12,-6.624
CCCN(CCC)c1c(cc(cc1[N+]([O-])=O)S(N)(=O)=O)[N+]([O-])=O,-3.61
CC(C)(C)C(O)=O,-0.673
CI,-1.012
CCOc1ccc(NS(=O)(=O)c2ccc(N)cc2)[n][n]1,-2.427
OC(=O)Cc1c(Cl)c(Cl)ccc1Cl,-3.078
OC(=O)c1ccccc1F,-1.289
CCC(C)C,-3.163
Clc1cc(-c2ccccc2)c(Cl)cc1Cl,-6.199
NCCO,1.214
CCOP(=O)(OC(=CCl)c1ccc(Cl)cc1Cl)OCC,-3.462
Cc1ccc(cc1)N(C)C,-2.318
Cc1cc[n]cc1,1.031
COc1c(cc(Cc2c[n]c(N)[n]c2N)cc1OC)OC,-2.861
OC(c1ccccc1)c1ccccc1,-2.549
CN(C)C=O,1.136
OC1[C@@H](O)[C@H](O)C[C@@H](O)[C@@H]1O,-0.174
Cc1ccccc1OCC(O)CO,-1.189
C=C(c1ccccc1)c1ccccc1,-4.436
O=C1CCO1,0.711
c1cccc2ccccc21,-3.616
Clc1cc(Cl)c(Cl)c2Oc3ccccc3Oc12,-7.534
Oc1cccc2ccc[n]c21,-2.417
OC(=O)CCCCCCCCC(O)=O,-2.306
ClCCCCl,-1.614
COc1ccc(cc1)C(c1ccc(cc1)OC)C(Cl)(Cl)Cl,-6.539
[O-][N+](=O)c1ccc(Cl)cc1,-2.845
Oc1ccc2c(C(=O)c3ccccc3C2=O)c1O,-2.779
COc1c2C(=O)O[C@H]([C@H]3c4c(OC)c5OCOc5cc4CCN3C)c2ccc1OC,-3.139
Clc1cc(I)ccc1,-3.532
CCOP(=S)(Oc1c[n]cc[n]1)OCC,-2.338
O=C1C2CC=CCC2C(=O)N1SC(Cl)(Cl)Cl,-4.77
COc1[n]c(NC(C)C)[n]c(NC(C)C)[n]1,-2.478
C#CCCCCCC#C,-2.983
CN1CC[C@@]23[C@H]4C=C[C@H](O)[C@@H]2Oc2c3c(C[C@@H]14)ccc2OCc1ccccc1,-2.973
Clc1ccc(Cl)c(Cl)c1Cl,-4.562
CN1C(C)=CC(=O)N1c1ccccc1,-0.564
Oc1cc(O)cc(O)c1,-1.075
ClC(Br)Br,-1.919
OC(=O)C(Cl)CC(O)=O,0.077
CCCCC(COC(=O)c1ccccc1C(=O)OCC(CCCC)CC)CC,-6.968
NCCCC(O)=O,1.101
CC(C)(C)c1ccc(cc1)OC1CCCCC1OS(=O)OCC#C,-5.846
Oc1ccccc1C(=O)Oc1ccccc1,-3.155
CC(=O)Nc1[n][n]c([s]1)S(N)(=O)=O,-2.356
Clc1cc(Cl)c(cc1)-c1cc(Cl)c(Cl)c(Cl)c1Cl,-8.52
CC1OCCS(=O)(=O)C=1C(=O)Nc1ccccc1,-2.427
CCBr,-1.086
COc1c[n]c(NS(=O)(=O)c2ccc(N)cc2)[n]c1,-2.584
c1[n]c[n]c2[n]cc[n]c21,0.034
CN(C)C(=O)Nc1cc(Cl)c(Cl)cc1,-3.744
O=C(C1CCCCC1)N1CC2c3ccccc3CCN2C(=O)C1,-2.893
CCS(=O)(=O)c1[n][n]c([s]1)N(C)C(=O)NC,-1.945
CCOP(=S)(Oc1[n][n](c[n]1)-c1ccccc1)OCC,-4.102
CCc1ccc(CC)cc1,-3.733
C[C@]12CCc3c4ccc(O)cc4ccc3[C@@H]1CCC2=O,-5.244
CC(C)CC(C)(C)O,-0.961
Nc1ccc2ccccc2c1N=Nc1ccccc1,-5.916
c1ccccc1,-1.64
CC(Oc1ccc(Cl)cc1Cl)C(O)=O,-2.827
Clc1ccc(cc1)-c1c(Cl)cccc1Cl,-6.209
CCC(C)c1ccc(O)cc1,-2.194
COc1ccc(CC=C)cc1,-2.92
CN1C(O)=NC(=O)C(C)(C2CCCCC=2)C1=O,-2.735
COCCO,1.119
CCCC=O,-0.007
Clc1cc2ccccc2cc1Cl,-6.357
CCCCOC(=O)c1ccccc1C(=O)OCCCC,-4.395
COc1cccc(OC)c1O,-0.952
CCCCCCCCO,-2.382
C#N,1.568
c1[n][nH]c2ccccc21,-2.155
Nc1ccc(cc1)S(N)(=O)=O,-1.361
COP(=S)(Oc1[n]c(Cl)c(Cl)cc1Cl)OC,-4.831
CNc1[n]c([n]c(NC(C)C)[n]1)SC,-2.566
C[C@H](NC)[C@H](O)c1ccccc1,-0.415
Nc1cc(Cl)c(Cl)cc1,-3.246
CCOC(=O)CCCC(=O)OCC,-1.33
[O-][N+](=O)c1ccc(C=NO)o1,-2.193
Cc1cc(ccc1N=Nc1ccc(cc1Cl)[N+]([O-])=O)N(CCO)CCO,-6.57
NC=O,1.346
OC(=O)Cc1cccc2ccccc21,-2.647
NC(=O)NCc1ccccc1,-0.946
CC(=C)c1ccccc1,-3.008
CC1(C)Cc2cccc(c2O1)[N+]([O-])=O,-3.207
ClC(Cl)C(c1ccccc1Cl)c1ccc(Cl)cc1,-6.505
C1c2cccc3ccc4cccc1c4c32,-5.238
Cc1ccc(cc1Cl)NC(=O)C(C)CCC,-4.45
COCCOCCOC,0.872
Fc1ccccc1CCl,-2.541
CSc1[n]c2ccccc2[s]1,-3.161
NCCNCCNCCN,0.835
OC(=O)c1c2ccccc2cc2ccccc21,-3.417
CCc1cc2cc3ccccc3cc2cc1,-6.886
CN(C)c1ccc(cc1)C(O)=O,-3.398
Clc1c(-c2cc(Cl)c(Cl)cc2)c(Cl)ccc1Cl,-7.65
[O-][N+](=O)c1cc(Cl)c(cc1)NC(=O)c1cc(Cl)ccc1O,-4.702
C=CCNCC=C,-0.053
C=CCOCC=C,-0.02
COC(=O)c1ccc[n]c1,-0.46
CC(N)=O,1.581
CC1COCC1,0.09
c1ccccc1Oc1ccccc1,-3.976
Nc1cc(ccc1)C(O)=O,-1.366
CC(=O)c1ccc(O)cc1,-1.138
[O-][N+](=O)c1c(O)cccc1O,-2.073
OC(=O)CCC(=O)OOC(=O)CCC(O)=O,-0.847
C/C(=C\C(=O)N(C)C)/OP(=O)(OC)OC,0.625
"Cl[C@@H]1[C@@H](Cl)[C@H](Cl)[C@H](Cl)[C@@H](Cl)[C@@H]1Cl |&1:1,2,4,6,8,10|",-5.0775
CC(C)C(=O)C(C)C,-1.302
COC(=O)C(Cl)Cc1ccc(Cl)cc1,-3.765
O=P1(NCCCO1)N(CCCl)CCCl,-0.815
[O-][N+](=O)c1c(Cl)cccc1C(O)=O,-2.632
CC(C)CC(C)OC(C)=O,-2.045
Oc1cc(Cl)ccc1Oc1ccc(Cl)cc1Cl,-4.462
ClC=CCl,-1.442
c1ccccc1/C=C/c1ccccc1,-5.793
CC1=CCC(=O)O1,-0.293
OCC(S)CS,-0.155
c1[n]c2ccccc2o1,-1.155
[Cl-].C[N+](C)(C)CCCl,0.799
CCC(O)(CC)CC,-0.84
Cc1ccc(cc1)[N+]([O-])=O,-2.492
Nc1ccccc1O,-0.737
CCOC(=O)C(C)Oc1ccc(cc1)Oc1[n]c2ccc(Cl)cc2o1,-5.569
CSC1=NN=C(C(=O)N1N)C(C)(C)C,-2.245
C1CCCc2ccccc21,-3.452
CCCCC(C)C,-4.596
CCCC(C)(C)CO,-1.52
CC(C)N(C(=O)CCl)c1ccccc1,-2.481
COc1[n]c(NCC)[n]c(NC(C)CC)[n]1,-2.575
Cc1ccc(cc1)S(=O)(=O)NC(=O)NC1CCCCC1,-4.207
CCCCN(C)N=O,-0.7
CCCC#C,-1.637
Cc1ccc(Br)cc1,-3.192
C=CC#N,0.147
Cc1ccc(cc1)S(N)(=O)=O,-1.734
CCC(=O)OCC,-0.726
CC(C)(C)Br,-2.359
CCCOC(=O)c1ccccc1C(=O)OCCC,-3.365
C[C@]12CC[C@H]3[C@@H](CCC4=CC(=O)CC[C@@]43C)[C@@H]1CC[C@@H]2O,-4.091
OC(=O)C(O)c1ccccc1,0.075
Clc1cc2ccc(Cl)cc2c(Cl)c1,-6.556
CC(C)(C)CO,-0.401
Oc1cccc2ccccc21,-2.221
CC(=O)Oc1ccccc1C(=O)OCSC,-2.64
CCOP(=S)(OCC)SCN1C(=O)Oc2cc(Cl)ccc12,-5.233
CCC(C)(O)C#C,0.115
COC(=O)c1ccccc1C(=O)OC,-1.686
Cc1cccc(C)[n]1,0.447
CC(C)(C)[C@@H](O)[C@H](Cc1ccc(Cl)cc1Cl)[n]1c[n]c[n]1,-4.562
CCCCCCCCCO,-3.013
CN(C)P(=O)(N(C)C)N(C)C,0.747
CCC(O)C(C)(C)C,-1.151
O=C(Nc1cc(Cl)c(F)c(Cl)c1F)NC(=O)c1c(F)cccc1F,-7.28
NS(=O)(=O)c1ccc(cc1)SCCCCCO,-2.662
C[C@@H](CC)[C@H](N)C(O)=O,-0.581
CCCO,1.221
CCC(CO)CC,-1.407
CCCC(=O)OCCCCC,-2.467
CC1CO1,1.007
C[C@]12CC[C@@H]3[C@H]4CCC(=O)C=C4CC[C@H]3[C@@H]1CC[C@@]2(O)C#C,-4.627
CCCOC(=O)c1cc(O)c(O)c(O)c1,-1.783
C=COC=C,-1.261
CCCCCCC(O)=O,-1.664
Fc1cc(F)c(F)c(F)c1,-2.306
CCCc1ccccc1,-3.362
CC1OC=CC(=O)C=1O,-1.063
CC(C)c1ccccc1,-3.292
CCCCCCN,-0.926
CCCCCCCCC,-5.766
c1cc2cccc3ccc4cccc1c4c32,-6.176
Cc1ccccc1C(O)=O,-2.062
Cc1cc(Cl)ccc1OC(C)C(O)=O,-2.539
Cc1cc(C)ccc1,-2.819
Cc1cc(C)[n]c(NS(=O)(=O)c2ccc(N)cc2)[n]1,-2.268
CC(=O)Nc1cc(NS(=O)(=O)C(F)(F)F)c(C)cc1C,-3.237
CCCCOC=O,-1.131
COc1ccc(NS(=O)(=O)c2ccc(N)cc2)[n][n]1,-3.28
OC(=O)c1ccccc1C(c1ccc(O)cc1)c1ccc(O)cc1,-3.263
CCN(CC)C(=O)c1ccc[n]c1,0.749
O=C1C=CNC(=O)N1,-1.493
CCCCOC(=O)C(C)O,-0.563
[O-][N+](=O)O[C@H]1CO[C@H]2[C@@H]1OC[C@H]2O[N+]([O-])=O,-2.633
COc1ccc(cc1[N+]([O-])=O)[N+]([O-])=O,-3.107
Oc1cc(O)c(cc1)C1Oc2cc(O)cc(O)c2C(=O)C=1O,-3.082
COCCOc1c(cc(Cc2c[n]c(N)[n]c2N)cc1OC)OC,-2.101
C=CCN=C=S,-1.695
CC(C)CCOCCC(C)C,-2.898
CCOC(=O)C=C,-0.824
CNC(=O)COC(=O)c1ccccc1,-1.718
CC[C@H](C)C(C)(C)C,-4.678
[O-][N+](=O)c1cccc(Cl)c1,-2.761
OCC(F)(F)F,1.0
ClCc1ccccc1,-2.382
CCCCCCC[C@H](C)O,-2.744
ClC1(Cl)C2(Cl)C3CC(Cl)C(Cl)C3C1(Cl)C(Cl)=C2Cl,-6.864
[O-][N+](=O)c1ccc(cc1O)[N+]([O-])=O,-2.68
CCCC(O)=O,1.055
Oc1ccc(Cl)cc1,-0.729
Cc1cc(C)c(C(O)=O)c(C)c1,-2.357
Cc1cccc(O)c1[N+]([O-])=O,-1.641
NS(=O)(=O)c1cc(ccc1Cl)C1(O)NC(=O)c2ccccc12,-3.451
CCOP(=S)(O/N=C(\C#N)/c1ccccc1)OCC,-4.63
C=CF,-0.276
COc1c(cc(cc1OC)[C@H]1[C@@H]2[C@@H](Cc3c(O)c4OCOc4cc31)COC2=O)OC,-4.503
CC(Br)CBr,-2.141
Cc1ccc(CC)cc1,-3.103
Clc1cc(Cl)c(Cl)cc1-c1cc(Cl)c(Cl)cc1Cl,-8.58
Cc1cc(C=C)ccc1,-3.123
CCCCC(O)CCCC,-2.49
CCC(O)=O,1.13
CCCCOP(=O)(Oc1ccccc1)OCCCC,-3.475
C[N+]([O-])=O,0.26
CC(N)c1ccccc1,-0.46
CCC(C)CO,-0.472
O=C1C=CNc2ccccc21,-1.481
COCc1ccc(o1)[N+]([O-])=O,-1.155
C1c2ccccc2-c2cc3ccccc3cc21,-8.034
CCOC(=O)C(O)(c1ccc(Cl)cc1)c1ccc(Cl)cc1,-4.512
CCOC(=O)CCC,-1.275
Cc1ccc(C=O)cc1,-1.724
CC(C)C(O)=O,0.278
CNC(=O)ON=CC(C)(C)SC,-1.499
OC[C@H]1O[C@@H](Oc2cc(O)cc(O)c2C(=O)CCc2ccc(O)cc2)[C@H](O)[C@@H](O)[C@@H]1O,-2.64
Cc1cc(C)[n]c(C)c1,-0.539
CC(C)COC(=O)c1ccc(N)cc1,-2.944
CC(C)OC(=O)Nc1cccc(Cl)c1,-3.38
Fc1cc(F)ccc1,-2.0
O[C@H]([C@@H](O)CO)[C@H](O)CO,0.625
[O-][N+](=O)c1ccc(F)cc1O,-2.05
CCCCCCCCC(C)=O,-3.309
CC(CC)N(C(C)CC)C(=O)SCc1ccccc1,-5.048
Oc1cc2CCCCc2cc1,-1.995
CCCCCCCI,-4.81
CN(C)C(=O)Nc1ccccc1,-1.61
CCOC(=O)c1ccccc1C(=O)OCC,-2.313
CC(OP(C)(=O)F)C(C)(C)C,-0.938
COC(=O)c1ccc(N)cc1,-1.597
Cc1ccccc1CC,-3.207
Oc1cc(C=O)ccc1,-0.647
Nc1ccc(cc1)S(=O)(=O)Nc1c[n]c2ccccc2[n]1,-4.603
CCNc1[n]c(NC(C)(C)C)[n]c([n]1)SC,-3.985
c1cccc2c(cccc21)Nc1ccccc1,-3.563
Cc1cc2c3ccccc3ccc2c2ccccc21,-6.571
OC(c1ccccc1Cl)(c1ccc(Cl)cc1)c1c[n]c[n]c1,-4.383
Nc1cccc2c1cccc2N,-2.619
COC(=O)c1ccccc1S(=O)(=O)NC(=O)Nc1[n]c(C)cc(C)[n]1,-3.084
Oc1cc(Br)ccc1,-0.876
OCc1c[n]ccc1,0.962
CCCCC(CN)CC,-1.713
CCOC(=O)NCC(C)C,-0.768
ClC(Cl)C(Cl)Cl,-1.754
Clc1cc(-c2cc(Cl)c(Cl)cc2)c(Cl)cc1,-6.853
C=C(Cl)Cl,-1.634
COc1c(cc(cc1[N+]([O-])=O)[N+]([O-])=O)[N+]([O-])=O,-3.085
[O-][N+](=O)c1cc(ccc1O)[N+]([O-])=O,-1.819
CN(C)CC/C=C1\c2ccccc2COc2ccccc2\1,-3.947
CCC1(C(C)C)C(=O)NC(=O)NC1=O,-2.214
CC(C)CCOC(C)=O,-1.814
Cc1cc(ccc1)C(O)=O,-2.143
CC(=O)[C@H]1CC[C@H]2[C@@H]3CCC4=CC(=O)CC[C@]4(C)[C@H]3CC[C@@]21C,-4.553
CC1CS[C@@H]2[C@H](NC(=O)[C@H](N)C3CC=CCC=3)C(=O)N2C=1C(O)=O,-1.215
Nc1cc(Cl)cc(Cl)c1,-2.315
CCCCCCOC(=O)c1ccc(O)cc1,-3.949
NS(=O)(=O)c1cc(F)c(cc1)SCCO,-1.622
CN1[C@@H]2C[C@H](C[C@H]1[C@@H]1O[C@@H]12)OC(=O)[C@H](CO)c1ccccc1,-0.504
Oc1cc(Cl)cc(Cl)c1,-1.559
Cc1cc(N)c(C)cc1C,-1.955
COC(=O)Nc1[nH]c2ccccc2[n]1,-3.834
ClCCCl,-1.065
O[C@@H](CO)[C@@H](O)[C@H](O)C(=O)CO,0.301
CC(C)O,1.221
FC(F)OC(F)(F)C(F)Cl,-1.516
CCP(=S)(OCC)Sc1ccccc1,-4.159
CC(C)Oc1cc(c(Cl)cc1Cl)N1N=C(OC1=O)C(C)(C)C,-5.693
CCCCCOC(C)=O,-1.877
ClCCOCCOCCCl,-0.996
OCc1ccco1,1.008
C1Cc2cccc3cccc1c23,-4.597
NC(=O)CCl,-0.017
NC(=O)c1ccccc1,-0.953
CCCC=C,-2.676
COP(=O)(OC)C(O)C(Cl)(Cl)Cl,-0.331
CC(=O)Nc1cc(c(cc1N=Nc1c(Br)cc(cc1[N+]([O-])=O)[N+]([O-])=O)OC)N(CC=C)CCC#N,-8.9
COC(CCl)Oc1ccccc1OC(=O)NC,-2.301
c1c(cccc1-c1ccccc1)-c1ccccc1,-5.183
CCCCCC(=O)OC,-1.991
CCOC(=O)CCCCCC(=O)OCC,-2.013
CCCCCC,-3.958
CCCCOC(=O)C(C)Oc1ccc(cc1)Oc1ccc(c[n]1)C(F)(F)F,-5.584
C[C@]12CCC(=O)C=C1CC[C@@H]1[C@@H]2[C@@H](O)C[C@@]2(C)[C@H]1CC[C@]2(O)C(=O)CO,-3.054
O=C1CCCN1,1.07
CCCCCCCOC(=O)c1ccc(N)cc1,-4.6
Oc1ccc(cc1)C1(OS(=O)(=O)c2ccccc12)c1ccc(O)cc1,-2.663
CC(C)OC(=O)C(C)N(c1cc(Cl)c(F)cc1)C(=O)c1ccccc1,-4.4335
Nc1c(Cl)cc(cc1Cl)[N+]([O-])=O,-4.471
Cc1c(C)c(C)c(C)c(C)c1C,-5.839
CCCOCCN(C(=O)CCl)c1c(CC)cccc1CC,-3.795
CCOC(=O)C(C)Oc1ccc(cc1)Oc1c[n]c2cc(Cl)ccc2[n]1,-6.094
C[C@H](CCC(O)=O)[C@H]1CC[C@H]2[C@H]3[C@H](C[C@H](O)[C@@]21C)[C@@]1(C)CC[C@@H](O)C[C@H]1C[C@H]3O,-3.368
Clc1cccc2cccc(Cl)c12,-5.796
CC(Oc1cccc2ccccc21)C(=O)N(CC)CC,-3.57
CC=CCCCC,-3.816
OCC(Cl)(Cl)Cl,-0.254
CCC[N+]([O-])=O,-0.774
Cc1c[s]cc1,-2.39
CC(C)(S(=O)(=O)CC)S(=O)(=O)CC,-1.927
Cc1cccc(CC)c1N(C(C)COC)C(=O)CCl,-2.729
Oc1ccc(C=O)cc1,-0.976
NCCC(O)=O,0.787
Cc1c[nH]c2ccccc21,-2.421
CCOC(=O)CC(=O)OCC,-0.839
Clc1cccc2c1cccc2Cl,-5.716
COc1ccc2C[C@@H]3[C@@H]4C=C[C@H](O)[C@@H]5Oc1c2[C@]45CCN3C,-1.522
CC(=O)Nc1ccc(cc1)OCC,-2.369
OC(=O)CCI,-0.43
CCOCCOCCOCC,0.79
Nc1c(Cl)c([n]c(Cl)c1Cl)C(O)=O,-2.749
[O-][N+](=O)c1ccccc1Cl,-2.896
ClC(Cl)(Cl)Cl,-2.288
CNC(=O)N(C)c1[n]c2ccccc2[s]1,-3.574
CC(CC)(CC)OC(N)=O,-1.56
CCOP(=S)(OCC)SCSP(=S)(OCC)OCC,-5.284
CCCC(C)Cl,-2.63
C[C@]12C=CC(=O)C=C1CC[C@H]1[C@@H]3C[C@@H](OC(C)=O)[C@](O)(C(=O)COC(C)=O)[C@@]3(C)C[C@H](O)[C@]21F,-4.13
CCCCCCCCCCCCCC,-7.456
Cc1c[s]c(NS(=O)(=O)c2ccc(N)cc2)[n]1,-2.129
CCOP(=S)(Oc1ccc(cc1)C#N)c1ccccc1,-5.704
NS(=O)(=O)c1cc(c(cc1)SCCO)[N+]([O-])=O,-2.746
OC(=O)c1[n]cccc1C(O)=O,-1.182
CC(C)Nc1[n]c(N)[n]c(Cl)[n]1,-2.706
CCCCCCCCCCCCCCO,-5.854
[O-][N+](=O)c1cc(cc(C2CCCCC2)c1O)[N+]([O-])=O,-4.249
OC(=O)CCCC(O)=O,1.083
Cc1ccc(c(c1)OP(=S)(NC(C)CC)OCC)[N+]([O-])=O,-4.814
Clc1cc2ccccc2cc1,-4.143
CCOP(=O)(Oc1ccc(cc1)[N+]([O-])=O)OCC,-2.059
COC(C)C,-0.057
CCOC(=O)CCCCC(=O)OCC,-1.68
CCCC(C)C,-3.74
CC(C)C(C)Nc1[n]c(NCC)[n]c([n]1)SC,-3.708
COc1ccccc1O,-0.822
COP(=S)(Oc1ccc(cc1)[N+]([O-])=O)OC,-3.844
c1[n]ccc[n]1,1.096
COc1ccccc1OCC(O)COC(N)=O,-0.985
NS(=O)(=O)c1ccc(cc1)S(=O)(=O)CCCO,-1.589
CC(C)C(=O)OCC(C)C,-2.403
CCc1ccccc1O,-1.359
CC(C)(C)S(=O)(=O)CSP(=S)(OCC)OCC,-2.895
CC(=O)N(C)C,1.06
CCCOC(=O)CN1C=C(I)C(=O)C(I)=C1,-3.504
CCCCCCCCCCCCCC(O)=O,-5.329
FC(F)F,-1.233
CNC(=O)Oc1cccc2ccccc21,-3.387
Cc1cc([n]c([n]1)N(CC)CC)OP(=S)(OC)OC,-4.133
CCOP(=S)(OCC)SCSc1ccc(Cl)cc1,-5.736
CCCCCCCCCC(C)O,-2.94
CS(=O)(=O)c1cc(c(c(c1)[N+]([O-])=O)N(CCC)CCC)[N+]([O-])=O,-5.76
Clc1ccccc1I,-3.532
COc1cc(O)c(cc1S(O)(=O)=O)C(=O)c1ccccc1,-0.091
O=C(CCCl)NCc1ccccc1,-3.296
C/C=C/C=O,0.33
CCCCCBr,-3.075
CC1C(=O)C=C[C@]2(C)CC[C@@H]3[C@H](OC(=O)[C@H]3C)C2=1,-3.09
CCC(=O)CC,-0.253
O=C1NS(=O)(=O)c2ccccc12,-1.661
NCc1ccccc1,0.97
COP(=S)(OC)SCN1N=Nc2ccccc2C1=O,-4.181
CSCC[C@H](N)C(O)=O,-0.421
Oc1cc(ccc1O)C(O)=O,-0.928
CCSCSP(=S)(OCC)OCC,-3.717
CN1C=C(C(=O)C(=C1)c1ccccc1)c1cc(ccc1)C(F)(F)F,-4.438
OC(=O)c1c(Cl)c(Cl)ccc1Cl,-1.467
Nc1cc(O)ccc1,-0.607
CCC(=O)Nc1cc(Cl)c(Cl)cc1,-2.986
N#Cc1cc(Br)c(O)c(Br)c1,-3.328
ClC(Cl)C(Cl)(Cl)Cl,-2.625
CCN(CC)C(=S)SSC(=S)N(CC)CC,-4.86
CN1C(c2ccc(Cl)cc2)S(=O)(=O)CCC1=O,-2.039
Clc1ccc(cc1Cl)-c1cc(Cl)c(Cl)cc1,-8.71
Cc1c[n]ccc1,1.031
C/C(=C\C(=O)OC(C)c1ccccc1)/OP(=O)(OC)OC,-2.497
OC=O,1.337
CC(C)C1(CC=C)C(=O)NC(=O)NC1=O,-1.712
OC(C[n]1c[n]c[n]1)(c1ccccc1F)c1ccc(F)cc1,-3.365
Clc1cc(-c2ccccc2Cl)c(Cl)cc1,-5.809
S=C=S,-1.81
CCC(=O)C(C)C,-0.81
Clc1cc(Br)ccc1,-3.21
CC(=O)OC(C)=O,0.07
CNC(=O)Oc1ccccc1C(C)C,-2.684
C1[C@@H]2C[C@@H](CN3CCCC[C@@H]32)[C@@H]2CCCCN21,-1.887
Cc1cc(C)cc(C)c1,-3.397
CCCCl,-1.461
CN1CCC[C@H]1c1c[n]ccc1,0.79
CCOP(=S)(OCC)N1C(=O)c2ccccc2C1=O,-3.352
CCCCCCCCCCCCCCCO,-6.35
CCSCCSP(=S)(OCC)OCC,-4.226
CCS(=O)(=O)CCSP(=S)(OCC)OCC,-2.54
C(Cc1ccccc1)c1ccccc1,-4.627
Cc1ccccc1,-2.243
CCN(CC)C(=S)SCC(=C)Cl,-3.35
OCCc1ccccc1,-0.741
C=CCOCC1CO1,0.092
CCC(=O)c1ccccc1,-1.827
CCC1(CC)C(=O)NC(=O)NC1=O,-1.393
CN(C)N,1.221
CCC(=O)CCC,-0.833
[O-][N+](=O)c1cc(c(Cl)c(c1)[N+]([O-])=O)[N+]([O-])=O,-2.669
Nc1cc2c3ccccc3ccc2c2ccccc21,-6.196
Clc1cc(-c2ccc(Cl)c(Cl)c2Cl)c(Cl)cc1,-7.045
CCCCCCC(=O)OCC,-2.737
ClC(Cl)c1ccccc1,-2.809
CC1CCCCC=1,-3.267
OC(=O)c1cc(Cl)c(Cl)cc1,-3.495
Nc1ccc(cc1)-c1ccc(Cl)cc1,-4.639
Oc1ccc(Cl)cc1Cc1ccccc1,-3.167
CCOCCOCC,-0.15
Fc1ccccc1Br,-2.695
S=C=Nc1cccc2ccccc21,-4.602
N#Cc1c(Cl)c(Cl)c(Cl)c(C#N)c1Cl,-5.647
c1cccc2[s]c3ccccc3c21,-5.098
CC(O)(CC)CC,-0.38
CCOS(=O)(=O)OCC,-1.343
c1cc2ccc[n]c2c2[n]cccc21,-1.826
OS(=O)(=O)OCCOc1ccc(Cl)cc1Cl,-0.06
CC(C)CC(C)(C)C,-4.746
C=CCOC(=O)c1ccccc1C(=O)OCC=C,-3.131
OC(CO)CO,1.036
Clc1cc(Cl)ccc1-c1cc(Cl)ccc1Cl,-6.573
CN,1.541
OC(=O)c1cc[n]cc1,-1.374
OC(=O)COc1cc(Cl)c(Cl)cc1,-2.685
Clc1c(Cl)c(Cl)cc(Cl)c1Cl,-5.479
CCCCCCOC(C)=O,-2.451
Nc1[n]c([n]c(N)[n]1)-c1ccccc1,-2.494
Clc1ccc(cc1)-c1ccccc1Cl,-5.28
CC(C)CCC(C)=O,-1.325
CCCCC(O)=O,-0.416
c1ccc[n]c1-c1cccc[n]1,-1.421
CCCC(CO)(CC)CC,-2.419
CC(C)CN,1.136
FC(F)OC(Cl)C(F)(F)F,-1.616
CC(C)(C)C(=O)C(Oc1ccc(Cl)cc1)[n]1c[n]c[n]1,-3.614
C=CCC=C,-2.087
C=C(C(O)=O)c1ccccc1,-2.057
CN(C)C(=O)Nc1ccc(Cl)cc1,-2.936
CCC#CCC,-2.167
CCC(C)c1cc(cc(c1O)[N+]([O-])=O)[N+]([O-])=O,-3.665
CC(Cl)C(C)Cl,-2.354
CN(C)c1[n]c([n]c([n]1)N(C)C)N(C)C,-3.364
c1ccc[s]1,-1.446
N#CCCC#N,0.204
CCCCC1(CC)C(=O)NC(=O)NC1=O,-1.638
COc1c(cc(cc1OC)[C@H]1[C@H]2[C@H](COC2=O)[C@@H](O)c2cc3OCOc3cc21)OC,-3.617
Oc1ccccc1/C=N/NC(=O)c1cc[n]cc1,-3.683
c1cccc2[s]ccc21,-3.014
COCN(C(=O)CCl)c1c(CC)cccc1CC,-3.051
CN1C=CC=CC1=O,0.962
c1ccc[n][n]1,1.096
CC1(C)OC2(C)CCC1CC2,-1.887
CC(C)=C,-2.329
CCSCCSP(=O)(OCC)OCC,-2.111
CN1C(=O)NC(=O)C(CC)(CC)C1=O,-2.0
NCCc1ccc(O)cc1,-1.12
Brc1cccc2ccccc21,-4.347
Cc1ccc(C(C)C)c(O)c1,-2.222
CC/C(/c1ccc(O)cc1)=C(/CC)\c1ccc(O)cc1,-4.35
CC(C)CCOC(=O)c1ccccc1O,-3.157
COc1cc2ccc(cc2cc1)[C@H](C)C(O)=O,-4.161
Cc1ccc(C)c(O)c1C,-1.936
O=P(Oc1ccccc1)(Oc1ccccc1)Oc1ccccc1,-5.235
C=CCC1(CC=C)C(=O)NC(=O)NC1=O,-2.061
C1CN2CCN1CC2,0.603
CCCC(C)(C)C,-4.357
COP(=S)(Oc1cc(Cl)c(Br)cc1Cl)OC,-6.086
CC(C)C(O)C(C)C,-1.22
C1CCCCN1,1.07
FC(F)Cl,-1.494
OC(=O)COc1[n]c(Cl)c(Cl)cc1Cl,-2.766
CC(C)CCOC=O,-1.547
CCN(C)N=O,0.532
Oc1ccc(cc1)/N=N/c1ccccc1,-3.343
BrC(Br)Br,-1.808
Nc1cc(cc(c1O)[N+]([O-])=O)[N+]([O-])=O,-2.153
CCCCCCCC(=O)OCC,-3.391
CC(=O)OCC(=O)[C@@]1(O)[C@H](C)C[C@H]2[C@@H]3CCC4=CC(=O)C=C[C@]4(C)[C@@]3(F)[C@@H](O)C[C@]12C,-4.9
FC(Br)C(F)(F)F,-1.901
OC(=O)c1cc[s]c1,-1.474
Clc1c2c(c(Cl)c(Cl)c1Cl)c(Cl)c(Cl)c(Cl)c2Cl,-9.703
N[C@@H](CCC(O)=O)C(O)=O,-1.235
Nc1cc(O)c(cc1)C(O)=O,-1.957
CCCC(C)O,-0.296
CC(F)F,-1.315
CO,1.494
CC(C)(C#N)NC(=O)CSP(=O)(OCC)OCC,-0.624
c1c2ccccc2c2ccc3cccc4ccc1c2c34,-8.192
CCCC(=O)OCCCC,-2.46
CC(C)(c1ccc(O)cc1)c1ccc(O)cc1,-3.279
CC=CCC,-2.53799999999999
ICI,-2.334
OC(=O)C(CC(O)=O)CC(O)=O,0.275
CC1(C)C(C1C=C(Cl)Cl)C(=O)OCc1cccc(c1)Oc1ccccc1,-6.99
ClCCSCCCl,-2.363
CC(Cl)CCl,-1.606
CC(C)CC=C,-3.244
Fc1ccc(CCl)cc1,-2.544
[O-][N+](=O)c1c[n]c([s]1)N1CCNC1=O,-3.217
OC(=O)C(O)CC(O)=O,0.873
CCCCOP(=O)(OCCCC)OCCCC,-2.978
CNC[C@H](O)[C@@H](O)[C@H](O)[C@H](O)CO,0.709
CCCCCCc1ccc(O)cc1O,-2.589
C(Oc1ccccc1)C1CO1,-1.796
[O-][N+](=O)N1CN(CN(C1)[N+]([O-])=O)[N+]([O-])=O,-3.571
Cc1ccc(C=C)cc1,-3.123
CCCCCCC=O,-1.961
CCCCOC(=O)c1ccc(O)cc1,-2.972
CO[C@H]1O[C@H](CO)[C@@H](O)[C@H](O)[C@H]1O,0.299
CCCCCCCCCC(=O)OC,-4.627
COCC(=O)N(C(C)C(=O)OC)c1c(C)cccc1C,-1.601
Clc1ccc(Cl)cc1-c1ccc(Cl)cc1,-6.256
O=NN1CCCCC1,-0.174
N[C@@H](Cc1c[nH]c2ccccc21)C(O)=O,-1.183
Ic1ccccc1I,-4.217
CCCOCCC,-1.319
C=O,1.121
NCc1ccco1,1.013
FC(F)(C(F)(F)F)C(F)(F)F,-4.518
Oc1c(Cl)cc(Cl)c(Cl)c1Cl,-4.004
Cc1ccc(Cl)cc1,-3.077
CCC#N,0.272
Cc1cc([n]c(Cl)[n]1)N(C)C,-1.261
OCC(O)COc1ccc(Cl)cc1,-1.307
CCOC(=O)c1ccccc1,-2.319
Nc1[n]c[n]c2c1[n]c[n]2[C@]1(CO)O[C@H](CO)[C@@H](O)[C@H]1O,-1.57
CC12CC1(C)C(=O)N(c1cc(Cl)cc(Cl)c1)C2=O,-4.8
Clc1cc(Cl)c(cc1)-c1ccccc1Cl,-6.49
Cc1cc(ccc1)[N+]([O-])=O,-2.438
[O-][N+](=O)c1cc2ccccc2cc1,-4.273
Oc1c(Cl)cccc1Cl,-1.933
CCOC(=O)NCCOc1ccc(cc1)Oc1ccccc1,-4.701
N[C@@H](Cc1ccc(O)cc1)C(O)=O,-2.578
CC(C)I,-2.084
"CN1[C@@H]2C[C@H](C[C@H]1CC2)OC(=O)C(O)c1ccccc1 |&1:2,4,6|",-1.44
CN(C)CCCN1c2ccccc2Sc2ccccc12,-4.302
Brc1ccc(I)cc1,-4.452
COc1ccccc1OCC(O)CO,-0.598
CCCCCCc1ccccc1,-5.255
Cc1cccc2[s]c3[n][n]c[n]3c21,-2.073
CF,-0.176
CCCCCCCCCCCCCCCC(O)=O,-6.807
CCN(Cc1c(F)cccc1Cl)c1c(cc(cc1[N+]([O-])=O)C(F)(F)F)[N+]([O-])=O,-6.625
O=NN1CCOCC1,0.935
CCc1ccc(O)cc1,-1.475
CN(C)N=O,1.13
CN1CCOCC1,0.995
CC(=C)C(O)=O,0.014
c1cccc2oc3ccccc3c21,-4.734
NC(=O)CC#N,0.189
NS(=O)(=O)c1cc(F)c(cc1)S(=O)(=O)CCCO,-1.654
Oc1ccc(C(O)=O)c(O)c1O,-2.231
Cc1cc(Cl)ccc1N=CN(C)C,-2.862
Cc1cc(C)c(C)cc1C,-4.586
C1c2ccccc2-c2ccccc21,-4.944
CCCOC(=O)CCC,-1.905
CN1CCN(CCCN2c3ccccc3Sc3ccc(Cl)cc23)CC1,-4.397
O=C1C[C@@H]2OCC=C3CN4CC[C@]56[C@H]([C@H]2[C@H]3C[C@@H]54)N1c1ccccc61,-3.32
COC(=O)c1ccc(O)cc1,-1.784
OC(=O)c1ccco1,-0.48
C#CCO,1.251
CCCCC=O,-0.867
Clc1ccc(cc1)Oc1ccccc1,-4.793
COP(=S)(OC)SCN1C(=O)c2ccccc2C1=O,-4.114
CCC(Cl)CC,-2.63
Cc1ccccc1N1C(C)Nc2cc(Cl)c(cc2C1=O)S(N)(=O)=O,-3.783
OC(=O)CC(O)=O,0.865
CC(C)(C)S(=O)CSP(=S)(OCC)OCC,-2.442
CCCCC1C(=O)N(c2ccccc2)N(c2ccccc2)C1=O,-3.812
Clc1cc(ccc1)-c1ccccc1Cl,-5.585
Nc1[n]c(cc(N)[n+]1[O-])N1CCCCC1,-1.982
"ClC1(Cl)[C@@]2(Cl)[C@@H]3[C@@H]4C[C@@H](C=C4)[C@@H]3[C@]1(Cl)C(Cl)=C2Cl |&1:3,5,6,8,11,12|",-7.332
ClC=C(Cl)Cl,-2.077
C=CC(=O)Oc1c(Br)cc(Cl)c2ccc[n]c21,-4.717
Clc1cc(Cl)c(cc1)-c1ccc(Cl)cc1Cl,-6.732
CC(=O)OCC(=O)[C@@]1(O)CC[C@H]2[C@@H]3CCC4=CC(=O)C=C[C@]4(C)[C@H]3[C@@H](O)C[C@]12C,-4.369
CCC(Cl)[N+]([O-])=O,-1.189
Brc1ccccc1,-2.547
CC(C)NC(=O)CSP(=S)(OCC)OCC,-2.057
CC(C)(O)C1CCC(C)(O)CC1,-1.634
OC(=O)C1C[C@@H](O)[C@H](O)[C@H](O)C=1,-0.065
C/C(/C=C/CC(C)CCCC(C)C)=C\C(=O)OCC,-5.693
Cc1cc(ccc1N(C)C)OC(=O)NC,-2.357
CCN(CCO)c1ccc(cc1)N=Nc1ccc(cc1)[N+]([O-])=O,-6.293
Clc1ccc(cc1Cl)-c1cc(Cl)c(Cl)cc1Cl,-7.387
Cc1cc2ccccc2cc1C,-4.895
FC(F)(F)c1ccccc1,-2.511
[O-][N+](=O)c1cc(cc(c1)[N+]([O-])=O)C(O)=O,-2.196
CN(C)C1C(=O)N(c2ccccc2)N(C)C=1C,-0.629
CC1OCCCC=1C(=O)Nc1ccccc1,-2.559
CC(O)C(C)O,1.045
Oc1cc(C(O)=O)c(O)cc1,-1.489
CC(C)NC(C)C,0.036
NS(=O)(=O)c1ccc(cc1)S(=O)(=O)CCO,-1.604
CC1/C(=C/c2ccc(cc2)S(C)=O)/c2ccc(F)cc2C=1CC(O)=O,-4.552
CCOC(=O)C(O)(CC(=O)OCC)CC(=O)OCC,-0.603
COC(C)(C)C,-0.238
NS(=O)(=O)c1ccc(cc1)SCCO,-1.824
CC(C)(C)C(C)(C)O,-0.723
OCC(CO)(CO)CO,-0.275
CN1CCCC1=O,1.004
Oc1ccccc1Cl,-1.056
Cc1[n]c(NCC)[n]c(O)c1CCCC,-3.02
BrCCBr,-1.656
C=COCC(F)(F)F,-1.478
COc1cc(c(O)cc1)[N+]([O-])=O,-2.839
Oc1cc(Cl)ccc1,-0.694
CCC=C,-2.405
CN1C=CC(=O)NC1=O,-0.8
Cc1cc(O)ccc1C,-1.409
NC(=N)NCCC[C@H](N)C(O)=O,0.019
CC(C)CCCCCCO,-2.487
OC(=O)c1cccc(Cl)c1,-2.541
OCCCl,1.094
ICCI,-3.216
c1cccc2[nH]ccc21,-1.517
CCCCNC(=O)NS(=O)(=O)c1ccc(N)cc1,-2.178
COC(=O)C=C,-0.241
OC1=CC(=O)NC=C1,-1.25
Cc1ccccc1Oc1ccc[n][n]1,-1.969
Cc1cc(Br)ccc1,-3.523
CCCCCCCC=O,-2.36
CCCCCC(C)O,-1.551
CC(=O)C1CCOC1=O,0.193
Clc1cc(ccc1)-c1ccccc1,-4.716
C[C@]12CC[C@H]3[C@@H](CC[C@H]4C[C@@H]5S[C@@H]5C[C@@]43C)[C@@H]1CC[C@@H]2O,-5.407
CC(C)[N+]([O-])=O,-0.615
CNN,1.337
CC(C)(C)CC(=O)OCC(=O)[C@@]1(O)CC[C@H]2[C@@H]3CCC4=CC(=O)CC[C@]4(C)[C@H]3[C@@H](O)C[C@]12C,-5.511
C=CCCCC=C,-3.34
CCCC(C)(COC(N)=O)COC(N)=O,-1.667
S=C1NCCN1,-0.708
OCCN(CCO)c1ccccc1,-0.735
Cc1occc1C(=O)Nc1ccccc1,-3.304
CC(C)(C#C)NC(=O)c1cc(Cl)cc(Cl)c1,-4.232
CCCCC(C)(O)CC,-1.6
CS(=O)c1ccc(cc1)OP(=S)(OCC)OCC,-2.188
CCCCCCCOC(=O)c1ccc(O)cc1,-4.072
Clc1cccc(Cl)c1-c1ccccc1,-4.966
CSc1[n]c(NC(C)C)[n]c(NC(C)C)[n]1,-3.864
CCSC(=O)N1CCCCCC1,-2.286
[O-][N+](=O)c1cc(ccc1Nc1ccccc1)S(=O)(=O)Nc1ccccc1,-6.269
Oc1ccc2ccccc2c1N=O,-2.238
Cc1cc(C)[n]c2ccccc12,-1.944
CCOc1ccc(cc1)NC(N)=O,-2.173
Oc1c(Cl)cc(Cl)cc1Cl,-2.392
OC(=O)c1ccc(cc1C(O)=O)C(O)=O,-1.0
CC(=O)C1C(=O)C=C(C)OC1=O,-1.226
Clc1ccc(Cl)c(Cl)c1-c1c(Cl)c(Cl)ccc1Cl,-7.903
CNC,1.558
CC(C)OC(=O)C(=C1SCCS1)C(=O)OC(C)C,-3.782
Cc1c(c(NC(CC)CC)c(cc1C)[N+]([O-])=O)[N+]([O-])=O,-5.972
CCc1[n][n]c(NS(=O)(=O)c2ccc(N)cc2)[s]1,-1.942
CC(C)(CCC)CCCC,-4.811
[O-][N+](=O)c1c(O)ccc2ccccc21,-2.976
C[C@]12[C@H]3[C@H](C(O)=O)[C@@]45C[C@@](O)(CC[C@H]4[C@@]3(C=C[C@@H]1O)OC2=O)C(=C)C5,-1.841
CC(=O)C(C)=O,0.366
COP(=O)(NC)Oc1ccc(cc1Cl)C(C)(C)C,-3.164
OC(=O)CCl,0.928
CCNc1[n]c(NCC(=O)OCC)[n]c(Cl)[n]1,-2.937
CCCCCC(=O)OCC,-2.36
CCCCCCCCc1ccccc1,-6.46
OC(=O)CCCCC(O)=O,-0.676
c1c2ccccc2[n]c2ccccc21,-3.669
Clc1c(-c2ccccc2)c(Cl)ccc1Cl,-6.49
CCC(=O)OC(C)C,-1.29
OC(CI)CI,-1.397
CC[N+]([O-])=O,-0.203
CC(C)OC(=O)Nc1ccccc1,-3.001
Brc1cc(Br)c(Br)cc1Br,-6.993
OC(=O)COc1ccc(Cl)cc1Cl,-2.514
Cc1ccc(C(C)C)c(O)c1C(O)=O,-3.288
OCCN1CCN(CCCN2c3ccccc3Sc3ccc(cc23)C(F)(F)F)CC1,-4.149
Clc1cc(-c2cccc(Cl)c2Cl)c(Cl)cc1,-6.465
CCC(CO)C(O)CCC,-1.387
Cc1cc(O)cc(C)c1,-1.399
CN1c2[n]c[n](C)c2C(=O)NC1=O,-2.737
CCCCCCCCCCCCCCCCO,-7.258
Cc1cc(O)cc(C)c1Cl,-2.797
Clc1cc(Cl)c(cc1)-c1ccccc1,-5.288
O=C1C=Cc2ccccc2N1,-2.139
CC(O)CO,1.119
O=C1CCC(=O)N1,0.296
CNC(N)=O,1.13
COC(N)=O,0.964
c1cc2c3ccccc3ccc2c2ccccc21,-8.057
CCCCCC(O)=O,-1.052
Brc1ccccc1Br,-3.5
COC(=O)C(C)N(c1cc(Cl)c(F)cc1)C(=O)c1ccccc1,-3.982
OC(=O)c1ccccc1Cl,-1.875
Clc1cc(ccc1Cl)-c1ccccc1Cl,-6.287
NS(=O)(=O)c1cc(F)c(cc1)SCCCCO,-2.446
Cc1ccc(cc1)S(=O)(=O)NC(=O)NCCCC,-3.394
CCN(CC)c1c(cc(c(N)c1[N+]([O-])=O)C(F)(F)F)[N+]([O-])=O,-5.467
OC(=O)COc1ccc(Cl)cc1,-2.29
CCNC(=O)C(C)OC(=O)Nc1ccccc1,-1.829
OC1CCCCC1,-0.377
ClC1(Cl)C2(Cl)C3C4OC4C(Cl)C3C1(Cl)C(Cl)=C2Cl,-6.289
ClC(Cl)(Cl)c1ccccc1,-3.567
c1ccc2C=Cc3cccc1c32,-3.976
CC(C(O)=O)c1cc(F)c(cc1)-c1ccccc1,-4.485
CCCCCC=O,-1.249
COC(=O)C(C)N(c1c(C)cccc1C)C(=O)c1ccco1,-3.117
Cc1cc([n]c([n]1)N(CC)CC)OP(=S)(OCC)OCC,-4.924
COCCCNc1[n]c([n]c(NC(C)C)[n]1)SC,-2.928
Cc1ccc(O)cc1,-0.702
CC(C)C(C)=O,-0.151
S=C=Nc1cccc(Br)c1,-4.085
Brc1ccc(Br)cc1,-4.072
ONc1ccccc1,-0.737
Nc1[n]c(NC2CC2)[n]c(N)[n]1,-1.179
Clc1ccccc1Br,-3.203
CCCCOC(=O)N(C)SN(C)C(=O)Oc1cccc2CC(C)(C)Oc12,-4.583
CC(=C)C(=O)OCC(C)C,-2.039
[O-][N+](=O)c1ccc(cc1)C=O,-1.81
CCCC1COC(C[n]2c[n]c[n]2)(O1)c1ccc(Cl)cc1Cl,-3.493
CP(=O)(OC)OC,0.906
C[C@@H]1O[C@@H](O[C@H]2CC[C@]3(C)[C@H]4CC[C@]5(C)[C@H](CC[C@]5(O)[C@@H]4CCC3=C2)C2=COC(=O)C=C2)[C@H](O)[C@H](O)[C@H]1O,-3.955
CCC1(C(=O)NCNC1=O)c1ccccc1,-2.64
Clc1cc(cc(Cl)c1)-c1c(Cl)c(Cl)cc(Cl)c1Cl,-8.27
"C[C@@]12CC[C@@](C[C@@H]1OCc1ccccc1C)(O2)C(C)C |o1:1,4,6|",-3.639
CC1=CC(=O)NO1,-0.067
OCC1CO1,1.13
CCC#C,-1.275
CCCCC(=O)CCCC,-2.593
CC(C)OC(C)C,-1.708
CC(C)CBr,-2.432
CN(C)C(=O)Nc1ccc(cc1)C(C)C,-3.536
CCc1ccc[s]1,-2.585
NC(=O)c1ccc[n]c1,0.612
Oc1c2ccccc2ccc1N=O,-2.54
CCc1cccc2ccccc21,-4.164
CSc1ccccc1,-2.39
Clc1ccc(cc1)-c1cc(Cl)c(Cl)cc1Cl,-7.77
CN1c2ccccc2Sc2ccc(CC(O)=O)cc12,-3.942
CC1CCC(CC=1)C(C)(C)O,-1.889
Clc1cc(-c2cc(Cl)ccc2Cl)c(Cl)cc1,-7.281
C=CCN(CC=C)C(=O)CCl,-0.945
Clc1ccccc1Cl,-2.974
Oc1c[n]ccc1,-0.456
COc1ccc(cc1)Oc1ccc(cc1)NC(=O)N(C)C,-4.156
CCCCOC(C)=O,-1.141
CCCCCCCBr,-4.431
CN1[C@@H]2C[C@H](C[C@H]1CC2)OC(=O)C(CO)c1ccccc1,-2.119
Nc1cc(Cl)cc(C(O)=O)c1Cl,-2.469
C[C@]12CC[C@H]3[C@@H](CC[C@H]4C[C@H](O)CC[C@@]43C)[C@@H]1CCC2=O,-4.402
Clc1c(Cl)cccc1Cl,-4.003
NC(=N)NC#N,-0.309
Clc1cc2Oc3cc(Cl)c(Cl)cc3Oc2cc1Cl,-9.207
OC(=O)c1ccc(c[n]1)C(O)=O,-2.13
CC(C)CCO,-0.519
COc1cc(CC=C)ccc1O,-1.562
CC#N,1.387
Cc1ccccc1S(N)(=O)=O,-2.024
CCC(C)(C)C,-3.671
CCOC(=O)CCCCCCC(=O)OCC,-2.53
CC1CC(C)(C)CCC1,-4.853
O=C1CCCCC1,-0.594
Oc1ccccc1,-0.056
C[C@]12CC[C@H]3[C@@H](CCC4=CC(=O)CC[C@@]43C)[C@@H]1CC[C@@]2(O)C#C,-5.658
CCNc1[n]c(Cl)[n]c(NC(C)(C)C#N)[n]1,-3.151
CC(=NOC(=O)NC)SC,-0.447
Cc1cc(C)c(O)c(C)c1,-2.055
O=NN1CCCC1,0.999
Clc1cc(Cl)ccc1-c1ccc(Cl)cc1,-5.979
CCCCCCCCC(=O)OC,-3.876
CC=O,1.356
[O-][N+](=O)c1cc(ccc1O)C=O,-2.949
CCc1cc(CC)ccc1,-3.748
Nc1ccccc1C(O)=O,-1.593
CCOC1CC1,-0.641
ClC(Cl)(Cl)C(Cl)(Cl)Cl,-4.488
C[C@]12CCC(=O)C=C1CC[C@@H]1[C@@H]2[C@@H](O)C[C@]2(C)[C@H](CC[C@H]21)C(=O)CO,-3.241
Oc1cccc(Cl)c1Cl,-1.656
CCCCCCCC(=O)OC,-3.39
NS(=O)(=O)c1cc2c(cc1Cl)NCNS2(=O)=O,-2.615
N#CCCCC#N,1.026
CC(=O)C(C)(C)C,-0.722
Cc1cccc2c3ccccc3ccc21,-5.854
COc1c(O)cc(Cl)c(Cl)c1Cl,-4.398
CC1CCCC1,-3.302
C=CC1CC=CCC1,-3.335
COP(=O)(OC1C2CC=CC2C=1Cl)OC,-2.001
FC(Cl)(Cl)C(F)(Cl)Cl,-3.189
FC(Cl)(Cl)Cl,-2.096
CCCCSP(=O)(SCCCC)SCCCC,-5.634
ClCCBr,-1.318
COc1ccc(cc1)NC(N)=O,-1.592
Cc1ccc(cc1[N+]([O-])=O)[N+]([O-])=O,-2.829
Cc1c[n]c2c3[n]cc(C)c(C)c3ccc2c1C,-5.195
Clc1cc(Cl)c(Cl)cc1Cl,-5.56
c1ccco1,-0.833
CCc1ccccc1,-2.798
[O-][N+](=O)c1ccccc1[N+]([O-])=O,-3.102
CC(C)[C@H](C(=O)OC(C#N)c1cccc(c1)Oc1ccccc1)c1ccc(cc1)OC(F)F,-6.876
[O-][N+](=O)c1ccc(Cl)c(Cl)c1Cl,-3.94
c1[n][n]cc2ccccc21,-0.415
O=C(Nc1cc(Cl)ccc1)OCC#CCCl,-4.37
CCCCc1ccccc1,-4.056
CC(C)C[C@H](N)C(O)=O,-0.785
Clc1ccc(-c2cc(Cl)c(Cl)cc2Cl)c(Cl)c1Cl,-8.381
CCC(Br)(CC)C(=O)NC(N)=O,-2.676
COP(=S)(NC(C)C)Oc1ccc(Cl)cc1Cl,-4.798
Clc1ccc(cc1)-c1cccc(Cl)c1Cl,-6.259
Cc1ccccc1[N+]([O-])=O,-2.324
CCOP(=S)(OCC)SC(CCl)N1C(=O)c2ccccc2C1=O,-6.34
CC(CC(O)=O)C(O)=O,0.703
Clc1c2Oc3ccccc3Oc2c(Cl)c(Cl)c1Cl,-8.708
CC1C=NC(=O)NC=1N,-0.56
CCSCc1ccccc1OC(=O)NC,-2.093
OC[C@@H](O)[C@H]1O[C@@H]2O[C@@H](O[C@@H]2[C@H]1O)C(Cl)(Cl)Cl,-1.843
Fc1ccc(I)cc1,-3.126
CC1CCC(C)CC1,-4.466
CC(C)(C)NCC(O)c1ccc(O)c(CO)c1,-1.224
CCCCN(CCCC)N=O,-2.096
Oc1cccc2c1cccc2O,-2.987
CC1OCCSC=1C(=O)Nc1ccccc1,-3.141
COc1ccc2COC(=O)c2c1OC,-1.89
CC(=O)CC(=O)OC,0.634
CC1CNCCN1,0.638
[O-][N+](=O)c1ccc(cc1[N+]([O-])=O)C(O)=O,-1.501
[O-][N+](=O)c1cccc2ccccc21,-4.276
c1cc2c(c3ccccc31)-c1cccc3cccc-2c31,-8.004
BrCCCBr,-2.075
Cc1cc(ccc1)C(=O)c1cc(C)c(cc1)OC,-5.08
CC1=CNC(=O)NC1=O,-1.519
COc1ccc(cc1)[N+]([O-])=O,-2.414
[O-][N+](=O)c1ccc(Cl)cc1C(O)=O,-1.319
FC(Cl)Cl,-0.738
Cc1ccc(cc1)N(CCO)CCO,-0.91
[O-][N+](=O)c1cc(Cl)c(Cl)cc1,-3.201
CCNc1[n]c(Cl)[n]c(NC(C)C)[n]1,-3.887
NCCCCCC(O)=O,0.585
O=C(NC(=O)c1ccccc1)c1ccccc1,-2.273
c1cccc2[n]cccc21,-1.325
CC(CCl)OC(C)CCl,-2.003
CN(Cc1ccccc1)N=O,-1.522
BrCBr,-1.165
NCC(=O)NCC(=O)NCC(O)=O,-0.51
CCCN(CC1CC1)c1c(cc(cc1[N+]([O-])=O)C(F)(F)F)[N+]([O-])=O,-6.541
CC(=O)Nc1ccccc1,-1.29
Clc1ccccc1-c1ccc(Cl)c(Cl)c1Cl,-6.83
Cc1cc(C)c(C2CC(O)=C(C(=O)C2)C(CC)=NOCC)c(C)c1,-4.74
OCCCBr,0.009
C1CCCCC=C1,-3.163
CCC(C)=O,0.49
CCCN(CCC)N=O,-1.001
CCC(C)(C)c1ccccc1,-4.15
OC(=O)c1ccccc1C(=O)Nc1cccc2ccccc21,-3.163
CCCCN(CCCC)CCCC,-3.116
FC(F)(F)Br,-2.668
Clc1cc(Cl)c(cc1)-c1ccc(Cl)c(Cl)c1Cl,-7.62
C=C1C=CC(=O)O1,-0.983
C[C@]12CCC(=O)C=C1CC[C@@H]1[C@@H]2C(=O)C[C@@]2(C)[C@H]1CC[C@]2(O)C(=O)CO,-3.11
CCCCCCCC#C,-4.094
NS(=O)(=O)c1cc(C(O)=O)c(cc1Cl)NCc1ccco1,-3.656
C[C@]12CC[C@@H]3[C@H]4CCC(=O)C=C4CC[C@H]3[C@@H]1CC[C@]2(C#C)OC(C)=O,-4.784
NC1(CCCC1)C(O)=O,-0.412
CCC1(C(C)CCC)C(=O)NC(O)=NC1=O,-2.523
C1Cc2c3c(cc4c5ccccc5ccc24)cccc31,-7.861
Clc1ccccc1-c1ccccc1Cl,-5.081
CC(C)(C)O,1.13
Cc1[n]c(N)cc(C)[n]1,-1.284
CC(C)(C)C(O)C(Oc1ccc(Cl)cc1)[n]1c[n]c[n]1,-3.392
CCCCOC(=O)c1ccccc1C(=O)OCc1ccccc1,-5.065
CS(C)=O,1.107
O=C(NCN1CCOCC1)c1c[n]cc[n]1,0.176
CCc1ccccc1CC,-3.276
OC(=O)c1cc(c(cc1C(O)=O)C(O)=O)C(O)=O,-1.259
CN(C)c1c(C)cc(cc1C)OC(=O)NC,-3.347
CN(C)c1ccccc1,-1.922
CCNc1[n]c(Cl)[n]c(NCC)[n]1,-4.549
COP(=S)(Oc1ccc(cc1)Sc1ccc(cc1)OP(=S)(OC)OC)OC,-6.237
NC(N)=S,0.271
CCNc1[n]c(NC(C)C)[n]c([n]1)SC,-3.037
Cc1ccccc1C,-2.776
CCCNCCC,-0.237
CN=C=S,-0.983
N#Cc1ccccc1,-1.712
CCCC(CCC)C(O)=O,-1.858
CC1COC(=O)O1,0.234
C=CC#C,-1.464
Cc1cc(ccc1SC)OC(=O)NC,-3.973
CCCC(=O)CCC,-1.552
Nc1ccc(Cl)cc1Cl,-2.417
COC(C)=O,0.516
CCNC(=O)Nc1[n]cc([s]1)[N+]([O-])=O,-2.858
Nc1ccc(N)c2c1C(=O)c1ccccc1C2=O,-5.859
Cc1cccc(O)c1C,-1.427
O=C1C(NC(=O)C(Cl)Cl)=C(Cl)C(=O)c2ccccc12,-5.026
Cc1[n]c(cc(NS(=O)(=O)c2ccc(N)cc2)[n]1)OC,-2.543
Cc1c(Cl)c(O)cc(C)c1Cl,-2.98
CC(C)=O,1.236
CCCCCCCC=C,-5.052
OC(=O)CCC(=O)c1ccc(cc1)-c1ccccc1,-5.061
CCCC#N,-0.321
CCCCCCCCCCCC(O)=O,-3.561
CCCCCCCCCCCC,-6.41
Clc1ccccc1-c1c(Cl)cccc1Cl,-5.9
CCCCC(C)O,-0.873
Fc1ccccc1F,-2.0
CC(C)(C)CCO,-0.5
CC(=C)C(=O)OCCOCCOCCOC(=O)C(C)=C,-1.901
C1OCOCO1,0.288
Fc1cc(F)c(F)cc1F,-2.376
Cc1ccc(C)c2cccc(C)c12,-4.909
[O-][N+](=O)c1cc(cc(c1)[N+]([O-])=O)[N+]([O-])=O,-2.885
CC(C)(O)CCSc1ccc(cc1)S(N)(=O)=O,-2.838
CCCCNC(=O)N1C=C(F)C(=O)NC1=O,-2.446
Nc1ccc(cc1)/N=N/c1ccccc1,-3.181
CN(C)CCc1ccc(O)cc1,-1.373
OC(=O)C(Cl)(Cl)Cl,0.519
NC1=NC(=O)NC=C1F,-0.935
Clc1ccc(cc1Cl)-c1ccccc1,-6.39
CCCC(N)=O,0.272
Clc1cc(-c2cc(Cl)c(Cl)cc2Cl)c(Cl)cc1,-7.326
CCOCCC,-0.845
[O-][N+](=O)c1c(O)c(cc(c1O)[N+]([O-])=O)[N+]([O-])=O,-1.662
COC1=COC(CSP(=O)(OC)OC)=CC1=O,0.528
CN1C(=O)c2c([n]c[n]2C)N(C)C1=O,-0.966
CON(C)C(=O)Nc1cc(Cl)c(Cl)cc1,-3.521
OC(=O)CCCCCCCCCCCC(O)=O,-2.212
NC(=O)NO,1.119
CCC(=O)N(c1ccccc1)C1(COC)CCN(CCc2ccc[s]2)CC1,-3.706
NS(=O)(=O)c1cc2c(SCCC2=O)[s]1,-3.552
CP(=O)(OC(C)C)OC(C)C,-0.052
Cc1ccco1,-1.437
c1c2ccc3ccccc3c2cc2c3ccccc3ccc21,-8.432
O=Cc1ccco1,-0.096
Cc1ccc[n]c1C,0.385
Nc1ccc(O)cc1,-0.834
O=C1CCCO1,1.065
CC(C)(C(O)=O)C(O)=O,-0.167
CC=C(C)C,-2.56
Cc1cc(N)ccc1,-0.854
OC(=O)CCCCCCC(O)=O,-1.169
OC(=O)C1(O)c2cc(Cl)ccc2-c2ccccc12,-4.161
C=CCCCCCCCCC(O)=O,-3.398
CCCOC(=O)c1ccc(O)cc1,-2.557
CCOP(=S)(Oc1cc(Cl)c(Br)cc1Cl)OCC,-5.952
NCC1CCC(CC1)C(O)=O,0.026
CCN(CC)C(=O)CSc1ccc(Cl)[n][n]1,-1.716
CC(C)COC(C)=O,-1.266
CC(C)(CC)c1ccc(O)cc1,-2.99
Cc1ccc(cc1O)C(C)C,-2.08
Ic1ccc(I)cc1,-5.372
Cc1cc(cc(c1)OC(=O)NC)C(C)C,-3.357
CCC(C)Cl,-1.966
ClCCCBr,-1.847
C[C@@H]1CN[C@@H](C)CN1,0.486
OC(=O)CCCCCCCCCCBr,-3.699
Fc1ccc(F)cc1,-1.971
CCSC(=O)N(CCC)CCC,-2.703
BrC1CCCCC1,-2.294
COc1ccc(C=CC(=O)OCCOCC)cc1,-2.699
CCCC(C)=C,-3.033
CC(=O)N(C)c1ccccc1,-0.951
OC(=O)c1ccccc1S(O)(=O)=O,0.393
Clc1ccc(cc1)-c1ccc(Cl)c(Cl)c1Cl,-6.875
c1cc([n]c2ccccc21)-c1ccc2ccccc2[n]1,-5.4
O=C1c2ccccc2C(=O)C(Cl)=C1Cl,-4.382
CN(C)CCCN1c2ccccc2CCc2ccccc12,-4.187
C1CO1,1.356
C=CCC1(c2ccccc2)C(=O)NC(=O)NC1=O,-2.152
CC(CC)C(O)C(C)CC,-2.51
COCC(C)C,-0.9
C[C@H]1C[C@H]2[C@@H]3CCC4=CC(=O)C=C[C@]4(C)[C@@]3(F)[C@@H](O)C[C@]2(C)[C@@]1(OC(=O)CCCC)C(=O)CO,-4.71
OCc1cccc2ccccc21,-1.744
C(OCc1ccccc1)c1ccccc1,-3.695
CC(C)c1cc2ccccc2cc1,-5.298
CC(=O)c1ccc(N)cc1,-1.606
CCCCCCC=C,-4.437
COCCN(C(=O)CCl)c1c(C)cccc1C,-2.086
CC(C)=CC1C(C(=O)OCN2C(=O)C3CCCCC=3C2=O)C1(C)C,-4.858
ClCC1CO1,-0.147
Cc1[n]c([n]c(O)c1CCCC)N(C)C,-2.242
[O-][N+](=O)c1[n]cc[n]1CC(=O)NCc1ccccc1,-2.813
CC(=O)S[C@@H]1CC2=CC(=O)CC[C@]2(C)[C@H]2CC[C@@]3(C)[C@@H](CC[C@]43CCC(=O)O4)[C@@H]21,-4.277
OCCNCCO,0.978
O=NN1CCCCCC1,-1.001
CC(CC)CC,-3.683
Oc1ccccc1C(O)=O,-1.79
C[C@@H]1C[C@H]2[C@@H]3CCC4=CC(=O)C=C[C@]4(C)[C@@]3(F)[C@@H](O)C[C@]2(C)[C@@]1(O)C(=O)CO,-3.7075
[O-][N+](=O)c1cc(c(O)c(c1)[N+]([O-])=O)[N+]([O-])=O,-1.256
CC(C)CCCO,-1.14
CCCCCC#C,-3.01
CCc1c[n]ccc1,0.538
Clc1cc(Cl)c(Cl)c(Cl)c1,-4.627
CCOCCOC(C)=O,0.272
Nc1ccccc1Cl,-1.194
CCc1cc2ccccc2cc1,-4.29
CC(C)(C)c1[n][n]c(NS(=O)(=O)c2ccc(N)cc2)[s]1,-3.74
CCCC(Cl)Cl,-2.4
NC(=O)OCC(Cl)(Cl)Cl,-1.284
OC(=O)COc1cc(Cl)c(Cl)cc1Cl,-2.963
N[C@@H](CC(O)=O)C(O)=O,-0.318
COP(=O)(OC(Br)C(Cl)(Cl)Br)OC,-2.28
C#CCCCC#C,-1.747
[O-][N+](=O)c1ccccc1C=O,-1.814
CCCI,-2.201
c1c2c3ccccc3c3ccccc3c2cc2ccccc21,-8.24
Clc1cc(Cl)c2cc(Cl)cc(Cl)c2c1,-7.823
CCCCCCCCCc1ccc(cc1)OP(=O)(Oc1ccccc1)Oc1ccccc1,-5.769
CCCOC(C)=O,-0.733
CBr,-0.796
Cc1cc(C)[n]cc1,0.514
CCc1cc[n]cc1,0.827
CCC(C)c1ccccc1OC(=O)NC,-2.497
CC(=O)[C@H]1CC[C@H]2[C@@H]3CC=C4C[C@@H](O)CC[C@]4(C)[C@H]3CC[C@@]21C,-4.652
Cc1cc2cc3ccccc3cc2cc1,-6.956
COC=O,0.704
COc1cc(ccc1N)-c1cc(OC)c(N)cc1,-3.61
CCCCC(=O)CC,-0.902
ClC(Cl)C(c1ccc(Cl)cc1)c1ccc(Cl)cc1,-6.551
CN(OC)C(=O)Nc1ccc(Cl)cc1,-2.363
Clc1ccccc1-c1ccccc1,-4.592
Nc1ccc(cc1)S(=O)(=O)c1ccc(cc1)NCCO,-2.597
OC(=O)[C@@H]1CCCN1,0.148
CCCCCCCC,-5.238
Clc1c(Cl)c(Cl)c(Cl)c(Cl)c1Cl,-7.662
BrC(Br)(Br)Br,-3.14
C[C@]12CC[C@@H]3c4ccc(O)cc4CC=C3[C@@H]1CCC2=O,-5.279
CCOC(=O)CN(c1c(CC)cccc1CC)C(=O)CCl,-3.473
[O-][N+](=O)c1c(Cl)c(Cl)c(Cl)c(Cl)c1Cl,-5.817
Oc1ccc(Br)cc1Br,-2.123
CCOCCO,1.045
C1OC1C1CO1,1.065
CC(C)(C)c1ccc(cc1)C(O)=O,-3.804
Cc1c(cccc1[N+]([O-])=O)[N+]([O-])=O,-3.0
CCCCOC(=O)c1ccc(N)cc1,-2.755
O=C(/C=C/C=C/c1cc2OCOc2cc1)N1CCCCC1,-3.853
CCCCCCCCCCO,-3.631
Cc1ccc(cc1)-c1ccccc1,-4.618
OC(=O)c1cccc(F)c1,-1.97
CCCCCCCCC(O)=O,-2.746
CCCCCCC,-4.469
CC1CC(C)(C)CC(=O)C=1,-1.061
CC(C)C,-3.076
CCCCO,-0.069
ClC=CCCl,-2.045
CNc1ccccc1,-1.28
CC(C)CO,0.059
CCCCC=C,-3.226
CC1CC(C)(C)CC1,-4.478
CCOC(=O)NC,0.826
COCC(C)OC(C)=O,0.176
Cc1cc(Cl)c(Cl)cc1,-3.792
Cc1c[n]c(NS(=O)(=O)c2ccc(N)cc2)[n]c1,-2.82
OC(=O)c1cc(O)c(O)c(O)c1,-1.155
CCNc1[n]c([n]c(Cl)[n]1)N(CC)CC,-4.06
CCOC(=O)Nc1cccc(c1)OC(=O)Nc1ccccc1,-4.632
FC(F)(Cl)C(F)(F)Cl,-3.119
Clc1c(-c2cccc(Cl)c2Cl)c(Cl)ccc1Cl,-6.78
[O-][N+](=O)c1cccc(c1)C=O,-1.967
OCCCc1ccccc1,-1.38
[O-][N+](=O)c1ccc(cc1)Oc1ccc(cc1[N+]([O-])=O)C(F)(F)F,-5.215
CCNC(=O)COC(=O)c1ccccc1,-2.237
OC(=O)/C=C/c1ccccc1,-2.4245
OC(=O)c1c(O)cccc1O,-1.207
CCCCCC(C)(C)O,-1.72
Nc1ccc(cc1)-c1ccc(N)cc1,-2.758
CCC(C)OC,-0.73
Clc1c2Oc3c(Oc2c(Cl)c(Cl)c1Cl)c(Cl)c(Cl)c(Cl)c3Cl,-12.06
O=C(c1ccccc1)c1ccccc1,-3.124
Cc1cc2cc(C)c(C)cc2cc1,-5.001
Oc1ccc(O)cc1,-0.184
[O-][N+](=O)c1c2ccccc2cc2ccccc21,-6.292
CCCCCCCCCCCCN1CCCC1=O,-4.67
COc1cc(C=O)ccc1O,-1.141
COCCOC,1.045
Cc1cc2ccccc2cc1,-3.762
Cc1cc(Cl)ccc1O,-1.552
Cc1cc2[n]c(C)ccc2cc1,-1.944
CCCCI,-2.96
CNC(=O)Oc1ccccc1OC(C)C,-2.051
CC(C)(C)Cl,-1.507
CC(C)C(C)(C)O,-0.411
C(c1ccccc1)c1ccccc1,-4.077
[O-][N+](=O)c1cc(O)cc(c1)[N+]([O-])=O,-1.663
Nc1cccc2ccccc21,-1.925
COc1c2C=CC(=O)Oc2cc2OC(C)(C)C=Cc21,-3.81
CCNC(=O)CSP(=S)(OC)OC,-1.457
CCOc1ccccc1,-2.332
Oc1[n]c[n]c2[nH][n]cc21,-2.379
Oc1c(Cl)c(Cl)c(Cl)c(Cl)c1Cl,-4.279
Cc1ccc(cc1)C(O)=O,-2.603
CCS(=O)CSP(=O)(OCC)OCC,-1.512
OC(=O)Cc1ccccc1,-0.914
Cc1cc(c(O)cc1)[N+]([O-])=O,-2.384
Cc1cc(ccc1SC)OP(=O)(NC(C)C)OCC,-2.965
CC(C)COC=O,-1.001
CCOC(=O)OCC,-0.798
CN1CC(=O)NC1=N,-0.15
C1CCCCC1,-3.185
CCCCOC(N)=O,-0.657
CN(C)C(=O)COC(=O)c1ccccc1,-1.372
CC(C)CC(C)C,-4.261
CCCCCCCC(O)=O,-2.262
CC(C)COC(=O)C=C,-1.853
CC(C)C(C)CC,-4.281
CCOC=O,0.076
COc1[n]c(cc(NS(=O)(=O)c2ccc(N)cc2)[n]1)OC,-2.957
[O-][N+](=O)c1ccc(cc1)Oc1c(Cl)cc(Cl)cc1Cl,-5.62
OC(=O)CCC(O)=O,-0.152
NCCNCCNCCNCCN,0.723
CC1(C)O[C@@]2([C@@H](C[C@H]3[C@@H]4CCC5=CC(=O)C=C[C@]5(C)[C@@]4(F)[C@@H](O)C[C@]23C)O1)C(=O)CO,-4.316
Cc1c2c3ccccc3ccc2c2ccccc2c1C,-7.011
Cc1[n][n]c(NS(=O)(=O)c2ccc(N)cc2)[s]1,-2.411
COP(=O)(OC(=CCl)c1cc(Cl)c(Cl)cc1Cl)OC,-4.522
O[C@@H](CO)[C@H]1OC(=O)C(O)=C1O,0.3165
COC(=O)c1cc(ccc1[N+]([O-])=O)Oc1ccc(Cl)cc1Cl,-5.934
CCCC,-2.978
C1CCCC=C1,-2.586
Nc1ccc(Cl)cc1,-1.515
COP(=O)(NC(C)=O)SC,0.65
COC(=O)c1cc(Cl)cc(N)c1Cl,-3.263
c1cc2cccc3c2c2c(cccc21)c1ccccc31,-7.844
C1CCCCCC1,-3.515
N[C@@H](Cc1c[n]c[nH]1)C(O)=O,-0.532
COC(=O)c1ccccc1O,-1.313
O=C1CCCCCN1,0.834
[O-][N+](=O)c1cc(ccc1O)-c1ccccc1,-4.41
CCCCS,-2.179
Clc1cc(-c2cc(Cl)ccc2)c(Cl)cc1,-6.008
Clc1cc2Oc3c(Oc2cc1)c(Cl)c(Cl)c(Cl)c3Cl,-9.473
Clc1ccc(cc1)C(c1ccccc1Cl)C(Cl)(Cl)Cl,-6.62
Clc1c(cccc1Cl)-c1cc(Cl)c(Cl)c(Cl)c1Cl,-8.421
Oc1ccccc1C(=O)N1CCOCC1,-1.704
C[C@]12C=CC(=O)C=C1CC[C@@H]1[C@@H]2[C@@H](O)C[C@@]2(C)[C@H]1CC[C@]2(O)C(=O)CO,-3.209
Oc1[n]c[n]c2c1[n]c[n]2[C@@H]1O[C@H](CO)[C@@H](O)[C@H]1O,-1.23
CC(C)(O)C(Cl)(Cl)Cl,-1.346
CCC(C)CCC,-4.306
c1cc2ccc3cccc4c3c2c2c3c4cccc3ccc21,-9.026
C#Cc1ccccc1,-2.35
COc1ccccc1,-2.017
C=CCBr,-1.5
CC(C)CCBr,-2.887
Nc1c(Cl)c(ccc1[N+]([O-])=O)Oc1ccccc1,-5.025
CNC(=O)Oc1cccc2OC(C)(C)Oc21,-3.747
COc1ccc(cc1)C(O)=O,-2.458
CN(C)C(=O)Nc1ccc(cc1)Oc1ccc(Cl)cc1,-4.895
N[C@@H](Cc1cc(O)c(O)cc1)C(O)=O,-1.596
CC(C)OC(=O)c1ccccc1C(=O)OC(C)C,-2.877
OC(=O)c1ccc(F)cc1,-2.067
c1cc(ccc1-c1ccccc1)-c1ccccc1,-7.107
c1c2c3c(cccc3-c3ccccc3-2)c2ccccc21,-8.226
c1cccc2Nc3ccccc3Sc21,-5.098
CCOC(=O)C1(CCN(C)CC1)c1ccccc1,-1.885
CC(C)(CC)CC,-4.229
CC(C)=CCc1c2OC(=O)C=Cc2ccc1OC,-4.309
C=CCCC=C,-2.687
CCOP(=O)(Sc1ccccc1)Sc1ccccc1,-3.331
[O-][N+](=O)c1cc(Cl)ccc1Cl,-4.137
CC(C(O)=O)c1cc(ccc1)C(=O)c1ccccc1,-3.698
NC(=S)Nc1cccc2ccccc21,-2.528
CCOP(=S)(Oc1ccc(cc1)[N+]([O-])=O)OCC,-4.649
COP(=S)(OC)SCSc1ccc(Cl)cc1,-5.294
CC(=O)Oc1ccc(Br)cc1C(O)=O,-2.589
ClCC(Br)CBr,-2.374
CC(=O)Oc1ccccc1C(O)=O,-1.593
OCCO,1.207
CC(=O)NCc1c(I)c(NC(C)=O)c(I)c(C(O)=O)c1I,-2.321
FC(F)(Cl)C(F)(Cl)Cl,-3.042
CCCN(CCOc1c(Cl)cc(Cl)cc1Cl)C(=O)[n]1cc[n]c1,-4.044
COC1C=CN(C)C(=O)C=1C#N,-1.784
COc1cc(N)c(Cl)cc1C(=O)NCCN(CC)CC,-3.176
Cc1c[n]cc[n]1,1.026
CCOC(=O)C=Cc1ccccc1,-2.996
Nc1ccc(cc1)S(=O)(=O)Nc1[n]cc[s]1,-2.425
COc1cc(N)c2c(C(=O)c3ccccc3C2=O)c1N,-5.746
OC(=O)C=Cc1ccco1,-1.839
Clc1ccc(Br)cc1,-3.63
CC(C)OC=O,-0.629
CN(C)C(=O)C(c1ccccc1)c1ccccc1,-2.964
Cc1cc(ccc1)NC(=O)c1ccccc1C(O)=O,-2.407
[O-][N+](=O)c1cccc(c1O)C(O)=O,-2.149
OC(=O)COc1c(Cl)c(Cl)ccc1Cl,-2.62
CN(CC)CC,0.713
O[C@H](CO)[C@@H](O)CO,0.699
CCCC(C)(C)C(=O)Nc1ccc(Cl)cc1,-4.022
CCC1(c2ccccc2)C(=O)NC(=O)NC1=O,-2.321
CCCN(CCCl)c1c(cc(cc1[N+]([O-])=O)C(F)(F)F)[N+]([O-])=O,-4.551
Cc1ccc(N)cc1,-1.217
c1ccccc1Nc1ccccc1,-3.504
CC(Cl)(Cl)Cl,-1.952
C=CCCCO,-0.179
Nc1cc(N)ccc1,0.343
OC(=O)CCCOc1ccc(Cl)cc1Cl,-3.672
Cc1cc(NS(=O)(=O)c2ccc(N)cc2)[n]o1,-2.618
CCCCNC(=O)[n]1c(NC(=O)OC)[n]c2ccccc12,-4.883
Cc1cc2ccccc2c(C)c1,-4.291
[O-][N+](=O)c1ccc(cc1)[C@@H](O)[C@@H](CO)NC(=O)C(Cl)Cl,-2.111
Clc1ccccc1,-2.354
CC(C)OC(=O)C(O)(c1ccc(Br)cc1)c1ccc(Br)cc1,-4.933
CCCN(CCC)CCC,-2.282
Cc1cccc[n]1,1.031
COC1=CC(=O)C[C@@H](C)[C@@]21Oc1c(Cl)c(cc(OC)c1C2=O)OC,-4.611
CCNc1[n]c(NC(C)(C)C)[n]c([n]1)OC,-3.239
Cc1cc(O)ccc1[N+]([O-])=O,-2.11
CCOC=C,-0.858
[O-][N+](=O)c1ccc(cc1)Oc1ccc(Cl)cc1Cl,-5.453
Cc1c[n]ccc1C,0.359
Oc1cc(Cl)c(Cl)cc1Cl,-2.216
CC1NC(=O)N(C(=O)C=1Cl)C(C)(C)C,-2.485
CC[C@H]([C@H](CC)c1ccc(O)cc1)c1ccc(O)cc1,-4.353
NC(=O)c1c[n]cc[n]1,-0.914
Oc1cc2ccccc2cc1,-2.281
Clc1ccc(cc1)-c1ccccc1,-5.149
CC(=C)C(=O)OCC,-1.325
COc1ccc(cc1)C(=O)c1cc([s]c1)S(N)(=O)=O,-4.473
Clc1cc2Oc3cc(Cl)c(Cl)c(Cl)c3Oc2cc1,-8.874
CCI,-1.601
[O-][N+](=O)c1ccc(O)cc1,-1.079
[O-][N+](=O)c1cc(ccc1C(O)=O)[N+]([O-])=O,-1.067
CC(C)(C)SCSP(=S)(OCC)OCC,-4.755
C=CC=O,0.578
NS(=O)(=O)c1cc2c(cc1C(F)(F)F)NC(Cc1ccccc1)NS2(=O)=O,-3.591
CC1(C)C(C(=O)OC(C#N)c2cc(ccc2)Oc2ccccc2)C1(C)C,-6.025
CC(O)C(C)(C)C,-0.624
CC1(C)[C@@H]([C@@H]1C=C(Br)Br)C(=O)O[C@H](C#N)c1cccc(c1)Oc1ccccc1,-8.402
C1CCc2ccccc21,-3.035
c1cccc[n]1,1.102
Oc1[n]c2[n]cc[n]c2c(O)[n]1,-2.118
NS(=O)(=O)c1cc(c(cc1)SCCCO)[N+]([O-])=O,-3.466
CCCCOC=C,-1.524
Nc1ccccc1[N+]([O-])=O,-1.973
CC(C)C(C(=O)OC(C#N)c1cc(ccc1)Oc1ccccc1)c1ccc(Cl)cc1,-7.243
Cc1cc(NS(=O)(=O)c2ccc(N)cc2)[n]c(C)[n]1,-2.238
CCCC(C)(COC(N)=O)COC(=O)NC(C)C,-2.938
CC(C)c1cc(c(c(c1)[N+]([O-])=O)N(CCC)CCC)[N+]([O-])=O,-6.49
CC(=O)Oc1c(cc(c(C)c1[N+]([O-])=O)[N+]([O-])=O)C(C)(C)C,-4.472
NS(=O)(=O)c1ccccc1,-1.563
CN(C)C[C@@H](C)CN1c2cc(ccc2Sc2ccccc12)OC,-4.215
CC(C)Nc1[n]c([n]c(Cl)[n]1)N(CC)CC,-3.785
CCCCOCC1CO1,-0.814
CC(C)CC(C)O,-0.795
CCCCOCCO,0.927
NS(=O)(=O)c1cc(F)c(cc1)S(=O)(=O)CCO,-1.934
CCN(CC)N=O,0.016
Cc1cc(Cl)ccc1OCC(O)=O,-2.503
CC(=O)OCC(=O)[C@@]1(O)CCC2C3CCC4=CC(=O)CC[C@]4(C)C3[C@@H](O)C[C@]12C,-4.458
OC(=O)/C=C/c1c[nH]c[n]1,-1.964
CCCCCCCC(C)=O,-2.584
OCC(CBr)(CBr)CO,-0.838
CCCCOCCOCCCC,-1.94
O=Cc1ccccc1,-1.208
C/C(=C\C(=O)NC)/OP(=O)(OC)OC,0.651
OC(=O)c1cc(cc[n]1)C(O)=O,-1.827
CCN(CC)C(=O)SCc1ccc(Cl)cc1,-3.964
COC(=O)C(C)Oc1ccc(cc1)Oc1ccc(Cl)cc1Cl,-3.834
CCO,1.337
C=C(Cl)CCl,-1.713
Cc1cccc(C)c1O,-1.305
CC1=CC(=O)c2ccccc2C1=O,-3.032
NCC(O)=O,0.521
c1[n]ccc2ccccc21,-1.456
CC(O)=O,1.221
"ClC1(Cl)[C@@]2(Cl)[C@@H]3[C@@H]4C[C@@H]([C@H]5O[C@H]54)[C@@H]3[C@]1(Cl)C(Cl)=C2Cl |o1:3,5,6,8,9,11,12,13|",-6.237
[O-][N+](=O)c1ccc(cc1)Oc1ccc(CN(CCO)C(=O)C(Cl)Cl)cc1,-5.124
Cc1cccc2c1Cc1ccccc-21,-5.218
COP(=O)(OC=C(Cl)Cl)OC,-1.344
Brc1cc(Br)cc(Br)c1,-5.6
CC#CCCCC,-2.771
Cc1[n]c([n]c(OC(=O)N(C)C)c1C)N(C)C,-1.946
Clc1ccc(Cl)c(-c2cc(Cl)c(Cl)cc2Cl)c1Cl,-7.93
Clc1cc(Cl)c(-c2ccccc2)c(Cl)c1,-6.009
