FileHandle,SoluteName,SMILES,Sol,Mol,InChI,RB,MW
0008noc,n-octane,C(CCCC)CCC,2.89,<rdkit.Chem.rdchem.Mol object at 0x1a19b5cb20>,"InChI=1S/C8H18/c1-3-5-7-8-6-4-2/h3-8H2,1-2H3",5,114.14085057599999
0036tol,toluene,c1cc(ccc1)C,-0.89,<rdkit.Chem.rdchem.Mol object at 0x1a19b5ce40>,"InChI=1S/C7H8/c1-7-5-3-2-4-6-7/h2-6H,1H3",0,92.062600256
0045eth,ethanol,OCC,-5.01,<rdkit.Chem.rdchem.Mol object at 0x1a18df2120>,"InChI=1S/C2H6O/c1-2-3/h3H,2H2,1H3",0,46.041864812
0062dio,"1,4-dioxane",C1COCCO1,-5.05,<rdkit.Chem.rdchem.Mol object at 0x1a18df20d0>,InChI=1S/C4H8O2/c1-2-6-4-3-5-1/h1-4H2,0,88.052429496
0076but,2-butanone,CCC(=O)C,-3.64,<rdkit.Chem.rdchem.Mol object at 0x1a18df2210>,"InChI=1S/C4H8O/c1-3-4(2)5/h3H2,1-2H3",1,72.057514876
0119met,2-methylpyridine,c1(ccccn1)C,-4.63,<rdkit.Chem.rdchem.Mol object at 0x1a18df2260>,"InChI=1S/C6H7N/c1-6-4-2-3-5-7-6/h2-5H,1H3",0,93.057849224
0041nap,naphthalene,c1c2c(ccc1)cccc2,-2.39,<rdkit.Chem.rdchem.Mol object at 0x1a18df23f0>,InChI=1S/C10H8/c1-2-6-10-8-4-3-7-9(10)5-1/h1-8H,0,128.062600256
0053phe,phenol,c1(ccccc1)O,-6.62,<rdkit.Chem.rdchem.Mol object at 0x1a18df2490>,"InChI=1S/C6H6O/c7-6-4-2-1-3-5-6/h1-5,7H",0,94.041864812
0056mcr,m-cresol,c1ccc(cc1C)O,-5.49,<rdkit.Chem.rdchem.Mol object at 0x1a18df24e0>,"InChI=1S/C7H8O/c1-6-3-2-4-7(8)5-6/h2-5,8H,1H3",0,108.057514876
0086eth,aceticacid,C(=O)(C)O,-6.7,<rdkit.Chem.rdchem.Mol object at 0x1a18df2530>,"InChI=1S/C2H4O2/c1-2(3)4/h1H3,(H,3,4)",0,60.021129368000004
0087pro,propanoicacid,O=C(CC)O,-6.47,<rdkit.Chem.rdchem.Mol object at 0x1a18df2580>,"InChI=1S/C3H6O2/c1-2-3(4)5/h2H2,1H3,(H,4,5)",1,74.036779432
0088but,butanoicacid,C(CC(=O)O)C,-6.36,<rdkit.Chem.rdchem.Mol object at 0x1a18df25d0>,"InChI=1S/C4H8O2/c1-2-3-4(5)6/h2-3H2,1H3,(H,5,6)",2,88.052429496
0107tri,trimethylamine,N(C)(C)C,-3.23,<rdkit.Chem.rdchem.Mol object at 0x1a18df2620>,InChI=1S/C3H9N/c1-4(2)3/h1-3H3,0,59.073499287999994
0111die,diethylamine,N(CC)CC,-4.07,<rdkit.Chem.rdchem.Mol object at 0x1a18df2670>,"InChI=1S/C4H11N/c1-3-5-4-2/h5H,3-4H2,1-2H3",2,73.08914935199999
0116pyr,pyridine,c1ccncc1,-4.7,<rdkit.Chem.rdchem.Mol object at 0x1a18df26c0>,InChI=1S/C5H5N/c1-2-4-6-5-3-1/h1-5H,0,79.04219916
0118ani,aniline,c1(ccccc1)N,-5.49,<rdkit.Chem.rdchem.Mol object at 0x1a18df2710>,"InChI=1S/C6H7N/c7-6-4-2-1-3-5-6/h1-5H,7H2",0,93.057849224
0216amm,ammonia,N,-4.29,<rdkit.Chem.rdchem.Mol object at 0x1a18df2760>,InChI=1S/H3N/h1H3,0,17.026549096
0228met,methylamine,NC,-4.56,<rdkit.Chem.rdchem.Mol object at 0x1a18df27b0>,"InChI=1S/CH5N/c1-2/h2H2,1H3",0,31.042199159999996
0506nit,nitromethane,CN(=O)=O,-3.95,<rdkit.Chem.rdchem.Mol object at 0x1a18df2800>,InChI=1S/CH3NO2/c1-2(3)4/h1H3,0,61.016378336
0126eth,acetonitrile,C(#N)C,-3.89,<rdkit.Chem.rdchem.Mol object at 0x1a18df2850>,InChI=1S/C2H3N/c1-2-3/h1H3,0,41.026549096
0084met,acetophenone,c1c(cccc1)C(=O)C,-4.58,<rdkit.Chem.rdchem.Mol object at 0x1a18df28a0>,"InChI=1S/C8H8O/c1-7(9)8-5-3-2-4-6-8/h2-6H,1H3",1,120.057514876
n017,hydrogenperoxide,OO,-8.58,<rdkit.Chem.rdchem.Mol object at 0x1a18df28f0>,InChI=1S/H2O2/c1-2/h1-2H,0,34.005479304
0068ani,anisole,c1(ccccc1)OC,-2.45,<rdkit.Chem.rdchem.Mol object at 0x1a18df2940>,"InChI=1S/C7H8O/c1-8-7-5-3-2-4-6-7/h2-6H,1H3",1,108.057514876
0110but,butylamine,C(CCN)C,-4.29,<rdkit.Chem.rdchem.Mol object at 0x1a18df2990>,"InChI=1S/C4H11N/c1-2-3-4-5/h2-5H2,1H3",2,73.08914935199999
0005npe,n-pentane,CCCCC,2.33,<rdkit.Chem.rdchem.Mol object at 0x1a18df29e0>,"InChI=1S/C5H12/c1-3-5-4-2/h3-5H2,1-2H3",2,72.093900384
0006nhe,n-hexane,C(CCC)CC,2.49,<rdkit.Chem.rdchem.Mol object at 0x1a18df2a30>,"InChI=1S/C6H14/c1-3-5-6-4-2/h3-6H2,1-2H3",3,86.109550448
0018cyc,cyclohexane,C1CCCCC1,1.23,<rdkit.Chem.rdchem.Mol object at 0x1a18df2a80>,InChI=1S/C6H12/c1-2-4-6-5-3-1/h1-6H2,0,84.093900384
0035ben,benzene,c1ccccc1,-0.87,<rdkit.Chem.rdchem.Mol object at 0x1a18df2ad0>,InChI=1S/C6H6/c1-2-4-6-5-3-1/h1-6H,0,78.046950192
0044met,methanol,OC,-5.11,<rdkit.Chem.rdchem.Mol object at 0x1a18df2b20>,"InChI=1S/CH4O/c1-2/h2H,1H3",0,32.026214748
0047pro,1-propanol,CCCO,-4.83,<rdkit.Chem.rdchem.Mol object at 0x1a18df2b70>,"InChI=1S/C3H8O/c1-2-3-4/h4H,2-3H2,1H3",1,60.057514876
0048pro,isopropanol,CC(C)O,-4.76,<rdkit.Chem.rdchem.Mol object at 0x1a18df2bc0>,"InChI=1S/C3H8O/c1-3(2)4/h3-4H,1-2H3",0,60.057514876
0049but,1-butanol,C(CCC)O,-4.72,<rdkit.Chem.rdchem.Mol object at 0x1a18df2c10>,"InChI=1S/C4H10O/c1-2-3-4-5/h5H,2-4H2,1H3",2,74.07316494
0050met,t-butanol,OC(C)(C)C,-4.51,<rdkit.Chem.rdchem.Mol object at 0x1a18df2c60>,"InChI=1S/C4H10O/c1-4(2,3)5/h5H,1-3H3",0,74.07316494
0052pen,1-pentanol,CCCCCO,-4.47,<rdkit.Chem.rdchem.Mol object at 0x1a18df2cb0>,"InChI=1S/C5H12O/c1-2-3-4-5-6/h6H,2-5H2,1H3",3,88.088815004
0054hex,1-hexanol,C(CCCO)CC,-4.36,<rdkit.Chem.rdchem.Mol object at 0x1a18df2d00>,"InChI=1S/C6H14O/c1-2-3-4-5-6-7/h7H,2-6H2,1H3",4,102.104465068
0055ocr,o-cresol,c1cccc(c1C)O,-5.87,<rdkit.Chem.rdchem.Mol object at 0x1a18df2d50>,"InChI=1S/C7H8O/c1-6-4-2-3-5-7(6)8/h2-5,8H,1H3",0,108.057514876
0057pcr,p-cresol,c1cc(ccc1C)O,-6.14,<rdkit.Chem.rdchem.Mol object at 0x1a18df2da0>,"InChI=1S/C7H8O/c1-6-2-4-7(8)5-3-6/h2-5,8H,1H3",0,108.057514876
0058hep,1-heptanol,C(CCCO)CCC,-4.24,<rdkit.Chem.rdchem.Mol object at 0x1a18df2df0>,"InChI=1S/C7H16O/c1-2-3-4-5-6-7-8/h8H,2-7H2,1H3",5,116.120115132
0075pro,acetone,O=C(C)C,-3.85,<rdkit.Chem.rdchem.Mol object at 0x1a18df2e40>,InChI=1S/C3H6O/c1-3(2)4/h1-2H3,0,58.041864812
0078pen,2-pentanone,CCCC(=O)C,-3.53,<rdkit.Chem.rdchem.Mol object at 0x1a18df2e90>,"InChI=1S/C5H10O/c1-3-4-5(2)6/h3-4H2,1-2H3",2,86.07316494
0080hex,2-hexanone,C(CC(=O)C)CC,-3.29,<rdkit.Chem.rdchem.Mol object at 0x1a18df2ee0>,"InChI=1S/C6H12O/c1-3-4-5-6(2)7/h3-5H2,1-2H3",3,100.088815004
0082hep,2-heptanone,CCCCCC(=O)C,-3.04,<rdkit.Chem.rdchem.Mol object at 0x1a18df2f30>,"InChI=1S/C7H14O/c1-3-4-5-6-7(2)8/h3-6H2,1-2H3",4,114.104465068
0089pen,pentanoicacid,C(CC(=O)O)CC,-6.16,<rdkit.Chem.rdchem.Mol object at 0x1a18df2f80>,"InChI=1S/C5H10O2/c1-2-3-4-5(6)7/h2-4H2,1H3,(H,6,7)",3,102.06807956
0090hex,hexanoicacid,C(CC(=O)O)CCC,-6.21,<rdkit.Chem.rdchem.Mol object at 0x1a18dec030>,"InChI=1S/C6H12O2/c1-2-3-4-5-6(7)8/h2-5H2,1H3,(H,7,8)",4,116.083729624
0093met,methylacetate,CC(=O)OC,-3.32,<rdkit.Chem.rdchem.Mol object at 0x1a18dec080>,InChI=1S/C3H6O2/c1-3(4)5-2/h1-2H3,0,74.036779432
0094met,methylpropanoate,CCC(=O)OC,-2.93,<rdkit.Chem.rdchem.Mol object at 0x1a18dec0d0>,"InChI=1S/C4H8O2/c1-3-4(5)6-2/h3H2,1-2H3",1,88.052429496
0095eth,ethylacetate,C(=O)(OCC)C,-3.1,<rdkit.Chem.rdchem.Mol object at 0x1a18dec120>,"InChI=1S/C4H8O2/c1-3-6-4(2)5/h3H2,1-2H3",1,88.052429496
0097pro,propylacetate,C(=O)(C)OCCC,-2.86,<rdkit.Chem.rdchem.Mol object at 0x1a18dec170>,"InChI=1S/C5H10O2/c1-3-4-7-5(2)6/h3-4H2,1-2H3",2,102.06807956
0098met,methylpentanoate,C(CC(=O)OC)CC,-2.57,<rdkit.Chem.rdchem.Mol object at 0x1a18dec1c0>,"InChI=1S/C6H12O2/c1-3-4-5-6(7)8-2/h3-5H2,1-2H3",3,116.083729624
0099but,butylacetate,C(=O)(C)OCCCC,-2.55,<rdkit.Chem.rdchem.Mol object at 0x1a18dec210>,"InChI=1S/C6H12O2/c1-3-4-5-8-6(2)7/h3-5H2,1-2H3",3,116.083729624
0100met,methylhexanoate,C(CC(=O)OC)CCC,-2.49,<rdkit.Chem.rdchem.Mol object at 0x1a18dec260>,"InChI=1S/C7H14O2/c1-3-4-5-6-7(8)9-2/h3-6H2,1-2H3",4,130.099379688
0101pen,pentylacetate,C(=O)(C)OCCCCC,-2.45,<rdkit.Chem.rdchem.Mol object at 0x1a18dec2b0>,"InChI=1S/C7H14O2/c1-3-4-5-6-9-7(2)8/h3-6H2,1-2H3",4,130.099379688
0103eth,ethylamine,NCC,-4.5,<rdkit.Chem.rdchem.Mol object at 0x1a18dec300>,"InChI=1S/C2H7N/c1-2-3/h2-3H2,1H3",0,45.057849223999995
0104dim,dimethylamine,N(C)C,-4.29,<rdkit.Chem.rdchem.Mol object at 0x1a18dec350>,"InChI=1S/C2H7N/c1-3-2/h3H,1-2H3",0,45.057849223999995
0106pro,propylamine,CCCN,-4.39,<rdkit.Chem.rdchem.Mol object at 0x1a18dec3a0>,"InChI=1S/C3H9N/c1-2-3-4/h2-4H2,1H3",1,59.073499287999994
0115dip,dipropylamine,N(CCC)CCC,-3.66,<rdkit.Chem.rdchem.Mol object at 0x1a18dec3f0>,"InChI=1S/C6H15N/c1-3-5-7-6-4-2/h7H,3-6H2,1-2H3",4,101.12044947999999
0121met,4-methylpyridine,c1cc(ccn1)C,-4.94,<rdkit.Chem.rdchem.Mol object at 0x1a18dec440>,"InChI=1S/C6H7N/c1-6-2-4-7-5-3-6/h2-5H,1H3",0,93.057849224
0122Nme,N-methylaniline,c1(ccccc1)NC,-4.68,<rdkit.Chem.rdchem.Mol object at 0x1a18dec490>,"InChI=1S/C7H9N/c1-8-7-5-3-2-4-6-7/h2-6,8H,1H3",1,107.073499288
0125dim,"2,6-dimethylpyridine",c1(cccc(C)n1)C,-4.6,<rdkit.Chem.rdchem.Mol object at 0x1a18dec4e0>,"InChI=1S/C7H9N/c1-6-4-3-5-7(2)8-6/h3-5H,1-2H3",0,107.073499288
0134nit,nitrobenzene,c1ccc(cc1)N(=O)=O,-4.12,<rdkit.Chem.rdchem.Mol object at 0x1a18dec530>,InChI=1S/C6H5NO2/c8-7(9)6-4-2-1-3-5-6/h1-5H,1,123.0320284
0150mhy,m-hydroxybenzaldehyde,c1(cc(ccc1)O)C=O,-9.51,<rdkit.Chem.rdchem.Mol object at 0x1a18dec580>,"InChI=1S/C7H6O2/c8-5-6-2-1-3-7(9)4-6/h1-5,9H",1,122.036779432
0151phy,p-hydroxybenzaldehyde,c1(ccc(cc1)O)C=O,-10.48,<rdkit.Chem.rdchem.Mol object at 0x1a18dec5d0>,"InChI=1S/C7H6O2/c8-5-6-1-3-7(9)4-2-6/h1-5,9H",1,122.036779432
0215pbr,p-bromophenol,c1(ccc(cc1)Br)O,-7.13,<rdkit.Chem.rdchem.Mol object at 0x1a18dec620>,"InChI=1S/C6H5BrO/c7-5-1-3-6(8)4-2-5/h1-4,8H",0,171.95237688
0217wat,water,O,-6.31,<rdkit.Chem.rdchem.Mol object at 0x1a18dec670>,InChI=1S/H2O/h1H2,0,18.010564684
0220tri,trimethylphosphate,COP(=O)(OC)OC,-8.7,<rdkit.Chem.rdchem.Mol object at 0x1a18dec6c0>,"InChI=1S/C3H9O4P/c1-5-8(4,6-2)7-3/h1-3H3",3,140.02384539800002
0221tri,triethylphosphate,P(=O)(OCC)(OCC)OCC,-7.8,<rdkit.Chem.rdchem.Mol object at 0x1a18dec710>,"InChI=1S/C6H15O4P/c1-4-8-11(7,9-5-2)10-6-3/h4-6H2,1-3H3",6,182.07079559
0222tri,tripropylphosphate,P(=O)(OCCC)(OCCC)OCCC,-6.1,<rdkit.Chem.rdchem.Mol object at 0x1a18dec760>,"InChI=1S/C9H21O4P/c1-4-7-11-14(10,12-8-5-2)13-9-6-3/h4-9H2,1-3H3",9,224.117745782
0225pipa,piperidine,N1CCCCC1,-5.11,<rdkit.Chem.rdchem.Mol object at 0x1a18dec7b0>,"InChI=1S/C5H11N/c1-2-4-6-5-3-1/h6H,1-5H2",0,85.08914935199999
0229hyd,hydrazine,NN,-6.26,<rdkit.Chem.rdchem.Mol object at 0x1a18dec800>,InChI=1S/H4N2/c1-2/h1-2H2,0,32.037448128
0236oct,1-octanol,C(CCCCCC)CO,-4.09,<rdkit.Chem.rdchem.Mol object at 0x1a18dec850>,"InChI=1S/C8H18O/c1-2-3-4-5-6-7-8-9/h9H,2-8H2,1H3",6,130.135765196
0240met,methylbenzoate,c1cccc(c1)C(=O)OC,-3.91,<rdkit.Chem.rdchem.Mol object at 0x1a18dec8a0>,"InChI=1S/C8H8O2/c1-10-8(9)7-5-3-2-4-6-7/h2-6H,1H3",1,136.052429496
0401amia,"1,1-dimethyl-3-phenylurea",c1ccc(cc1)NC(=O)N(C)C,-9.63,<rdkit.Chem.rdchem.Mol object at 0x1a18dec8f0>,"InChI=1S/C9H12N2O/c1-11(2)9(12)10-8-6-4-3-5-7-8/h3-7H,1-2H3,(H,10,12)",1,164.094963004
0433pho,"2,2-dichloroethenyldimethylphosphate",C(=C(Cl)Cl)OP(=O)(OC)OC,-6.61,<rdkit.Chem.rdchem.Mol object at 0x1a18dec940>,"InChI=1S/C4H7Cl2O4P/c1-8-11(7,9-2)10-3-4(5)6/h3H,1-2H3",4,219.945900694
0441pho,dimethyl4-nitrophenylthiophosphate,COP(OC)(Oc1ccc(cc1)N(=O)=O)[S],-7.62,<rdkit.Chem.rdchem.Mol object at 0x1a18dec990>,"InChI=1S/C8H11NO5PS/c1-12-15(16,13-2)14-8-5-3-7(4-6-8)9(10)11/h3-6,15H,1-2H3",5,264.009555082
0447pho,diethyl4-nitrophenylthiophosphonate,C(C)OP(OCC)(Oc1ccc(cc1)N(=O)=O)[S],-6.27,<rdkit.Chem.rdchem.Mol object at 0x1a18dec9e0>,"InChI=1S/C10H15NO5PS/c1-3-14-17(18,15-4-2)16-10-7-5-9(6-8-10)11(12)13/h5-8,17H,3-4H2,1-2H3",7,292.04085521
0571dim,"3,5-dimethylpyridine",c1(cncc(c1)C)C,-4.84,<rdkit.Chem.rdchem.Mol object at 0x1a18deca30>,"InChI=1S/C7H9N/c1-6-3-7(2)5-8-4-6/h3-5H,1-2H3",0,107.073499288
n008,benzamide,c1cccc(c1)C(=O)N,-10.9,<rdkit.Chem.rdchem.Mol object at 0x1a18deca80>,"InChI=1S/C7H7NO/c8-7(9)6-4-2-1-3-5-6/h1-5H,(H2,8,9)",1,121.052763844
n009,2-methylaniline,c1cccc(c1N)C,-5.56,<rdkit.Chem.rdchem.Mol object at 0x1a18decad0>,"InChI=1S/C7H9N/c1-6-4-2-3-5-7(6)8/h2-5H,8H2,1H3",0,107.073499288
n010,3-methylaniline,c1ccc(cc1N)C,-5.67,<rdkit.Chem.rdchem.Mol object at 0x1a18decb20>,"InChI=1S/C7H9N/c1-6-3-2-4-7(8)5-6/h2-5H,8H2,1H3",0,107.073499288
n011,4-methylaniline,c1cc(ccc1N)C,-5.55,<rdkit.Chem.rdchem.Mol object at 0x1a18decb70>,"InChI=1S/C7H9N/c1-6-2-4-7(8)5-3-6/h2-5H,8H2,1H3",0,107.073499288
0129ben,benzonitrile,c1(ccccc1)C#N,-4.1,<rdkit.Chem.rdchem.Mol object at 0x1a18decbc0>,InChI=1S/C7H5N/c8-6-7-4-2-1-3-5-7/h1-5H,0,103.04219916
0186bro,bromobenzene,c1(ccccc1)Br,-1.46,<rdkit.Chem.rdchem.Mol object at 0x1a18decc10>,InChI=1S/C6H5Br/c7-6-4-2-1-3-5-6/h1-5H,0,155.95746226
0180bro,bromoethane,BrCC,-0.7,<rdkit.Chem.rdchem.Mol object at 0x1a18decc60>,"InChI=1S/C2H5Br/c1-2-3/h2H2,1H3",0,107.95746226
0179tri,bromoform,C(Br)(Br)Br,-1.98,<rdkit.Chem.rdchem.Mol object at 0x1a18deccb0>,InChI=1S/CHBr3/c2-1(3)4/h1H,0,249.762836332
0037eth,ethylbenzene,c1(ccccc1)CC,-0.8,<rdkit.Chem.rdchem.Mol object at 0x1a18decd00>,"InChI=1S/C8H10/c1-2-8-6-4-3-5-7-8/h3-7H,2H2,1H3",1,106.07825032
0046eth,"1,2-ethanediol",C(O)CO,-9.3,<rdkit.Chem.rdchem.Mol object at 0x1a18decd50>,"InChI=1S/C2H6O2/c3-1-2-4/h3-4H,1-2H2",1,62.036779432
n191,uracil,c1(=O)cc[nH]c(=O)[nH]1,-16.59,<rdkit.Chem.rdchem.Mol object at 0x1a18decda0>,"InChI=1S/C4H4N2O2/c7-3-1-2-5-4(8)6-3/h1-2H,(H2,5,6,7,8)",0,112.027277368
0081dim,"3,3-dimethylbutanone",C(C)(C(=O)C)(C)C,-2.89,<rdkit.Chem.rdchem.Mol object at 0x1a18decdf0>,"InChI=1S/C6H12O/c1-5(7)6(2,3)4/h1-4H3",0,100.088815004
0131nit,1-nitropropane,N(=O)(=O)CCC,-3.34,<rdkit.Chem.rdchem.Mol object at 0x1a18dece40>,"InChI=1S/C3H7NO2/c1-2-3-4(5)6/h2-3H2,1H3",2,89.047678464
0024met,2-methylpropene,C(=C)(C)C,1.16,<rdkit.Chem.rdchem.Mol object at 0x1a18dece90>,"InChI=1S/C4H8/c1-4(2)3/h1H2,2-3H3",0,56.062600255999996
0025buta,1-butene,C(=C)CC,1.38,<rdkit.Chem.rdchem.Mol object at 0x1a18decee0>,"InChI=1S/C4H8/c1-3-4-2/h3H,1,4H2,2H3",1,56.062600255999996
0028Epe,E-2-pentene,C/C=C/CC,1.34,<rdkit.Chem.rdchem.Mol object at 0x1a18decf30>,"InChI=1S/C5H10/c1-3-5-4-2/h3,5H,4H2,1-2H3/b5-3+",1,70.07825032
0038oxy,o-xylene,c1(ccccc1C)C,-0.9,<rdkit.Chem.rdchem.Mol object at 0x1a18decf80>,"InChI=1S/C8H10/c1-7-5-3-4-6-8(7)2/h3-6H,1-2H3",0,106.07825032
0039mxy,m-xylene,c1c(cccc1C)C,-0.84,<rdkit.Chem.rdchem.Mol object at 0x1a18df4030>,"InChI=1S/C8H10/c1-7-4-3-5-8(2)6-7/h3-6H,1-2H3",0,106.07825032
0074ben,benzaldehyde,c1(ccccc1)C=O,-4.02,<rdkit.Chem.rdchem.Mol object at 0x1a18df4080>,InChI=1S/C7H6O/c8-6-7-4-2-1-3-5-7/h1-6H,1,106.041864812
0077cyc,cyclopentanone,C1(=O)CCCC1,-4.68,<rdkit.Chem.rdchem.Mol object at 0x1a18df40d0>,InChI=1S/C5H8O/c6-5-3-1-2-4-5/h1-4H2,0,84.057514876
0135met,2-methyl-1-nitrobenzene,c1(ccccc1C)N(=O)=O,-3.59,<rdkit.Chem.rdchem.Mol object at 0x1a18df4120>,"InChI=1S/C7H7NO2/c1-6-4-2-3-5-7(6)8(9)10/h2-5H,1H3",1,137.047678464
0144thi,thioanisole,c1(ccccc1)SC,-2.73,<rdkit.Chem.rdchem.Mol object at 0x1a18df4170>,"InChI=1S/C7H8S/c1-8-7-5-3-2-4-6-7/h2-6H,1H3",1,124.034671256
0157flu,fluorobenzene,c1(ccccc1)F,-0.78,<rdkit.Chem.rdchem.Mol object at 0x1a18df41c0>,InChI=1S/C6H5F/c7-6-4-2-1-3-5-6/h1-5H,0,96.03752838
0174chl,chlorobenzene,c1(ccccc1)Cl,-1.12,<rdkit.Chem.rdchem.Mol object at 0x1a18df4210>,InChI=1S/C6H5Cl/c7-6-4-2-1-3-5-6/h1-5H,0,112.00797784
0176pdi,"1,4-dichlorobenzene",c1(ccc(cc1)Cl)Cl,-1.01,<rdkit.Chem.rdchem.Mol object at 0x1a18df4260>,InChI=1S/C6H4Cl2/c7-5-1-2-6(8)4-3-5/h1-4H,0,145.969005488
test4001,iodobenzene,c1ccc(cc1)I,-1.73,<rdkit.Chem.rdchem.Mol object at 0x1a18df42b0>,InChI=1S/C6H5I/c7-6-4-2-1-3-5-6/h1-5H,0,203.94359816
0063die,diethylether,O(CC)CC,-1.76,<rdkit.Chem.rdchem.Mol object at 0x1a18df4300>,"InChI=1S/C4H10O/c1-3-5-4-2/h3-4H2,1-2H3",2,74.07316494
0070eth,acetaldehyde,CC=O,-3.5,<rdkit.Chem.rdchem.Mol object at 0x1a18df4350>,"InChI=1S/C2H4O/c1-2-3/h2H,1H3",0,44.026214748
0117met,2-methylpyrazine,c1(nccnc1)C,-5.57,<rdkit.Chem.rdchem.Mol object at 0x1a18df43a0>,"InChI=1S/C5H6N2/c1-5-4-6-2-3-7-5/h2-4H,1H3",0,94.053098192
0120met,3-methylpyridine,c1(cccnc1)C,-4.77,<rdkit.Chem.rdchem.Mol object at 0x1a18df43f0>,"InChI=1S/C6H7N/c1-6-3-2-4-7-5-6/h2-5H,1H3",0,93.057849224
0139thi,thiophenol,c1(ccccc1)S,-2.55,<rdkit.Chem.rdchem.Mol object at 0x1a18df4440>,"InChI=1S/C6H6S/c7-6-4-2-1-3-5-6/h1-5,7H",0,110.019021192
0142die,diethylsulfide,S(CC)CC,-1.43,<rdkit.Chem.rdchem.Mol object at 0x1a18df4490>,"InChI=1S/C4H10S/c1-3-5-4-2/h3-4H2,1-2H3",2,90.05032132
0145pro,allylalcohol,C=CCO,-5.08,<rdkit.Chem.rdchem.Mol object at 0x1a18df44e0>,"InChI=1S/C3H6O/c1-2-3-4/h2,4H,1,3H2",1,58.041864812
0149mor,morpholine,O1CCNCC1,-7.17,<rdkit.Chem.rdchem.Mol object at 0x1a18df4530>,"InChI=1S/C4H9NO/c1-3-6-4-2-5-1/h5H,1-4H2",0,87.068413908
0162tri,chloroform,C(Cl)(Cl)Cl,-1.07,<rdkit.Chem.rdchem.Mol object at 0x1a18df4580>,InChI=1S/CHCl3/c2-1(3)4/h1H,0,117.91438307199999
0207tri,"2,2,2-trifluoroethanol",OCC(F)(F)F,-4.31,<rdkit.Chem.rdchem.Mol object at 0x1a18df45d0>,"InChI=1S/C2H3F3O/c3-2(4,5)1-6/h6H,1H2",0,100.013599376
0219hyd,hydrogensulfide,S,-0.7,<rdkit.Chem.rdchem.Mol object at 0x1a18df4620>,InChI=1S/H2S/h1H2,0,33.987721064
0230eth,2-ethylpyrazine,c1(nccnc1)CC,-5.51,<rdkit.Chem.rdchem.Mol object at 0x1a18df4670>,"InChI=1S/C6H8N2/c1-2-6-5-7-3-4-8-6/h3-5H,2H2,1H3",1,108.06874825599999
0233ethb,acetamide,C(=O)(N)C,-9.71,<rdkit.Chem.rdchem.Mol object at 0x1a18df46c0>,"InChI=1S/C2H5NO/c1-2(3)4/h1H3,(H2,3,4)",0,59.03711378
0242dii,isopropylether,C(C)(C)OC(C)C,-0.53,<rdkit.Chem.rdchem.Mol object at 0x1a18df4710>,"InChI=1S/C6H14O/c1-5(2)7-6(3)4/h5-6H,1-4H3",2,102.104465068
0244tet,tetrahydropyran,C1CCOCC1,-3.12,<rdkit.Chem.rdchem.Mol object at 0x1a18df4760>,InChI=1S/C5H10O/c1-2-4-6-5-3-1/h1-5H2,0,86.07316494
0245thi,thiophene,s1cccc1,-1.42,<rdkit.Chem.rdchem.Mol object at 0x1a18df47b0>,InChI=1S/C4H4S/c1-2-4-5-3-1/h1-4H,0,84.003371128
0246eth,ethylphenylether,c1ccc(cc1)OCC,-2.22,<rdkit.Chem.rdchem.Mol object at 0x1a18df4800>,"InChI=1S/C8H10O/c1-2-9-8-6-4-3-5-7-8/h3-7H,2H2,1H3",2,122.07316494
0402adn,9-methyladenine,[C]1(c2c([N]C=N1)n(cn2)C)N,-13.6,<rdkit.Chem.rdchem.Mol object at 0x1a18df4850>,"InChI=1S/C6H7N5/c1-11-3-10-4-5(7)8-2-9-6(4)11/h2-3H,1H3,(H2,7,8,9)",0,149.070145224
0403thi,1-methylthymine,c1(c(=O)[nH]c(=O)n(c1)C)C,-10.4,<rdkit.Chem.rdchem.Mol object at 0x1a18df48a0>,"InChI=1S/C6H8N2O2/c1-4-3-8(2)6(10)7-5(4)9/h3H,1-2H3,(H,7,9,10)",0,140.058577496
0421dfl,difluorodichloromethane,C(F)(F)(Cl)Cl,1.69,<rdkit.Chem.rdchem.Mol object at 0x1a18df48f0>,"InChI=1S/CCl2F2/c2-1(3,4)5",0,119.9345118
0422ftc,fluorotrichloromethane,C(Cl)(Cl)(Cl)F,0.82,<rdkit.Chem.rdchem.Mol object at 0x1a18df4940>,"InChI=1S/CCl3F/c2-1(3,4)5",0,135.90496126
n007,urea,C(=O)(N)N,-13.8,<rdkit.Chem.rdchem.Mol object at 0x1a18df4990>,"InChI=1S/CH4N2O/c2-1(3)4/h(H4,2,3,4)",0,60.032362748
n200,5-fluorouracil,c1(c[nH]c(=O)[nH]c1=O)F,-16.92,<rdkit.Chem.rdchem.Mol object at 0x1a18df49e0>,"InChI=1S/C4H3FN2O2/c5-2-1-6-4(9)7-3(2)8/h1H,(H2,6,7,8,9)",0,130.017855556
n203,5-bromouracil,[nH]1c(=O)[nH]c(=O)c(c1)Br,-18.17,<rdkit.Chem.rdchem.Mol object at 0x1a18df4a30>,"InChI=1S/C4H3BrN2O2/c5-2-1-6-4(9)7-3(2)8/h1H,(H2,6,7,8,9)",0,189.937789436
0003pro,n-propane,CCC,1.96,<rdkit.Chem.rdchem.Mol object at 0x1a18df4a80>,"InChI=1S/C3H8/c1-3-2/h3H2,1-2H3",0,44.062600255999996
0004nbu,n-butane,C(CC)C,2.08,<rdkit.Chem.rdchem.Mol object at 0x1a18df4ad0>,"InChI=1S/C4H10/c1-3-4-2/h3-4H2,1-2H3",1,58.078250319999995
0079pen,3-pentanone,CCC(=O)CC,-3.41,<rdkit.Chem.rdchem.Mol object at 0x1a18df4b20>,"InChI=1S/C5H10O/c1-3-5(6)4-2/h3-4H2,1-2H3",2,86.07316494
0138pro,1-propanethiol,CCCS,-1.05,<rdkit.Chem.rdchem.Mol object at 0x1a18df4b70>,"InChI=1S/C3H8S/c1-2-3-4/h4H,2-3H2,1H3",1,76.034671256
0165tri,"1,1,1-trichloroethane",ClC(C)(Cl)Cl,-0.25,<rdkit.Chem.rdchem.Mol object at 0x1a18df4bc0>,"InChI=1S/C2H3Cl3/c1-2(3,4)5/h1H3",0,131.930033136
0173tri,trichloroethene,C(=CCl)(Cl)Cl,-0.39,<rdkit.Chem.rdchem.Mol object at 0x1a18df4c10>,InChI=1S/C2HCl3/c3-1-2(4)5/h1H,0,129.914383072
0425dbr,"3,5-dibromo-4-hydroxybenzonitrile",c1(c(cc(C#N)cc1Br)Br)O,-9.0,<rdkit.Chem.rdchem.Mol object at 0x1a18df4c60>,"InChI=1S/C7H3Br2NO/c8-5-1-4(3-10)2-6(9)7(5)11/h1-2,11H",0,274.85813791600003
0051cyc,cyclopentanol,C1(O)CCCC1,-5.49,<rdkit.Chem.rdchem.Mol object at 0x1a18df4cb0>,"InChI=1S/C5H10O/c6-5-3-1-2-4-5/h5-6H,1-4H2",0,86.07316494
0071proa,propanal,CCC=O,-3.44,<rdkit.Chem.rdchem.Mol object at 0x1a18df4d00>,"InChI=1S/C3H6O/c1-2-3-4/h3H,2H2,1H3",1,58.041864812
test4003,iodomethane,CI,-0.89,<rdkit.Chem.rdchem.Mol object at 0x1a18df4d50>,InChI=1S/CH3I/c1-2/h1H3,0,141.927948096
0007nhe,n-heptane,CCCCCCC,2.62,<rdkit.Chem.rdchem.Mol object at 0x1a18df4da0>,"InChI=1S/C7H16/c1-3-5-7-6-4-2/h3-7H2,1-2H3",4,100.12520051199999
0040pxy,p-xylene,c1(ccc(cc1)C)C,-0.81,<rdkit.Chem.rdchem.Mol object at 0x1a18df4df0>,"InChI=1S/C8H10/c1-7-3-5-8(2)6-4-7/h3-6H,1-2H3",0,106.07825032
0042ant,anthracene,c1c2c(cc3c1cccc3)cccc2,-4.23,<rdkit.Chem.rdchem.Mol object at 0x1a18df4e40>,InChI=1S/C14H10/c1-2-6-12-10-14-8-4-3-7-13(14)9-11(12)5-1/h1-10H,0,178.07825032
0175odi,"1,2-dichlorobenzene",c1(c(cccc1)Cl)Cl,-1.36,<rdkit.Chem.rdchem.Mol object at 0x1a18df4e90>,InChI=1S/C6H4Cl2/c7-5-3-1-2-4-6(5)8/h1-4H,0,145.969005488
0187dib,p-dibromobenzene,c1(ccc(cc1)Br)Br,-2.3,<rdkit.Chem.rdchem.Mol object at 0x1a18df4ee0>,InChI=1S/C6H4Br2/c7-5-1-2-6(8)4-3-5/h1-4H,0,233.867974328
0239oct,2-octanone,C(CC(=O)C)CCCC,-2.88,<rdkit.Chem.rdchem.Mol object at 0x1a18df4f30>,"InChI=1S/C8H16O/c1-3-4-5-6-7-8(2)9/h3-7H2,1-2H3",5,128.120115132
0414dcl,"2,2'-dichlorobiphenyl",Clc1ccccc1c1ccccc1Cl,-2.73,<rdkit.Chem.rdchem.Mol object at 0x1a18df4f80>,InChI=1S/C12H8Cl2/c13-11-7-3-1-5-9(11)10-6-2-4-8-12(10)14/h1-8H,1,222.000305616
0001met,methane,C,2.0,<rdkit.Chem.rdchem.Mol object at 0x1a18df5030>,InChI=1S/CH4/h1H4,0,16.031300127999998
0002eth,ethane,CC,1.83,<rdkit.Chem.rdchem.Mol object at 0x1a18df5080>,InChI=1S/C2H6/c1-2/h1-2H3,0,30.046950192
0010met,2-methylpropane,CC(C)C,2.32,<rdkit.Chem.rdchem.Mol object at 0x1a18df50d0>,"InChI=1S/C4H10/c1-4(2)3/h4H,1-3H3",0,58.078250319999995
0011dim,"2,2-dimethylpropane",C(C)(C)(C)C,2.5,<rdkit.Chem.rdchem.Mol object at 0x1a18df5120>,"InChI=1S/C5H12/c1-5(2,3)4/h1-4H3",0,72.093900384
0012met,2-methylpentane,CCCC(C)C,2.52,<rdkit.Chem.rdchem.Mol object at 0x1a18df5170>,"InChI=1S/C6H14/c1-4-5-6(2)3/h6H,4-5H2,1-3H3",2,86.109550448
0013dim,"2,4-dimethylpentane",CC(CC(C)C)C,2.88,<rdkit.Chem.rdchem.Mol object at 0x1a18df51c0>,"InChI=1S/C7H16/c1-6(2)5-7(3)4/h6-7H,5H2,1-4H3",2,100.12520051199999
0014tri,"2,2,4-trimethylpentane",CC(CC(C)C)(C)C,2.85,<rdkit.Chem.rdchem.Mol object at 0x1a18df5210>,"InChI=1S/C8H18/c1-7(2)6-8(3,4)5/h7H,6H2,1-5H3",1,114.14085057599999
0016cyc,cyclopropane,C1CC1,0.75,<rdkit.Chem.rdchem.Mol object at 0x1a18df5260>,InChI=1S/C3H6/c1-2-3-1/h1-3H2,0,42.046950192
0017cyc,cyclopentane,C1CCCC1,1.2,<rdkit.Chem.rdchem.Mol object at 0x1a18df52b0>,InChI=1S/C5H10/c1-2-4-5-3-1/h1-5H2,0,70.07825032
0019met,methylcyclohexane,C1(CCCCC1)C,1.71,<rdkit.Chem.rdchem.Mol object at 0x1a18df5300>,"InChI=1S/C7H14/c1-7-5-3-2-4-6-7/h7H,2-6H2,1H3",0,98.109550448
0021eth,ethene,C=C,1.27,<rdkit.Chem.rdchem.Mol object at 0x1a18df5350>,InChI=1S/C2H4/c1-2/h1-2H2,0,28.031300127999998
0022pro,propene,C=CC,1.27,<rdkit.Chem.rdchem.Mol object at 0x1a18df53a0>,"InChI=1S/C3H6/c1-3-2/h3H,1H2,2H3",0,42.046950192
0023str,"s-trans-1,3-butadiene",C(=C)C=C,0.61,<rdkit.Chem.rdchem.Mol object at 0x1a18df53f0>,"InChI=1S/C4H6/c1-3-4-2/h3-4H,1-2H2",1,54.046950192
0027pen,1-pentene,C=CCCC,1.66,<rdkit.Chem.rdchem.Mol object at 0x1a18df5440>,"InChI=1S/C5H10/c1-3-5-4-2/h3H,1,4-5H2,2H3",2,70.07825032
0029hex,1-hexene,C=CCCCC,1.68,<rdkit.Chem.rdchem.Mol object at 0x1a18df5490>,"InChI=1S/C6H12/c1-3-5-6-4-2/h3H,1,4-6H2,2H3",3,84.093900384
0030eth,ethyne,C#C,-0.01,<rdkit.Chem.rdchem.Mol object at 0x1a18df54e0>,InChI=1S/C2H2/c1-2/h1-2H,0,26.015650064
0031pro,propyne,C#CC,-0.31,<rdkit.Chem.rdchem.Mol object at 0x1a18df5530>,"InChI=1S/C3H4/c1-3-2/h1H,2H3",0,40.031300128
0032but,1-butyne,C#CCC,-0.16,<rdkit.Chem.rdchem.Mol object at 0x1a18df5580>,"InChI=1S/C4H6/c1-3-4-2/h1H,4H2,2H3",0,54.046950192
0033pen,1-pentyne,C(CC)C#C,0.01,<rdkit.Chem.rdchem.Mol object at 0x1a18df55d0>,"InChI=1S/C5H8/c1-3-5-4-2/h1H,4-5H2,2H3",1,68.062600256
0034hex,1-hexyne,C#CCCCC,0.29,<rdkit.Chem.rdchem.Mol object at 0x1a18df5620>,"InChI=1S/C6H10/c1-3-5-6-4-2/h1H,4-6H2,2H3",2,82.07825032
0060dim,dimethylether,O(C)C,-1.92,<rdkit.Chem.rdchem.Mol object at 0x1a18df5670>,InChI=1S/C2H6O/c1-3-2/h1-2H3,0,46.041864812
0061tet,tetrahydrofuran,C1CCOC1,-3.47,<rdkit.Chem.rdchem.Mol object at 0x1a18df56c0>,InChI=1S/C4H8O/c1-2-4-5-3-1/h1-4H2,0,72.057514876
0066dim,"1,2-dimethoxyethane",C(COC)OC,-4.84,<rdkit.Chem.rdchem.Mol object at 0x1a18df5710>,"InChI=1S/C4H10O2/c1-5-3-4-6-2/h3-4H2,1-2H3",3,90.06807956
0072but,butanal,C(CC)C=O,-3.18,<rdkit.Chem.rdchem.Mol object at 0x1a18df5760>,"InChI=1S/C4H8O/c1-2-3-4-5/h4H,2-3H2,1H3",2,72.057514876
0073pen,pentanal,CCCCC=O,-3.03,<rdkit.Chem.rdchem.Mol object at 0x1a18df57b0>,"InChI=1S/C5H10O/c1-2-3-4-5-6/h5H,2-4H2,1H3",3,86.07316494
0083hep,4-heptanone,CCCC(=O)CCC,-2.93,<rdkit.Chem.rdchem.Mol object at 0x1a18df5800>,"InChI=1S/C7H14O/c1-3-5-7(8)6-4-2/h3-6H2,1-2H3",4,114.104465068
0085non,5-nonanone,C(CCC(=O)CCCC)C,-2.67,<rdkit.Chem.rdchem.Mol object at 0x1a18df5850>,"InChI=1S/C9H18O/c1-3-5-7-9(10)8-6-4-2/h3-8H2,1-2H3",6,142.135765196
0091met,methylformate,O=COC,-2.78,<rdkit.Chem.rdchem.Mol object at 0x1a18df58a0>,"InChI=1S/C2H4O2/c1-4-2-3/h2H,1H3",1,60.021129368
0092ethb,ethylformate,O=COCC,-2.65,<rdkit.Chem.rdchem.Mol object at 0x1a18df58f0>,"InChI=1S/C3H6O2/c1-2-5-3-4/h3H,2H2,1H3",2,74.036779432
0096met,methylbutanoate,C(CC(=O)OC)C,-2.83,<rdkit.Chem.rdchem.Mol object at 0x1a18df5940>,"InChI=1S/C5H10O2/c1-3-4-5(6)7-2/h3-4H2,1-2H3",2,102.06807956
0113pen,pentylamine,C(CCN)CC,-4.1,<rdkit.Chem.rdchem.Mol object at 0x1a18df5990>,"InChI=1S/C5H13N/c1-2-3-4-5-6/h2-6H2,1H3",3,87.10479941599999
0123dim,"2,4-dimethylpyridine",c1(nccc(c1)C)C,-4.86,<rdkit.Chem.rdchem.Mol object at 0x1a18df59e0>,"InChI=1S/C7H9N/c1-6-3-4-8-7(2)5-6/h3-5H,1-2H3",0,107.073499288
0124dim,"2,5-dimethylpyridine",c1(ncc(cc1)C)C,-4.72,<rdkit.Chem.rdchem.Mol object at 0x1a18df5a30>,"InChI=1S/C7H9N/c1-6-3-4-7(2)8-5-6/h3-5H,1-2H3",0,107.073499288
0127pro,propionitrile,C(#N)CC,-3.85,<rdkit.Chem.rdchem.Mol object at 0x1a18df5a80>,"InChI=1S/C3H5N/c1-2-3-4/h2H2,1H3",0,55.042199159999996
0128butb,butanonitrile,C(#N)CCC,-3.64,<rdkit.Chem.rdchem.Mol object at 0x1a18df5ad0>,"InChI=1S/C4H7N/c1-2-3-4-5/h2-3H2,1H3",1,69.057849224
0130nit,nitroethane,N(=O)(=O)CC,-3.71,<rdkit.Chem.rdchem.Mol object at 0x1a18df5b20>,"InChI=1S/C2H5NO2/c1-2-3(4)5/h2H2,1H3",1,75.0320284
0132nit,2-nitropropane,N(=O)(=O)C(C)C,-3.14,<rdkit.Chem.rdchem.Mol object at 0x1a18df5b70>,"InChI=1S/C3H7NO2/c1-3(2)4(5)6/h3H,1-2H3",1,89.047678464
0133nit,1-nitrobutane,C(CCN(=O)=O)C,-3.08,<rdkit.Chem.rdchem.Mol object at 0x1a18df5bc0>,"InChI=1S/C4H9NO2/c1-2-3-4-5(6)7/h2-4H2,1H3",3,103.063328528
0137ethb,ethanethiol,SCC,-1.3,<rdkit.Chem.rdchem.Mol object at 0x1a18df5c10>,"InChI=1S/C2H6S/c1-2-3/h3H,2H2,1H3",0,62.019021192
0140dim,dimethylsulfide,S(C)C,-1.54,<rdkit.Chem.rdchem.Mol object at 0x1a18df5c60>,InChI=1S/C2H6S/c1-3-2/h1-2H3,0,62.019021192
0141dim,dimethyldisulfide,S(SC)C,-1.83,<rdkit.Chem.rdchem.Mol object at 0x1a18df5cb0>,InChI=1S/C2H6S2/c1-3-4-2/h1-2H3,1,93.991092192
0143dip,dipropylsulfide,S(CCC)CCC,-1.27,<rdkit.Chem.rdchem.Mol object at 0x1a18df5d00>,"InChI=1S/C6H14S/c1-3-5-7-6-4-2/h3-6H2,1-2H3",4,118.08162144799999
0161dic,dichloromethane,ClCCl,-1.36,<rdkit.Chem.rdchem.Mol object at 0x1a18df5d50>,InChI=1S/CH2Cl2/c2-1-3/h1H2,0,83.953355424
0163chl,chloroethane,ClCC,-0.63,<rdkit.Chem.rdchem.Mol object at 0x1a18df5da0>,"InChI=1S/C2H5Cl/c1-2-3/h2H2,1H3",0,64.00797784
0166tri,"1,1,2-trichloroethane",C(CCl)(Cl)Cl,-1.95,<rdkit.Chem.rdchem.Mol object at 0x1a18df5df0>,"InChI=1S/C2H3Cl3/c3-1-2(4)5/h2H,1H2",1,131.930033136
0167chla,1-chloropropane,C(CC)Cl,-0.27,<rdkit.Chem.rdchem.Mol object at 0x1a18df5e40>,"InChI=1S/C3H7Cl/c1-2-3-4/h2-3H2,1H3",1,78.023627904
0168chl,2-chloropropane,CC(C)Cl,-0.25,<rdkit.Chem.rdchem.Mol object at 0x1a18df5e90>,"InChI=1S/C3H7Cl/c1-3(2)4/h3H,1-2H3",0,78.023627904
0170chl,3-chloropropene,C(=C)CCl,-0.57,<rdkit.Chem.rdchem.Mol object at 0x1a18df5ee0>,"InChI=1S/C3H5Cl/c1-2-3-4/h2H,1,3H2",1,76.00797784
0171Zdi,"Z-1,2-dichloroethene",C(=C\Cl)\Cl,-1.17,<rdkit.Chem.rdchem.Mol object at 0x1a18df5f30>,InChI=1S/C2H2Cl2/c3-1-2-4/h1-2H/b2-1-,0,95.953355424
0172Edi,"E-1,2-dichloroethene",C(=C\Cl)/Cl,-0.76,<rdkit.Chem.rdchem.Mol object at 0x1a18df5f80>,InChI=1S/C2H2Cl2/c3-1-2-4/h1-2H/b2-1+,0,95.953355424
0178dib,dibromomethane,BrCBr,-2.11,<rdkit.Chem.rdchem.Mol object at 0x1a18df6030>,InChI=1S/CH2Br2/c2-1-3/h1H2,0,171.852324264
0182bro,1-bromopropane,CCCBr,-0.56,<rdkit.Chem.rdchem.Mol object at 0x1a18df6080>,"InChI=1S/C3H7Br/c1-2-3-4/h2-3H2,1H3",1,121.973112324
0183bro,2-bromopropane,C(Br)(C)C,-0.48,<rdkit.Chem.rdchem.Mol object at 0x1a18df60d0>,"InChI=1S/C3H7Br/c1-3(2)4/h3H,1-2H3",0,121.973112324
0184bro,1-bromobutane,CCCCBr,-0.41,<rdkit.Chem.rdchem.Mol object at 0x1a18df6120>,"InChI=1S/C4H9Br/c1-2-3-4-5/h2-4H2,1H3",2,135.988762388
0185bro,1-bromopentane,C(CCC)CBr,-0.08,<rdkit.Chem.rdchem.Mol object at 0x1a18df6170>,"InChI=1S/C5H11Br/c1-2-3-4-5-6/h2-5H2,1H3",3,150.004412452
0201bro,"1-bromo-1-chloro-2,2,2-trifluoroethane",C([C@@H](Cl)Br)(F)(F)F,-0.13,<rdkit.Chem.rdchem.Mol object at 0x1a18df61c0>,"InChI=1S/C2HBrClF3/c3-1(4)2(5,6)7/h1H/t1-/m1/s1",0,195.890224472
0203bro,"1-bromo-1,2,2,2-tetrafluoroethane",C([C@@H](F)Br)(F)(F)F,0.52,<rdkit.Chem.rdchem.Mol object at 0x1a18df6210>,"InChI=1S/C2HBrF4/c3-1(4)2(5,6)7/h1H/t1-/m1/s1",0,179.919775012
0204tet,tetrachloroethene,C(=C(Cl)Cl)(Cl)Cl,0.05,<rdkit.Chem.rdchem.Mol object at 0x1a18df6260>,InChI=1S/C2Cl4/c3-1(4)2(5)6,0,163.87541072
0206tri,"1,1,2-trichloro-1,2,2-trifluoroethane",C(C(Cl)(F)F)(F)(Cl)Cl,1.77,<rdkit.Chem.rdchem.Mol object at 0x1a18df62b0>,"InChI=1S/C2Cl3F3/c3-1(4,6)2(5,7)8",1,185.9017677
0214tri,"2,2,2-trifluorethylvinylether",O(CC(F)(F)F)C=C,-0.12,<rdkit.Chem.rdchem.Mol object at 0x1a18df6300>,"InChI=1S/C4H5F3O/c1-2-8-3-4(5,6)7/h2H,1,3H2",2,126.02924944
0223die,diethyldisulfide,S(SCC)CC,-1.63,<rdkit.Chem.rdchem.Mol object at 0x1a18df6350>,"InChI=1S/C4H10S2/c1-3-5-6-4-2/h3-4H2,1-2H3",3,122.02239232
0237oct,octanal,C(CC=O)CCCCC,-2.29,<rdkit.Chem.rdchem.Mol object at 0x1a18df63a0>,"InChI=1S/C8H16O/c1-2-3-4-5-6-7-8-9/h8H,2-7H2,1H3",6,128.120115132
0400hyd,hydrogen,[H][H],2.33,<rdkit.Chem.rdchem.Mol object at 0x1a18df63f0>,InChI=1S/H2/h1H,0,2.015650064
0417brp,3-bromopropene,C(C=C)Br,-0.86,<rdkit.Chem.rdchem.Mol object at 0x1a18df6440>,"InChI=1S/C3H5Br/c1-2-3-4/h2H,1,3H2",1,119.95746226
0418bri,1-bromo-isobutane,CC(C)CBr,-0.03,<rdkit.Chem.rdchem.Mol object at 0x1a18df6490>,"InChI=1S/C4H9Br/c1-4(2)3-5/h4H,3H2,1-2H3",1,135.988762388
0419brt,bromotoluene,c1(ccccc1)CBr,-2.37,<rdkit.Chem.rdchem.Mol object at 0x1a18df64e0>,"InChI=1S/C7H7Br/c8-6-7-4-2-1-3-5-7/h1-5H,6H2",1,169.973112324
0420pbr,p-bromotoluene,Cc1ccc(cc1)Br,-1.39,<rdkit.Chem.rdchem.Mol object at 0x1a18df6530>,"InChI=1S/C7H7Br/c1-6-2-4-7(8)5-3-6/h2-5H,1H3",0,169.973112324
0423brt,bromotrichloromethane,C(Cl)(Cl)(Cl)Br,-0.93,<rdkit.Chem.rdchem.Mol object at 0x1a18df6580>,"InChI=1S/CBrCl3/c2-1(3,4)5",0,195.82489514
0471dim,"3,4-dimethylpyridine",c1cncc(c1C)C,-5.22,<rdkit.Chem.rdchem.Mol object at 0x1a18df65d0>,"InChI=1S/C7H9N/c1-6-3-4-8-5-7(6)2/h3-5H,1-2H3",0,107.073499288
0574eth,4-ethylpyridine,c1cnccc1CC,-4.74,<rdkit.Chem.rdchem.Mol object at 0x1a18df6620>,"InChI=1S/C7H9N/c1-2-7-3-5-8-6-4-7/h3-6H,2H2,1H3",1,107.073499288
0939tet,tetramethylsilane,[Si](C)(C)(C)C,3.04,<rdkit.Chem.rdchem.Mol object at 0x1a18df6670>,"InChI=1S/C4H12Si/c1-5(2,3)4/h1-4H3",0,88.070826914
test4002,diiodomethane,C(I)I,-2.49,<rdkit.Chem.rdchem.Mol object at 0x1a18df66c0>,InChI=1S/CH2I2/c2-1-3/h1H2,0,267.824596064
test4004,iodoethane,C(I)C,-0.72,<rdkit.Chem.rdchem.Mol object at 0x1a18df6710>,"InChI=1S/C2H5I/c1-2-3/h2H2,1H3",0,155.94359816
test4006,1-iodopropane,CCCI,-0.59,<rdkit.Chem.rdchem.Mol object at 0x1a18df6760>,"InChI=1S/C3H7I/c1-2-3-4/h2-3H2,1H3",1,169.959248224
test4007,1-iodobutane,C(CCI)C,-0.25,<rdkit.Chem.rdchem.Mol object at 0x1a18df67b0>,"InChI=1S/C4H9I/c1-2-3-4-5/h2-4H2,1H3",2,183.974898288
test4008,1-iodopentane,C(CCI)CC,-0.12,<rdkit.Chem.rdchem.Mol object at 0x1a18df6800>,"InChI=1S/C5H11I/c1-2-3-4-5-6/h2-5H2,1H3",3,197.990548352
0109pip,piperazine,C1CNCCN1,-7.4,<rdkit.Chem.rdchem.Mol object at 0x1a18df6850>,"InChI=1S/C4H10N2/c1-2-6-4-3-5-1/h5-6H,1-4H2",0,86.08439831999999
0064met,methylpropylether,O(C)CCC,-1.66,<rdkit.Chem.rdchem.Mol object at 0x1a18df68a0>,"InChI=1S/C4H10O/c1-3-4-5-2/h3-4H2,1-2H3",2,74.07316494
0065met,methylisopropylether,COC(C)C,-2.01,<rdkit.Chem.rdchem.Mol object at 0x1a18df68f0>,"InChI=1S/C4H10O/c1-4(2)5-3/h4H,1-3H3",1,74.07316494
0067but,t-butylmethylether,O(C(C)(C)C)C,-2.21,<rdkit.Chem.rdchem.Mol object at 0x1a18df6940>,"InChI=1S/C5H12O/c1-5(2,3)6-4/h1-4H3",0,88.088815004
0154dif,"1,1-difluoroethane",C(C)(F)F,-0.11,<rdkit.Chem.rdchem.Mol object at 0x1a18df6990>,"InChI=1S/C2H4F2/c1-2(3)4/h2H,1H3",0,66.028106568
0177bro,bromomethane,BrC,-0.82,<rdkit.Chem.rdchem.Mol object at 0x1a18df69e0>,InChI=1S/CH3Br/c1-2/h1H3,0,93.941812196
0197bro,bromotrifluoromethane,BrC(F)(F)F,1.79,<rdkit.Chem.rdchem.Mol object at 0x1a18df6a30>,"InChI=1S/CBrF3/c2-1(3,4)5",0,147.91354676
0199chl,chlorodifluoromethane,C(Cl)(F)F,-0.5,<rdkit.Chem.rdchem.Mol object at 0x1a18df6a80>,InChI=1S/CHClF2/c2-1(3)4/h1H,0,85.973484152
0200tet,tetrafluoromethane,C(F)(F)(F)F,3.16,<rdkit.Chem.rdchem.Mol object at 0x1a18df6ad0>,"InChI=1S/CF4/c2-1(3,4)5",0,87.99361288
0211tri,"1,1,1-trifluoropropan-2-ol",O[C@H](C)C(F)(F)F,-4.16,<rdkit.Chem.rdchem.Mol object at 0x1a18df6b20>,"InChI=1S/C3H5F3O/c1-2(7)3(4,5)6/h2,7H,1H3/t2-/m1/s1",0,114.02924944
0212hex,"1,1,1,3,3,3-hexafluoropropan-2-ol",OC(C(F)(F)F)C(F)(F)F,-3.77,<rdkit.Chem.rdchem.Mol object at 0x1a18df6b70>,"InChI=1S/C3H2F6O/c4-2(5,6)1(10)3(7,8)9/h1,10H",0,168.000984004
0415dcl,"2,3-dichlorobiphenyl",Clc1cccc(c1Cl)c1ccccc1,-2.45,<rdkit.Chem.rdchem.Mol object at 0x1a18df6bc0>,InChI=1S/C12H8Cl2/c13-11-8-4-7-10(12(11)14)9-5-2-1-3-6-9/h1-8H,1,222.000305616
0416dcl,"2,2',3'-trichlorobiphenyl",Clc1cccc(c1Cl)c1ccccc1Cl,-1.99,<rdkit.Chem.rdchem.Mol object at 0x1a18df6c10>,InChI=1S/C12H7Cl3/c13-10-6-2-1-4-8(10)9-5-3-7-11(14)12(9)15/h1-7H,1,255.961333264
0426dcl,"2,6-dichlorobenzonitrile",Clc1cccc(Cl)c1C#N,-5.22,<rdkit.Chem.rdchem.Mol object at 0x1a18df6c60>,InChI=1S/C7H3Cl2N/c8-6-2-1-3-7(9)5(6)4-10/h1-3H,0,170.964254456
0428ami,"4-amino-3,5,6-trichloropyridine-2-carboxylicacid",c1(c(Cl)c(Cl)nc(C(=O)O)c1Cl)N,-11.96,<rdkit.Chem.rdchem.Mol object at 0x1a18df6cb0>,"InChI=1S/C6H3Cl3N2O2/c7-1-3(10)2(8)5(9)11-4(1)6(12)13/h(H2,10,11)(H,12,13)",1,239.926010376
0437pho,methyl3-methyl-4-thiomethoxyphenylthiophosphate,CO[P@](O)(Oc1ccc(c(c1)C)SC)[S],-6.92,<rdkit.Chem.rdchem.Mol object at 0x1a18df6d00>,"InChI=1S/C9H13O3PS2/c1-7-6-8(4-5-9(7)15-3)12-13(10,14)11-2/h4-6H,1-3H3,(H,10,14)/t13-/m1/s1",4,264.004372906
0438pho,"diethyl2,4-dichlorophenylthiophosphate",C(C)OP(Oc1ccc(Cl)cc1Cl)(OCC)[S],-3.86,<rdkit.Chem.rdchem.Mol object at 0x1a18df6d50>,"InChI=1S/C10H14Cl2O3PS/c1-3-13-16(17,14-4-2)15-10-6-5-8(11)7-9(10)12/h5-7,16H,3-4H2,1-2H3",6,314.977832298
0442pho,O-ethylO'-4-bromo-2-chlorophenylS-propylphosphorothioate,C(CC)S[P@@](=O)(Oc1c(Cl)cc(cc1)Br)OCC,-4.09,<rdkit.Chem.rdchem.Mol object at 0x1a18df6da0>,"InChI=1S/C11H15BrClO3PS/c1-3-7-18-17(14,15-4-2)16-11-6-5-9(12)8-10(11)13/h5-6,8H,3-4,7H2,1-2H3/t17-/m1/s1",7,371.93514174999996
0444pho,"dimethyl2,4,5-trichlorophenylthiophosphate",c1(cc(c(cc1Cl)Cl)Cl)OP(OC)(OC)[S],-5.06,<rdkit.Chem.rdchem.Mol object at 0x1a18df6df0>,"InChI=1S/C8H9Cl3O3PS/c1-12-15(16,13-2)14-8-4-6(10)5(9)3-7(8)11/h3-4,15H,1-2H3",4,320.907559818
0445pho,"dimethyl4-bromo-2,5-dichlorophenylthiophosphate",COP(Oc1c(Cl)cc(c(Cl)c1)Br)(OC)[S],-5.7,<rdkit.Chem.rdchem.Mol object at 0x1a18df6e40>,"InChI=1S/C8H9BrCl2O3PS/c1-12-15(16,13-2)14-8-4-6(10)5(9)3-7(8)11/h3-4,15H,1-2H3",4,364.85704423799996
0449pho,ethyl4-cyanophenylphenylthiophosphonate,C(C)O[P@](c1ccccc1)(Oc1ccc(C#N)cc1)[S],-5.1,<rdkit.Chem.rdchem.Mol object at 0x1a18df6e90>,"InChI=1S/C15H14NO2PS/c1-2-17-19(20,15-6-4-3-5-7-15)18-14-10-8-13(12-16)9-11-14/h3-11H,2H2,1H3/t19-/m1/s1",5,303.04828631799995
n005,methylhydrazine,N(N)C,-5.31,<rdkit.Chem.rdchem.Mol object at 0x1a18df6ee0>,"InChI=1S/CH6N2/c1-3-2/h3H,2H2,1H3",0,46.05309819199999
n201,5-trifluoromethyluracil,c1c(c(=O)[nH]c(=O)[nH]1)C(F)(F)F,-15.46,<rdkit.Chem.rdchem.Mol object at 0x1a18df6f30>,"InChI=1S/C5H3F3N2O2/c6-5(7,8)2-1-9-4(12)10-3(2)11/h1H,(H2,9,10,11,12)",0,180.014661996
n202,5-chlorouracil,c1c(c(=O)[nH]c(=O)[nH]1)Cl,-17.74,<rdkit.Chem.rdchem.Mol object at 0x1a18df6f80>,"InChI=1S/C4H3ClN2O2/c5-2-1-6-4(9)7-3(2)8/h1H,(H2,6,7,8,9)",0,145.988305016
test1035,"1,2,3,4,5,6-hexachlorocyclohexane(lindane)",[C@@H]1(Cl)[C@@H](Cl)[C@H](Cl)[C@H](Cl)[C@@H](Cl)[C@@H]1Cl,-5.4,<rdkit.Chem.rdchem.Mol object at 0x1a18df7030>,"InChI=1S/C6H6Cl6/c7-1-2(8)4(10)6(12)5(11)3(1)9/h1-6H/t1-,2-,3-,4+,5+,6+",0,287.860066272
test2001,acetylsalicylicacid,c1ccc(c(c1)C(=O)O)OC(=O)C,-9.94,<rdkit.Chem.rdchem.Mol object at 0x1a18df7080>,"InChI=1S/C9H8O4/c1-6(10)13-8-5-3-2-4-7(8)9(11)12/h2-5H,1H3,(H,11,12)",2,180.042258736
test2003,butylparaben,c1cc(ccc1C(=O)OCCCC)O,-8.72,<rdkit.Chem.rdchem.Mol object at 0x1a18df70d0>,"InChI=1S/C11H14O3/c1-2-3-8-14-11(13)9-4-6-10(12)7-5-9/h4-7,12H,2-3,8H2,1H3",4,194.094294308
test2004,caffeine,c1nc2c(c(=O)n(c(=O)n2C)C)n1C,-12.64,<rdkit.Chem.rdchem.Mol object at 0x1a18df7120>,"InChI=1S/C8H10N4O2/c1-10-4-9-6-5(10)7(13)12(3)8(14)11(6)2/h4H,1-3H3",0,194.08037556
test2007,cyanuricacid,c1(=O)[nH]c(=O)[nH]c(=O)[nH]1,-18.06,<rdkit.Chem.rdchem.Mol object at 0x1a18df7170>,"InChI=1S/C3H3N3O3/c7-1-4-2(8)6-3(9)5-1/h(H3,4,5,6,7,8,9)",0,129.017440956
test2010,diflunisal,c1cc(c(cc1c1ccc(cc1F)F)C(=O)O)O,-9.4,<rdkit.Chem.rdchem.Mol object at 0x1a18df71c0>,"InChI=1S/C13H8F2O3/c14-8-2-3-9(11(15)6-8)7-1-4-12(16)10(5-7)13(17)18/h1-6,16H,(H,17,18)",2,250.044150556
test2011,ethylparaben,c1cc(ccc1C(=O)OCC)O,-9.2,<rdkit.Chem.rdchem.Mol object at 0x1a18df7210>,"InChI=1S/C9H10O3/c1-2-12-9(11)7-3-5-8(10)6-4-7/h3-6,10H,2H2,1H3",2,166.06299418
test2013,flurbiprofen(racemic),c1ccc(cc1)c1ccc(cc1F)[C@@H](C(=O)O)C,-8.42,<rdkit.Chem.rdchem.Mol object at 0x1a18df7260>,"InChI=1S/C15H13FO2/c1-10(15(17)18)12-7-8-13(14(16)9-12)11-5-3-2-4-6-11/h2-10H,1H3,(H,17,18)/t10-/m0/s1",3,244.089957876
test2015,hexachlorobenzene,c1(c(c(c(c(c1Cl)Cl)Cl)Cl)Cl)Cl,-2.33,<rdkit.Chem.rdchem.Mol object at 0x1a18df72b0>,InChI=1S/C6Cl6/c7-1-2(8)4(10)6(12)5(11)3(1)9,0,281.81311608
test2017,ibuprofen(racemic),c1cc(ccc1CC(C)C)[C@@H](C(=O)O)C,-7.0,<rdkit.Chem.rdchem.Mol object at 0x1a18df7300>,"InChI=1S/C13H18O2/c1-9(2)8-11-4-6-12(7-5-11)10(3)13(14)15/h4-7,9-10H,8H2,1-3H3,(H,14,15)/t10-/m0/s1",4,206.130679816
test2018,5-iodouracil,c1c(c(=O)[nH]c(=O)[nH]1)I,-18.72,<rdkit.Chem.rdchem.Mol object at 0x1a18df7350>,"InChI=1S/C4H3IN2O2/c5-2-1-6-4(9)7-3(2)8/h1H,(H2,6,7,8,9)",0,237.923925336
test2019,ketoprofen(racemic),c1ccc(cc1)C(=O)c1cccc(c1)[C@@H](C(=O)O)C,-10.78,<rdkit.Chem.rdchem.Mol object at 0x1a18df73a0>,"InChI=1S/C16H14O3/c1-11(16(18)19)13-8-5-9-14(10-13)15(17)12-6-3-2-4-7-12/h2-11H,1H3,(H,18,19)/t11-/m0/s1",4,254.094294308
test2020,methylparaben,c1cc(ccc1C(=O)OC)O,-9.51,<rdkit.Chem.rdchem.Mol object at 0x1a18df73f0>,"InChI=1S/C8H8O3/c1-11-8(10)6-2-4-7(9)5-3-6/h2-5,9H,1H3",1,152.047344116
test2021,naproxen,c1cc(cc2ccc(cc12)OC)[C@@H](C(=O)O)C,-10.21,<rdkit.Chem.rdchem.Mol object at 0x1a18df7440>,"InChI=1S/C14H14O3/c1-9(14(15)16)10-3-4-12-8-13(17-2)6-5-11(12)7-10/h3-9H,1-2H3,(H,15,16)/t9-/m0/s1",3,230.094294308
test2022,4-nitroaniline,c1cc(ccc1N)N(=O)=O,-9.45,<rdkit.Chem.rdchem.Mol object at 0x1a18df7490>,"InChI=1S/C6H6N2O2/c7-5-1-3-6(4-2-5)8(9)10/h1-4H,7H2",1,138.042927432
test2023,octafluorocyclobutane,C1(C(C(C1(F)F)(F)F)(F)F)(F)F,3.43,<rdkit.Chem.rdchem.Mol object at 0x1a18df74e0>,"InChI=1S/C4F8/c5-1(6)2(7,8)4(11,12)3(1,9)10",0,199.98722576
test2024,pentachloronitrobenzene,c1(c(c(c(c(c1Cl)Cl)Cl)Cl)Cl)N(=O)=O,-5.22,<rdkit.Chem.rdchem.Mol object at 0x1a18df7530>,InChI=1S/C6Cl5NO2/c7-1-2(8)4(10)6(12(13)14)5(11)3(1)9,1,292.83716663999996
test2025,phthalimide,c1ccc2c(c1)C(=O)NC2=O,-9.61,<rdkit.Chem.rdchem.Mol object at 0x1a18df7580>,"InChI=1S/C8H5NO2/c10-7-5-3-1-2-4-6(5)8(11)9-7/h1-4H,(H,9,10,11)",0,147.0320284
test2026,propylparaben,c1cc(ccc1C(=O)OCCC)O,-9.37,<rdkit.Chem.rdchem.Mol object at 0x1a18df75d0>,"InChI=1S/C10H12O3/c1-2-7-13-10(12)8-3-5-9(11)6-4-8/h3-6,11H,2,7H2,1H3",3,180.078644244
test2027,sulfolane,C1CCS(=O)(=O)C1,-8.61,<rdkit.Chem.rdchem.Mol object at 0x1a18df7620>,InChI=1S/C4H8O2S/c5-7(6)3-1-2-4-7/h1-4H2,0,120.024500496
test3001,paracetamol,O=C(Nc1ccc(cc1)O)C,-14.83,<rdkit.Chem.rdchem.Mol object at 0x1a18df7670>,"InChI=1S/C8H9NO2/c1-6(10)9-7-2-4-8(11)5-3-7/h2-5,11H,1H3,(H,9,10)",1,151.063328528
test3002,N-(3-hydroxyphenyl)acetamide,O=C(Nc1cccc(c1)O)C,-13.93,<rdkit.Chem.rdchem.Mol object at 0x1a18df76c0>,"InChI=1S/C8H9NO2/c1-6(10)9-7-3-2-4-8(11)5-7/h2-5,11H,1H3,(H,9,10)",1,151.063328528
test3003,fenbufen,c1cccc(c1)c1ccc(cc1)C(=O)CCC(=O)O,-12.75,<rdkit.Chem.rdchem.Mol object at 0x1a18df7710>,"InChI=1S/C16H14O3/c17-15(10-11-16(18)19)14-8-6-13(7-9-14)12-4-2-1-3-5-12/h1-9H,10-11H2,(H,18,19)",5,254.094294308
test3004,N-(2-hydroxyphenyl)acetamide,O=C(Nc1ccccc1O)C,-11.61,<rdkit.Chem.rdchem.Mol object at 0x1a18df7760>,"InChI=1S/C8H9NO2/c1-6(10)9-7-4-2-3-5-8(7)11/h2-5,11H,1H3,(H,9,10)",1,151.063328528
test3005,phenacetin,CCOc1ccc(NC(=O)C)cc1,-10.91,<rdkit.Chem.rdchem.Mol object at 0x1a18df77b0>,"InChI=1S/C10H13NO2/c1-3-13-10-6-4-9(5-7-10)11-8(2)12/h4-7H,3H2,1-2H3,(H,11,12)",3,179.094628656
test3007,2-methoxybenzoicacid,C(=O)(c1c(cccc1)OC)O,-10.32,<rdkit.Chem.rdchem.Mol object at 0x1a18df7800>,"InChI=1S/C8H8O3/c1-11-7-5-3-2-4-6(7)8(9)10/h2-5H,1H3,(H,9,10)",2,152.047344116
test3014,4-methoxybenzoicacid,C(=O)(c1ccc(cc1)OC)O,-9.15,<rdkit.Chem.rdchem.Mol object at 0x1a18df7850>,"InChI=1S/C8H8O3/c1-11-7-4-2-6(3-5-7)8(9)10/h2-5H,1H3,(H,9,10)",2,152.047344116
test3015,3-methoxybenzoicacid,C(=O)(c1cc(ccc1)OC)O,-8.93,<rdkit.Chem.rdchem.Mol object at 0x1a18df78a0>,"InChI=1S/C8H8O3/c1-11-7-4-2-3-6(5-7)8(9)10/h2-5H,1H3,(H,9,10)",2,152.047344116
test3019,tolfenamicacid,Cc1c(cccc1Cl)Nc1ccccc1C(=O)O,-6.71,<rdkit.Chem.rdchem.Mol object at 0x1a18df78f0>,"InChI=1S/C14H12ClNO2/c1-9-11(15)6-4-8-12(9)16-13-7-3-2-5-10(13)14(17)18/h2-8,16H,1H3,(H,17,18)",3,261.055656304
test3020,diclofenacacid,OC(=O)Cc1ccccc1Nc1c(Cl)cccc1Cl,-6.3,<rdkit.Chem.rdchem.Mol object at 0x1a18df7940>,"InChI=1S/C14H11Cl2NO2/c15-10-5-3-6-11(16)14(10)17-12-7-2-1-4-9(12)8-13(18)19/h1-7,17H,8H2,(H,18,19)",4,295.01668395200005
test3021,flufenamicacid,OC(=O)c1ccccc1Nc1cc(ccc1)C(F)(F)F,-5.68,<rdkit.Chem.rdchem.Mol object at 0x1a18df7990>,"InChI=1S/C14H10F3NO2/c15-14(16,17)9-4-3-5-10(8-9)18-12-7-2-1-6-11(12)13(19)20/h1-8,18H,(H,19,20)",3,281.06636322
test4009,2-iodopropane,CC(C)I,-0.46,<rdkit.Chem.rdchem.Mol object at 0x1a18df79e0>,"InChI=1S/C3H7I/c1-3(2)4/h3H,1-2H3",0,169.959248224
0020cis,"cis-1,2-dimethylcyclohexane",[C@@H]1([C@H](CCCC1)C)C,1.58,<rdkit.Chem.rdchem.Mol object at 0x1a18df7a30>,"InChI=1S/C8H16/c1-7-5-3-4-6-8(7)2/h7-8H,3-6H2,1-2H3/t7-,8+",0,112.12520051199999
0026cyc,cyclopentene,C1CC=CC1,0.56,<rdkit.Chem.rdchem.Mol object at 0x1a18df7a80>,"InChI=1S/C5H8/c1-2-4-5-3-1/h1-2H,3-5H2",0,68.062600256
0105aze,azetidine,N1CCC1,-5.56,<rdkit.Chem.rdchem.Mol object at 0x1a18df7ad0>,"InChI=1S/C3H7N/c1-2-4-3-1/h4H,1-3H2",0,57.057849223999995
0108pyr,pyrrolidine,N1CCCC1,-5.48,<rdkit.Chem.rdchem.Mol object at 0x1a18df7b20>,"InChI=1S/C4H9N/c1-2-4-5-3-1/h5H,1-4H2",0,71.073499288
0112Nme,N-methylpiperazine,N1(CCNCC1)C,-7.77,<rdkit.Chem.rdchem.Mol object at 0x1a18df7b70>,"InChI=1S/C5H12N2/c1-7-4-2-6-3-5-7/h6H,2-5H2,1H3",0,100.10004838399999
0114NNd,"N,N'-dimethylpiperazine",C1CN(CCN1C)C,-7.58,<rdkit.Chem.rdchem.Mol object at 0x1a18df7bc0>,"InChI=1S/C6H14N2/c1-7-3-5-8(2)6-4-7/h3-6H2,1-2H3",0,114.11569844799999
0136met,methanethiol,SC,-1.24,<rdkit.Chem.rdchem.Mol object at 0x1a18df7c10>,"InChI=1S/CH4S/c1-2/h2H,1H3",0,48.003371128
0147met,2-methoxyethanamine,C(CN)OC,-6.55,<rdkit.Chem.rdchem.Mol object at 0x1a18df7c60>,"InChI=1S/C3H9NO/c1-5-3-2-4/h2-4H2,1H3",2,75.068413908
0148but,butenyne,C=CC#C,0.04,<rdkit.Chem.rdchem.Mol object at 0x1a18df7cb0>,"InChI=1S/C4H4/c1-3-4-2/h1,4H,2H2",0,52.031300128
0153flu,fluoromethane,FC,-0.22,<rdkit.Chem.rdchem.Mol object at 0x1a18df7d00>,InChI=1S/CH3F/c1-2/h1H3,0,34.021878316
0160chl,chloromethane,ClC,-0.56,<rdkit.Chem.rdchem.Mol object at 0x1a18df7d50>,InChI=1S/CH3Cl/c1-2/h1H3,0,49.992327775999996
0169chl,chloroethene,C(=C)Cl,-0.59,<rdkit.Chem.rdchem.Mol object at 0x1a18df7da0>,"InChI=1S/C2H3Cl/c1-2-3/h2H,1H2",0,61.992327775999996
0198chl,chlorofluoromethane,C(Cl)F,-0.77,<rdkit.Chem.rdchem.Mol object at 0x1a18df7df0>,InChI=1S/CH2ClF/c2-1-3/h1H2,0,67.982905964
0202bro,1-bromo-2-chloroethane,C(CCl)Br,-1.95,<rdkit.Chem.rdchem.Mol object at 0x1a18df7e40>,InChI=1S/C2H4BrCl/c3-1-2-4/h1-2H2,1,141.918489908
0205chl,"1-chloro-2,2,2-trifluoroethane",C(C(F)(F)F)Cl,0.06,<rdkit.Chem.rdchem.Mol object at 0x1a18df7e90>,"InChI=1S/C2H2ClF3/c3-1-2(4,5)6/h1H2",0,117.979712404
0209chl,"1-chloro-2,2,2-trifluoroethyldifluoromethylether",O([C@@H](C(F)(F)F)Cl)C(F)F,0.11,<rdkit.Chem.rdchem.Mol object at 0x1a18df7ee0>,"InChI=1S/C3H2ClF5O/c4-1(3(7,8)9)10-2(5)6/h1-2H/t1-/m0/s1",2,183.971433464
0213bis,bis(2-chloroethyl)sulfide,S(CCCl)CCCl,-3.92,<rdkit.Chem.rdchem.Mol object at 0x1a18df7f30>,InChI=1S/C4H8Cl2S/c5-1-3-7-4-2-6/h1-4H2,4,157.972376616
0218pho,phosphine,P,0.6,<rdkit.Chem.rdchem.Mol object at 0x1a18df7f80>,InChI=1S/H3P/h1H3,0,33.997236726
0227Nme,N-methylmorpholine,O1CCN(CC1)C,-6.34,<rdkit.Chem.rdchem.Mol object at 0x1a18df8030>,"InChI=1S/C5H11NO/c1-6-2-4-7-5-3-6/h2-5H2,1H3",0,101.084063972
0234ENmb,E-N-methylacetamide,C(=O)(NC)C,-10.0,<rdkit.Chem.rdchem.Mol object at 0x1a18df8080>,"InChI=1S/C3H7NO/c1-3(5)4-2/h1-2H3,(H,4,5)",0,73.052763844
0235ZNmb,Z-N-methylacetamide,C(=O)(NC)C,-10.0,<rdkit.Chem.rdchem.Mol object at 0x1a18df80d0>,"InChI=1S/C3H7NO/c1-3(5)4-2/h1-2H3,(H,4,5)",0,73.052763844
0238met,methyloctanoate,C(CC(=O)OC)CCCCC,-2.04,<rdkit.Chem.rdchem.Mol object at 0x1a18df8120>,"InChI=1S/C9H18O2/c1-3-4-5-6-7-8-9(10)11-2/h3-8H2,1-2H3",6,158.130679816
0405hex,hexafluoroethane,C(C(F)(F)F)(F)(F)F,3.94,<rdkit.Chem.rdchem.Mol object at 0x1a18df8170>,"InChI=1S/C2F6/c3-1(4,5)2(6,7)8",0,137.99041932
0406oct,octafluoropropane,C(C(F)(F)F)(F)(F)C(F)(F)F,4.28,<rdkit.Chem.rdchem.Mol object at 0x1a18df81c0>,"InChI=1S/C3F8/c4-1(5,2(6,7)8)3(9,10)11",0,187.98722576
0407tet,"1,1,1,2-tetrachloroethane",C(C(Cl)(Cl)Cl)Cl,-1.15,<rdkit.Chem.rdchem.Mol object at 0x1a18df8210>,"InChI=1S/C2H2Cl4/c3-1-2(4,5)6/h1H2",0,165.891060784
0408hex,hexachloroethane,C(C(Cl)(Cl)Cl)(Cl)(Cl)Cl,-1.4,<rdkit.Chem.rdchem.Mol object at 0x1a18df8260>,"InChI=1S/C2Cl6/c3-1(4,5)2(6,7)8",0,233.81311608
0409clb,2-chlorobutane,C([C@H](C)Cl)C,0.07,<rdkit.Chem.rdchem.Mol object at 0x1a18df82b0>,"InChI=1S/C4H9Cl/c1-3-4(2)5/h4H,3H2,1-2H3/t4-/m0/s1",1,92.039277968
0410clp,1-chloropentane,C(CCC)CCl,0.07,<rdkit.Chem.rdchem.Mol object at 0x1a18df8300>,"InChI=1S/C5H11Cl/c1-2-3-4-5-6/h2-5H2,1H3",3,106.05492803199999
0411chp,2-chloropentane,CCC[C@H](Cl)C,0.07,<rdkit.Chem.rdchem.Mol object at 0x1a18df8350>,"InChI=1S/C5H11Cl/c1-3-4-5(2)6/h5H,3-4H2,1-2H3/t5-/m1/s1",2,106.05492803199999
0412clt,chlorotoluene,c1(ccccc1)CCl,-1.92,<rdkit.Chem.rdchem.Mol object at 0x1a18df83a0>,"InChI=1S/C7H7Cl/c8-6-7-4-2-1-3-5-7/h1-5H,6H2",1,126.023627904
0413clt,o-chlorotoluene,c1(c(cccc1)Cl)C,-1.15,<rdkit.Chem.rdchem.Mol object at 0x1a18df83f0>,"InChI=1S/C7H7Cl/c1-6-4-2-3-5-7(6)8/h2-5H,1H3",0,126.023627904
0424clp,chloropentaflouroethane,C(C(F)(F)F)(Cl)(F)F,2.86,<rdkit.Chem.rdchem.Mol object at 0x1a18df8440>,"InChI=1S/C2ClF5/c3-1(4,5)2(6,7)8",0,153.96086878
0427dcl,"2,6-dichlorothiobenzamide",C(=S)(c1c(Cl)cccc1Cl)N,-10.81,<rdkit.Chem.rdchem.Mol object at 0x1a18df8490>,"InChI=1S/C7H5Cl2NS/c8-4-2-1-3-5(9)6(4)7(10)11/h1-3H,(H2,10,11)",1,204.95197552
0440pho,dimethyl5-(4-chloro)bicyclo[3.2.0]heptylphosphate,COP(=O)(OC1=C([C@@H]2[C@H]1C=CC2)Cl)OC,-7.28,<rdkit.Chem.rdchem.Mol object at 0x1a18df84e0>,"InChI=1S/C9H12ClO4P/c1-12-15(11,13-2)14-9-7-5-3-4-6(7)8(9)10/h3,5-7H,4H2,1-2H3/t6-,7+/m0/s1",4,250.016173174
c000,waterdimer,O.O,-11.27,<rdkit.Chem.rdchem.Mol object at 0x1a18df8530>,InChI=1S/2H2O/h2*1H2,0,36.021129368
n006,"1,1-dimethylhydrazine",N(N)(C)C,-4.48,<rdkit.Chem.rdchem.Mol object at 0x1a18df8580>,"InChI=1S/C2H8N2/c1-4(2)3/h3H2,1-2H3",0,60.06874825599999
n013,N-ethylaniline,c1ccccc1NCC,-4.62,<rdkit.Chem.rdchem.Mol object at 0x1a18df85d0>,"InChI=1S/C8H11N/c1-2-9-8-6-4-3-5-7-8/h3-7,9H,2H2,1H3",2,121.08914935199999
n014,"N,N-dimethylaniline",c1ccccc1N(C)C,-3.58,<rdkit.Chem.rdchem.Mol object at 0x1a18df8620>,"InChI=1S/C8H11N/c1-9(2)8-6-4-3-5-7-8/h3-7H,1-2H3",1,121.08914935199999
n015,"3,aminoaniline",c1ccc(cc1N)N,-9.92,<rdkit.Chem.rdchem.Mol object at 0x1a18df8670>,"InChI=1S/C6H8N2/c7-5-2-1-3-6(8)4-5/h1-4H,7-8H2",0,108.06874825599999
n016,"1,2-ethanediamine",C(CN)N,-9.72,<rdkit.Chem.rdchem.Mol object at 0x1a18df86c0>,InChI=1S/C2H8N2/c3-1-2-4/h1-4H2,1,60.06874825599999
n018,methylperoxide,OOC,-5.28,<rdkit.Chem.rdchem.Mol object at 0x1a18df8710>,"InChI=1S/CH4O2/c1-3-2/h2H,1H3",0,48.021129368
n019,ethylperoxide,OOCC,-5.32,<rdkit.Chem.rdchem.Mol object at 0x1a18df8760>,"InChI=1S/C2H6O2/c1-2-4-3/h3H,2H2,1H3",1,62.036779431999996
test0001,"1,3-diacetyloxypropan-2-ylacetate(glyceroltriacetate)",CC(=O)OCC(COC(=O)C)OC(=O)C,-8.84,<rdkit.Chem.rdchem.Mol object at 0x1a18df87b0>,"InChI=1S/C9H14O6/c1-6(10)13-4-9(15-8(3)12)5-14-7(2)11/h9H,4-5H2,1-3H3",5,218.079038168
test0004,m-bis(trifluoromethyl)benzene,c1c(cccc1C(F)(F)F)C(F)(F)F,1.07,<rdkit.Chem.rdchem.Mol object at 0x1a18df8800>,"InChI=1S/C8H4F6/c9-7(10,11)5-2-1-3-6(4-5)8(12,13)14/h1-4H",0,214.021719448
test0005,"N,N-dimethyl-p-methoxybenzamide",c1c(ccc(c1)C(=O)N(C)C)OC,-11.01,<rdkit.Chem.rdchem.Mol object at 0x1a18df8850>,"InChI=1S/C10H13NO2/c1-11(2)10(12)8-4-6-9(13-3)7-5-8/h4-7H,1-3H3",2,179.094628656
test0006,"N,N,4-trimethylbenzamide",c1c(ccc(c1)C(=O)N(C)C)C,-9.76,<rdkit.Chem.rdchem.Mol object at 0x1a18df88a0>,"InChI=1S/C10H13NO/c1-8-4-6-9(7-5-8)10(12)11(2)3/h4-7H,1-3H3",1,163.099714036
test0007,bis(2-chloroethyl)ether,ClCCOCCCl,-4.23,<rdkit.Chem.rdchem.Mol object at 0x1a18df88f0>,InChI=1S/C4H8Cl2O/c5-1-3-7-4-2-6/h1-4H2,4,141.995220236
test0008,"1,1-diacetoxyethane",O=C(C)OC(C)OC(=O)C,-4.97,<rdkit.Chem.rdchem.Mol object at 0x1a18df8940>,"InChI=1S/C6H10O4/c1-4(7)9-6(3)10-5(2)8/h6H,1-3H3",2,146.0579088
test0009,"1,1-diethoxyethane",CCOC(OCC)C,-3.28,<rdkit.Chem.rdchem.Mol object at 0x1a18df8990>,"InChI=1S/C6H14O2/c1-4-7-6(3)8-5-2/h6H,4-5H2,1-3H3",4,118.099379688
test0011,diethylpropanedioate,CCOC(=O)CC(=O)OCC,-6.0,<rdkit.Chem.rdchem.Mol object at 0x1a18df89e0>,"InChI=1S/C7H12O4/c1-3-10-6(8)5-7(9)11-4-2/h3-5H2,1-2H3",4,160.073558864
test0012,dimethoxymethane,COCOC,-2.93,<rdkit.Chem.rdchem.Mol object at 0x1a18df8a30>,"InChI=1S/C3H8O2/c1-4-3-5-2/h3H2,1-2H3",2,76.052429496
test0013,ethyleneglycoldiacetate,CC(=O)OCCOC(=O)C,-6.34,<rdkit.Chem.rdchem.Mol object at 0x1a18df8a80>,"InChI=1S/C6H10O4/c1-5(7)9-3-4-10-6(2)8/h3-4H2,1-2H3",3,146.0579088
test0014,"1,2-diethoxyethane",CCOCCOCC,-3.54,<rdkit.Chem.rdchem.Mol object at 0x1a18df8ad0>,"InChI=1S/C6H14O2/c1-3-7-5-6-8-4-2/h3-6H2,1-2H3",5,118.099379688
test0016,phenylformate,c1(ccccc1)OC=O,-3.82,<rdkit.Chem.rdchem.Mol object at 0x1a18df8b20>,InChI=1S/C7H6O2/c8-6-9-7-4-2-1-3-5-7/h1-6H,2,122.036779432
test0017,imidazole,c1[nH]cnc1,-9.81,<rdkit.Chem.rdchem.Mol object at 0x1a18df8b70>,"InChI=1S/C3H4N2/c1-2-5-3-4-1/h1-3H,(H,4,5)",0,68.037448128
test1001,nitroglycol,C(CON(=O)=O)ON(=O)=O,-5.7,<rdkit.Chem.rdchem.Mol object at 0x1a18df8bc0>,InChI=1S/C2H4N2O6/c5-3(6)9-1-2-10-4(7)8/h1-2H2,5,152.006935848
test1002,"1,2-dinitroxypropane",C([C@@H](ON(=O)=O)C)ON(=O)=O,-5.0,<rdkit.Chem.rdchem.Mol object at 0x1a18df8c10>,"InChI=1S/C3H6N2O6/c1-3(11-5(8)9)2-10-4(6)7/h3H,2H2,1H3/t3-/m0/s1",5,166.022585912
test1003,butylnitrate,C(ON(=O)=O)CCC,-2.1,<rdkit.Chem.rdchem.Mol object at 0x1a18df8c60>,"InChI=1S/C4H9NO3/c1-2-3-4-8-5(6)7/h2-4H2,1H3",4,119.058243148
test1004,2-butylnitrate,C[C@H](ON(=O)=O)CC,-1.8,<rdkit.Chem.rdchem.Mol object at 0x1a18df8cb0>,"InChI=1S/C4H9NO3/c1-3-4(2)8-5(6)7/h4H,3H2,1-2H3/t4-/m0/s1",3,119.058243148
test1005,isobutylnitrate,CC(C)CON(=O)=O,-1.9,<rdkit.Chem.rdchem.Mol object at 0x1a18df8d00>,"InChI=1S/C4H9NO3/c1-4(2)3-8-5(6)7/h4H,3H2,1-2H3",3,119.058243148
test1006,ethyleneglycolmononitrate,C(CON(=O)=O)O,-8.2,<rdkit.Chem.rdchem.Mol object at 0x1a18df8d50>,"InChI=1S/C2H5NO4/c4-1-2-7-3(5)6/h4H,1-2H2",3,107.02185764000001
test1007,"2-chloro-N-(2,6-diethylphenyl)-N-(methoxymethyl)acetamide(alachlor)",c1(CC)cccc(CC)c1N(COC)C(=O)CCl,-8.2,<rdkit.Chem.rdchem.Mol object at 0x1a18df8da0>,"InChI=1S/C14H20ClNO2/c1-4-11-7-6-8-12(5-2)14(11)16(10-18-3)13(17)9-15/h6-8H,4-5,9-10H2,1-3H3",6,269.11825656
test1008,2-methyl-2-(methylthio)propanalO-(N-methylcarbamoyl)oxime(aldicarb),CSC(C)(C)/C=N\OC(=O)NC,-9.8,<rdkit.Chem.rdchem.Mol object at 0x1a18df8df0>,"InChI=1S/C7H14N2O2S/c1-7(2,12-4)5-9-11-6(10)8-3/h5H,1-4H3,(H,8,10)/b9-5-",3,190.077598688
test1010,"O,O-dimethylS-[(4-oxo-1,2,3-benzotriazin-3(4H)-yl)methyl]dithiophosphate(azinphosmethyl)",c1cc2c(cc1)nnn(c2=O)CSP(OC)([S])OC,-10.0,<rdkit.Chem.rdchem.Mol object at 0x1a18df8e40>,"InChI=1S/C10H13N3O3PS2/c1-15-17(18,16-2)19-7-13-10(14)8-5-3-4-6-9(8)11-12-13/h3-6,17H,7H2,1-2H3",5,318.013594906
test1011,"N-butyl-N-ethyl-2,6-dinitro-4-(trifluoromethyl)aniline(benefin)",c1(N(CCCC)CC)c(cc(C(F)(F)F)cc1N(=O)=O)N(=O)=O,-3.5,<rdkit.Chem.rdchem.Mol object at 0x1a18df8e90>,"InChI=1S/C13H16F3N3O4/c1-3-5-6-17(4-2)12-10(18(20)21)7-9(13(14,15)16)8-11(12)19(22)23/h7-8H,3-6H2,1-2H3",7,335.1092906519999
test1013,5-Bromo-3-sec-butyl-6-methyl-uracil(bromacil),c1(=O)[nH]c(C)c(Br)c(=O)n1[C@@H](C)CC,-9.7,<rdkit.Chem.rdchem.Mol object at 0x1a18df8ee0>,"InChI=1S/C9H13BrN2O2/c1-4-5(2)12-8(13)7(10)6(3)11-9(12)14/h5H,4H2,1-3H3,(H,11,14)/t5-/m0/s1",2,260.016039756
test1014,"3a,4,7,7a-tetrahydro-2-[(trichloromethyl)thio]-1H-isoindole-1,3(2H)-dione(captan)",[C@H]12CC=CC[C@H]1C(=O)N(SC(Cl)(Cl)Cl)C2=O,-9.0,<rdkit.Chem.rdchem.Mol object at 0x1a18df8f30>,"InChI=1S/C9H8Cl3NO2S/c10-9(11,12)16-13-7(14)5-3-1-2-4-6(5)8(13)15/h1-2,5-6H,3-4H2/t5-,6+",1,298.93413253599994
test1015,1-naphthylmethylcarbamate(carbaryl),c12ccccc1cccc2OC(=O)NC,-9.5,<rdkit.Chem.rdchem.Mol object at 0x1a18df8f80>,"InChI=1S/C12H11NO2/c1-13-12(14)15-11-8-4-6-9-5-2-3-7-10(9)11/h2-8H,1H3,(H,13,14)",1,201.078978592
test1016,"2,3-dihydro-2,2-dimethyl-7-benzofuranylmethylcarbamate(carbofuran)",c12c(OC(=O)NC)cccc1CC(C)(C)O2,-9.6,<rdkit.Chem.rdchem.Mol object at 0x1a18df9030>,"InChI=1S/C12H15NO3/c1-12(2)7-8-5-4-6-9(10(8)16-12)15-11(14)13-3/h4-6H,7H2,1-3H3,(H,13,14)",1,221.10519334
test1017,"S-4-chlorophenylthiomethylO,O-diethylphosphorodithioate(carbophenothion)",P(SCSc1ccc(Cl)cc1)(OCC)(OCC)[S],-6.5,<rdkit.Chem.rdchem.Mol object at 0x1a18df9080>,"InChI=1S/C11H17ClO2PS3/c1-3-13-15(16,14-4-2)18-9-17-11-7-5-10(12)6-8-11/h5-8,15H,3-4,9H2,1-2H3",8,342.981682094
test1018,"octachloro-4,7-methanohydroindane(chlordane)",[C@@H]12[C@@]3(Cl)C(Cl)(Cl)[C@@](C(=C3Cl)Cl)(Cl)[C@@H]1[C@H]([C@@H](C2)Cl)Cl,-3.4,<rdkit.Chem.rdchem.Mol object at 0x1a18df90d0>,"InChI=1S/C10H6Cl8/c11-3-1-2-4(5(3)12)9(16)7(14)6(13)8(2,15)10(9,17)18/h2-5H,1H2/t2-,3+,4-,5-,8-,9+/m0/s1",0,405.797771632
test1019,"phosphoricacid[(E)-2-chloro-1-(2,4-dichlorophenyl)vinyl]diethylester(chlorfenvinphos)",c1(Cl)ccc(/C(=C\Cl)/OP(=O)(OCC)OCC)c(Cl)c1,-7.1,<rdkit.Chem.rdchem.Mol object at 0x1a18df9120>,"InChI=1S/C12H14Cl3O4P/c1-3-17-20(16,18-4-2)19-12(8-13)10-6-5-9(14)7-11(10)15/h5-8H,3-4H2,1-2H3/b12-8+",7,357.96952859799995
test1020,ethyl2-(4-chloro-6-methoxypyrimidin-2-ylcarbamoylsulfamoyl)benzoate(chlorimuronethyl),c1(Cl)nc(NC(=O)NS(=O)(=O)c2c(cccc2)C(=O)OCC)nc(OC)c1,-14.0,<rdkit.Chem.rdchem.Mol object at 0x1a18df9170>,"InChI=1S/C15H15ClN4O6S/c1-3-26-13(21)9-6-4-5-7-10(9)27(23,24)20-15(22)19-14-17-11(16)8-12(18-14)25-2/h4-8H,3H2,1-2H3,(H2,17,18,19,20,22)",6,414.04008287999994
test1021,trichloro(nitro)methane(chloropicrin),C(Cl)(Cl)(Cl)N(=O)=O,-1.5,<rdkit.Chem.rdchem.Mol object at 0x1a18df91c0>,"InChI=1S/CCl3NO2/c2-1(3,4)5(6)7",0,162.89946128
test1022,"O,O-diethylO-3,5,6-trichloro-2-pyridylphosphorothioate(chlorpyrifos)",c1(Cl)c(Cl)nc(OP(OCC)(OCC)[S])c(Cl)c1,-5.0,<rdkit.Chem.rdchem.Mol object at 0x1a18df9210>,"InChI=1S/C9H12Cl3NO3PS/c1-3-14-17(18,15-4-2)16-9-7(11)5-6(10)8(12)13-9/h5,17H,3-4H2,1-2H3",6,349.934108914
test1023,"S-(RS)-2-chloro-1-phthalimidoethylO,O-diethylphosphorodithioate(dialifor)",c12c(cccc1)C(=O)N(C2=O)[C@@H](SP(OCC)(OCC)[S])CCl,-5.7,<rdkit.Chem.rdchem.Mol object at 0x1a18df9260>,"InChI=1S/C14H18ClNO4PS2/c1-3-19-21(22,20-4-2)23-12(9-15)16-13(17)10-7-5-6-8-11(10)14(16)18/h5-8,12,21H,3-4,9H2,1-2H3/t12-/m0/s1",8,394.0103393659999
test1025,"3,6-dichloro-2-methoxybenzoicacid(dicamba)",c1(OC)c(c(Cl)ccc1Cl)C(=O)O,-9.9,<rdkit.Chem.rdchem.Mol object at 0x1a18df92b0>,"InChI=1S/C8H6Cl2O3/c1-13-7-5(10)3-2-4(9)6(7)8(11)12/h2-3H,1H3,(H,11,12)",2,219.969399412
test1027,"N1,N1-diethyl-2,6-dinitro-4-trifluoromethyl-m-phenylenediamine(dinitramine)",c1(c(N)c(C(F)(F)F)cc(c1N(CC)CC)N(=O)=O)N(=O)=O,-5.7,<rdkit.Chem.rdchem.Mol object at 0x1a18df9300>,"InChI=1S/C11H13F3N4O4/c1-3-16(4-2)9-7(17(19)20)5-6(11(12,13)14)8(15)10(9)18(21)22/h5H,3-4,15H2,1-2H3",5,322.08888955599997
test1028,"(RS)-2-sec-butyl-4,6-dinitrophenol(dinoseb)",c1([C@H](C)CC)c(O)c(cc(c1)N(=O)=O)N(=O)=O,-6.2,<rdkit.Chem.rdchem.Mol object at 0x1a18df9350>,"InChI=1S/C10H12N2O5/c1-3-6(2)8-4-7(11(14)15)5-9(10(8)13)12(16)17/h4-6,13H,3H2,1-2H3/t6-/m1/s1",4,240.074621484
test1029,"6,7,8,9,10,10-hexachloro-1,5,5a,6,9,9a-hexahydro-6,9-methano-2,4,3-benzodioxathiepine-3-oxide(endosulfanalpha)",[C@@H]12[C@]3(Cl)C(=C(Cl)[C@](Cl)([C@@H]1CO[S@@](=O)OC2)C3(Cl)Cl)Cl,-4.2,<rdkit.Chem.rdchem.Mol object at 0x1a18df93a0>,"InChI=1S/C9H6Cl6O3S/c10-5-6(11)8(13)4-2-18-19(16)17-1-3(4)7(5,12)9(8,14)15/h3-4H,1-2H2/t3-,4+,7-,8+,19-",0,403.816881132
test1030,"(1R,4S,4aS,5S,6S,7R,8R,8aR)-1,2,3,4,10,10-hexachloro-1,4,4a,5,6,7,8,8a-octahydro-6,7-epoxy-1,4:5,8-dimethanonaphthalene(endrin)",ClC1(Cl)[C@]2(Cl)[C@@H]3[C@H]4[C@H]5[C@@H]([C@H](C4)[C@@H]3[C@@]1(Cl)C(=C2Cl)Cl)O5,-5.5,<rdkit.Chem.rdchem.Mol object at 0x1a18df93f0>,"InChI=1S/C12H8Cl6O/c13-8-9(14)11(16)5-3-1-2(6-7(3)19-6)4(5)10(8,15)12(11,17)18/h2-7H,1H2/t2-,3+,4+,5-,6-,7+,10-,11+",0,377.87063095599996
test1031,"O,O,O',O'-tetraethylS,S'-methylenebis(phosphorodithioate)(ethion)",C(SP(OCC)(OCC)[S])SP([S])(OCC)OCC,-6.1,<rdkit.Chem.rdchem.Mol object at 0x1a18df9440>,"InChI=1S/C9H24O4P2S4/c1-5-10-14(16,11-6-2)18-9-19-15(17,12-7-3)13-8-4/h14-15H,5-9H2,1-4H3",12,386.0032665079999
test1033,"1,4,5,6,7,8,8-heptachloro-3a,4,7,7a-tetrahydro-4,7-methanoindene(heptachlor)",Cl[C@@]12C(Cl)(Cl)[C@]([C@H]3[C@@H]1C=C[C@@H]3Cl)(Cl)C(=C2Cl)Cl,-2.6,<rdkit.Chem.rdchem.Mol object at 0x1a18df9490>,"InChI=1S/C10H5Cl7/c11-4-2-1-3-5(4)9(15)7(13)6(12)8(3,14)10(9,16)17/h1-5H/t3-,4-,5-,8-,9+/m0/s1",0,369.82109392
test1034,"3,5,5-trimethyl-2-cyclohexen-1-one(isophorone)",C1(C)(C)CC(=CC(=O)C1)C,-5.2,<rdkit.Chem.rdchem.Mol object at 0x1a18df94e0>,"InChI=1S/C9H14O/c1-7-4-8(10)6-9(2,3)5-7/h4H,5-6H2,1-3H3",0,138.104465068
test1036,2-(dimethoxyphosphinothioylthio)butanedioicaciddiethylester(malathion),P([S])(OC)(S[C@H](CC(=O)OCC)C(=O)OCC)OC,-8.2,<rdkit.Chem.rdchem.Mol object at 0x1a18df9530>,"InChI=1S/C10H20O6PS2/c1-5-15-9(11)7-8(10(12)16-6-2)19-17(18,13-3)14-4/h8,17H,5-7H2,1-4H3/t8-/m1/s1",9,331.04389198999996
test1037,N-methylcarbamicacid[1-(methylthio)ethylideneamino]ester(methomyl),N(C)C(=O)O/N=C(\C)/SC,-10.7,<rdkit.Chem.rdchem.Mol object at 0x1a18df9580>,"InChI=1S/C5H10N2O2S/c1-4(10-3)7-9-5(8)6-2/h1-3H3,(H,6,8)/b7-4+",1,162.04629856
test1040,"4-mesyl-2,6-dinitro-N,N-dipropylaniline(nitralin)",c1(N(CCC)CCC)c(cc(S(=O)(=O)C)cc1N(=O)=O)N(=O)=O,-8.0,<rdkit.Chem.rdchem.Mol object at 0x1a18ddcf80>,"InChI=1S/C13H19N3O6S/c1-4-6-14(7-5-2)13-11(15(17)18)8-10(23(3,21)22)9-12(13)16(19)20/h8-9H,4-7H2,1-3H3",8,345.099456328
test1041,nitroxyacetone,CC(=O)CON(=O)=O,-6.0,<rdkit.Chem.rdchem.Mol object at 0x1a18df95d0>,"InChI=1S/C3H5NO4/c1-3(5)2-8-4(6)7/h2H2,1H3",3,119.02185764000001
test1043,"O,O-diethyl-O-4-nitro-phenylthiophosphate(parathion)",P([S])(OCC)(Oc1ccc(cc1)N(=O)=O)OCC,-6.7,<rdkit.Chem.rdchem.Mol object at 0x1a18df9620>,"InChI=1S/C10H15NO5PS/c1-3-14-17(18,15-4-2)16-10-7-5-9(6-8-10)11(12)13/h5-8,17H,3-4H2,1-2H3",7,292.04085521
test1044,S-propylbutyl(ethyl)thiocarbamate(pebulate),C(=O)(SCCC)N(CC)CCCC,-3.6,<rdkit.Chem.rdchem.Mol object at 0x1a18df9670>,"InChI=1S/C10H21NOS/c1-4-7-8-11(6-3)10(12)13-9-5-2/h4-9H2,1-3H3",6,203.134385292
test1045,"O,O-diethylS-ethylthiomethylphosphorodithioate(phorate)",P([S])(OCC)(SCSCC)OCC,-4.4,<rdkit.Chem.rdchem.Mol object at 0x1a18df96c0>,"InChI=1S/C7H18O2PS3/c1-4-8-10(11,9-5-2)13-7-12-6-3/h10H,4-7H2,1-3H3",8,261.020654446
test1046,"N-cyclopropylmethyl-2,6-dinitro-N-propyl-4-trifluoromethylaniline(profluralin)",c1(N(CC2CC2)CCC)c(cc(C(F)(F)F)cc1N(=O)=O)N(=O)=O,-2.5,<rdkit.Chem.rdchem.Mol object at 0x1a18df9710>,"InChI=1S/C14H16F3N3O4/c1-2-5-18(8-9-3-4-9)13-11(19(21)22)6-10(14(15,16)17)7-12(13)20(23)24/h6-7,9H,2-5,8H2,1H3",7,347.1092906519999
test1048,"N-(3,4-dichlorophenyl)propanamide(propanil)",c1cc(Cl)c(Cl)cc1NC(=O)CC,-7.8,<rdkit.Chem.rdchem.Mol object at 0x1a18df9760>,"InChI=1S/C9H9Cl2NO/c1-2-9(13)12-6-3-4-7(10)8(11)5-6/h3-5H,2H2,1H3,(H,12,13)",2,217.006119268
test1049,5-amino-4-chloro-2-phenyl-3-(2H)-pyridazinone(pyrazon),c1nn(c2ccccc2)c(=O)c(Cl)c1N,-16.4,<rdkit.Chem.rdchem.Mol object at 0x1a18df97b0>,"InChI=1S/C10H8ClN3O/c11-9-8(12)6-13-14(10(9)15)7-4-2-1-3-5-7/h1-6H,12H2",1,221.035589556
test1051,"methyl2-(4,6-dimethylpyrimidin-2-ylcarbamoylsulfamoyl)benzoate(sulfometuron-methyl)",c1(S(=O)(=O)NC(=O)Nc2nc(C)cc(C)n2)ccccc1C(=O)OC,-20.3,<rdkit.Chem.rdchem.Mol object at 0x1a18df9800>,"InChI=1S/C15H16N4O5S/c1-9-8-10(2)17-14(16-9)18-15(21)19-25(22,23)12-7-5-4-6-11(12)13(20)24-3/h4-8H,1-3H3,(H2,16,17,18,19,21)",4,364.08414061199994
test1052,3-t-butyl-5-chloro-6-methyluracil(terbacil),c1(=O)[nH]c(C)c(Cl)c(=O)n1C(C)(C)C,-11.1,<rdkit.Chem.rdchem.Mol object at 0x1a18df9850>,"InChI=1S/C9H13ClN2O2/c1-5-6(10)7(13)12(8(14)11-5)9(2,3)4/h1-4H3,(H,11,14)",0,216.066555336
test1055,"dimethyl(RS)-2,2,2-trichloro-1-hydroxyethylphosphonate(trichlorfon)",P(=O)(OC)([C@H](C(Cl)(Cl)Cl)O)OC,-12.7,<rdkit.Chem.rdchem.Mol object at 0x1a18df98a0>,"InChI=1S/C4H8Cl3O4P/c1-10-12(9,11-2)3(8)4(5,6)7/h3,8H,1-2H3/t3-/m1/s1",3,255.922578406
test1056,"a,a,a-trifluoro-2,6-dinitro-N,N-dipropyl-p-toluidine(trifluralin)",c1(N(CCC)CCC)c(cc(C(F)(F)F)cc1N(=O)=O)N(=O)=O,-3.3,<rdkit.Chem.rdchem.Mol object at 0x1a18df98f0>,"InChI=1S/C13H16F3N3O4/c1-3-5-17(6-4-2)12-10(18(20)21)7-9(13(14,15)16)8-11(12)19(22)23/h7-8H,3-6H2,1-2H3",7,335.1092906519999
test1057,S-propyldipropyl(thiocarbamate)(vernolate),N(CCC)(CCC)C(=O)SCCC,-4.1,<rdkit.Chem.rdchem.Mol object at 0x1a18df9940>,"InChI=1S/C10H21NOS/c1-4-7-11(8-5-2)10(12)13-9-6-3/h4-9H2,1-3H3",6,203.134385292
test1058,4-amino-4'-nitroazobenzene,c1c(ccc(c1)[N][N]c1ccc(cc1)N)N(=O)=O,-11.2,<rdkit.Chem.rdchem.Mol object at 0x1a18df9990>,"InChI=1S/C12H10N4O2/c13-9-1-3-10(4-2-9)14-15-11-5-7-12(8-6-11)16(17)18/h1-8H,13H2",4,242.08037556
test1059,1-amino-4-anilinoanthraquinone,c12c(c(ccc1N)Nc1ccccc1)C(=O)c1c(C2=O)cccc1,-7.4,<rdkit.Chem.rdchem.Mol object at 0x1a18df99e0>,"InChI=1S/C20H14N2O2/c21-15-10-11-16(22-12-6-2-1-3-7-12)18-17(15)19(23)13-8-4-5-9-14(13)20(18)24/h1-11,22H,21H2",2,314.105527688
test1060,"1,4,5,8-tetraminoanthraquinone",c12c(c(ccc1N)N)C(=O)c1c(C2=O)c(ccc1N)N,-8.9,<rdkit.Chem.rdchem.Mol object at 0x1a18df9a30>,"InChI=1S/C14H12N4O2/c15-5-1-2-6(16)10-9(5)13(19)11-7(17)3-4-8(18)12(11)14(10)20/h1-4H,15-18H2",0,268.096025624
test1061,1-amino-anthraquinone,c12c(cccc1N)C(=O)c1c(C2=O)cccc1,-8.0,<rdkit.Chem.rdchem.Mol object at 0x1a18df9a80>,"InChI=1S/C14H9NO2/c15-11-7-3-6-10-12(11)14(17)9-5-2-1-4-8(9)13(10)16/h1-7H,15H2",0,223.063328528
test2006,6-chlorouracil,c1c([nH]c(=O)[nH]c1=O)Cl,-15.83,<rdkit.Chem.rdchem.Mol object at 0x1a18df9ad0>,"InChI=1S/C4H3ClN2O2/c5-2-1-3(8)7-4(9)6-2/h1H,(H2,6,7,8,9)",0,145.988305016
test2029,trimethylorthotrifluoroacetate,COC(C(F)(F)F)(OC)OC,-0.8,<rdkit.Chem.rdchem.Mol object at 0x1a18df9b20>,"InChI=1S/C5H9F3O3/c1-9-5(10-2,11-3)4(6,7)8/h1-3H3",3,174.050378808
