CC=CC(=O)CC,138.5
Oc1ccccc1O,245.5
CC(C)(C)ON=O,63.0
CCC(C)CCC,91.0
CCO[N+]([O-])=O,87.2
C(CCc1ccccc1)c1ccccc1,300.3
Cc1ccc(CCl)cc1,201.0
CCC/C=C/CCC,125.75
Cc1c[n]ccc1,144.1
CC(C)Cl,35.7
CCC(=O)Cl,80.0
CO[C@H]1C=C[C@@H](O1)OC,161.0
c1ccc2c3c(cccc31)-c1ccccc1-2,384.0
CCN(CC)C(=O)c1ccc[n]c1,298.0
Brc1c[n]ccc1,173.0
Cc1cc(C)c(Br)c(C)c1,225.0
O=C(Cl)C(Cl)=C(Cl)Cl,158.0
Cc1cc2CCCCc2cc1C,252.0
CCC(C)(C)CCC(C)C,152.8
CCOC(=O)c1cc2ccccc2o1,276.0
CCCCCC(C)CC,144.2
[O-][N+](=O)c1cccc(Cl)c1,236.0
C[As](C)C,52.0
ClCCCCCCCl,204.0
CC(Cl)CC(C)Cl,145.0
CN(CCO)CCO,247.0
Cc1ccccc1O,191.0
OC1COCC1,181.0
C1CCCCCS1,173.5
C[Si](C)(C)O[Si](C)(C)O[Si](C)(C)O[Si](C)(C)O[Si](C)(C)O[Si](C)(C)O[Si](C)(C)O[Si](C)(C)O[Si](C)(C)C,307.5
C1COC=CO1,94.1
Cc1[nH]c(C)c[n]1,267.0
COCC(=O)OCC,142.0
COC(COC)COC,148.0
CCC(O)CC,116.2
c1c2c3ccccc3ccc2cc2ccccc21,437.6
CCCO[N+]([O-])=O,110.0
CCOC(=O)[C@H](O)[C@@H](O)C(=O)OCC,280.0
C1CCCO1,65.0
CCc1ccc(C)cc1C,188.4
Nc1ccccc1-c1ccccc1,299.0
FC(F)(F)C(Cl)=CCl,53.7
C=CCCC=C,59.4
Brc1ccc2CCc3cccc1c23,335.0
O=C1CCCCO1,219.0
CSB(C)C,71.0
CC(C)C1CCC(C)CC1O,212.0
Clc1ccc(Cl)c2ccccc12,288.0
CCOC(=O)CC(=O)OCC,200.0
CN(C)P(=O)(N(C)C)N(C)C,232.5
FC(F)(C(F)(F)OC(F)C(F)(F)F)C(F)(F)F,41.0
COS(=O)(=O)Cl,134.0
CCCN,48.5
ClCCC[Si](Cl)(Cl)Cl,181.5
c1c2ccccc2cc2ccccc21,339.9
CCCCCCCCCCCS,257.4
CCc1cc(C)cc(C)c1,183.6
Fc1[n]c(F)c(Cl)c(F)[n]1,114.5
CC(C)(C)c1ccc(Br)cc1,231.5
CC(C)C(O)CO,206.0
C=Cc1ccc(Br)cc1,212.0
CC(C)OC=O,68.2
COc1cccc2ccccc21,269.0
CCCCCCCCCCOC(=O)Cl,220.0
CC=C[C@H](O)CCCC,175.0
OCCc1ccccc1,218.2
CCCCC(CO)(CO)CC,262.0
CC1(O)CCCCCC1,183.5
ClC(Cl)(Cl)Cl,76.8
CCCCCCCCCCCCCCCCCCCCCCCCCCCCC,440.8
CCCCCCCCCCCCCCCCC,302.0
CC(C)COC(C)=O,116.5
CC(C=O)=CCC,136.5
CC(C)(C)C(=O)CCl,171.5
CCCCCCCCOC(=O)c1ccccc1C(=O)OCCCCCCCC(C)C,447.0
c1cccc2c3ccc[n]c3ccc21,352.0
NCCCCCCN,205.0
CCCCCCCCCC(=O)OCC,241.5
Clc1ccccc1Br,204.0
Cc1c(c(C)cc(C)c1[N+]([O-])=O)[N+]([O-])=O,418.0
CCC(O)CN,169.0
CC(C)CCC[C@H](C)O,174.0
ClC(Br)Br,120.0
CC1(C)CC=CCC1,117.0
Cc1cc[n]c2ccccc21,262.0
CCC/C=C/COC(C)=O,165.5
CCCCCCCC(=O)OCC,208.5
OCc1cccc2ccccc21,304.0
Nc1ccccc1S,234.0
C1CCCCCC=C1,138.0
Brc1c[s]cc1Br,221.5
C=CC(O)CO,196.5
CC(=O)CCC(=O)OC(C)C,209.3
CCCCCCCCCCCCCCCCc1ccccc1,385.0
Oc1ccccc1C=O,197.0
Nc1c(F)c(F)c(F)c(F)c1F,153.0
CC(CC)OC(=O)CC,133.0
Cc1ccc(CC=O)cc1,221.5
CCC(C)C(C)C(C)(C)C,157.0
Cc1cc[n]c(C)[n]1,150.5
CCOC(=O)CCCl,162.0
Nc1c(F)c(F)cc(F)c1F,158.0
OCC(F)(F)C(F)(F)C(F)(F)C(F)(F)C(F)(F)C(F)(F)C(F)(F)F,161.0
CCCCOC(=O)C(C)O,186.0
Brc1ccc(cc1)Oc1ccccc1,310.1
ClC=C(Cl)C(Cl)Cl,162.0
CCOC(=O)C(OCC)OCC,199.0
C1C=Cc2ccccc21,182.0
Cc1ccc(cc1OC(C)=O)C(C)C,246.5
Sc1cccc2ccccc21,285.0
CCCCCCCI,204.0
CC(C)(CC)c1ccc(O)cc1,262.5
COc1ccc(CO)cc1,259.1
CC(=O)C(C)=C,98.0
CCN(CCCl)CC,146.5
Clc1cc(Br)ccc1,196.0
COc1ccc(cc1)C(O)=O,276.5
CCN(CCCO)CC,189.5
CCOc1cccc(C=O)c1O,263.5
Cc1c[nH]cc1,143.0
Brc1ccc(cc1)Sc1ccc(Br)cc1,268.0
OCC(F)(F)C(F)(F)C(F)(F)C(F)F,140.5
OC(=O)CCCCC(O)=O,337.5
CC(C)=CC(C)=CCC,138.0
CCc1cccc(CC)c1N,235.5
Brc1cc2[n]cccc2cc1,290.0
CN(C)[N+]([O-])=O,187.0
O=C(OC1CCCCC1)c1ccccc1,285.0
ClC(C(Cl)(Cl)Cl)C(Cl)(Cl)Cl,249.0
COc1ccc(S)cc1,228.0
CCCc1ccc(N)cc1,225.0
CC1(C)CCC[C@@]2(C)[C@@H]3CC[C@@H]([C@H]13)C2=C,258.0
FC(Br)C(F)(F)F,8.6
CCCC(C)Cl,99.0
C[Si](C)(OC)OC,82.0
CC#CCCCCCC,161.9
Cc1cc(ccc1N)OC,248.5
Cc1ccc(cc1)N(CCO)CCO,339.0
COC(C=C)OC,88.0
Fc1c(F)c(F)c(CBr)c(F)c1F,174.5
Cc1cc(C=O)ccc1,199.0
CC(=O)Oc1cccc(O)c1,283.0
CC(C)[C@H]1CC[C@]2(C)[C@@H]3[C@H]1[C@H]2CC=C3C,248.5
O=C(Cl)OCCCl,155.0
C=CCc1cccc2ccccc21,266.0
CN1CC(=CCC1)C(=O)OC,209.0
[O-][N+](=O)CCc1ccccc1,250.0
CN1CCCCC1,107.0
CC=CCC(C)C,88.1
CC(=O)c1ccc[nH]1,220.0
C1CC1,-32.8
CC(=O)Cc1ccc(cc1)OC,268.0
Cc1cccc2cc[nH]c21,266.0
Brc1cc2ccccc2cc1,281.5
Cc1cc(O)cc(C)c1,221.7
CC(CCC(C)CC)CC,160.8
C=CCCl,45.1
FC(F)(Br)C(F)(F)C(F)(F)C(F)(F)C(F)(F)C(F)(F)C(F)(F)C(F)(F)Br,180.0
CCCOC(=O)CCC,143.0
CC(C)NCCO,173.0
ClC(Cl)=C(Cl)C(Cl)(Cl)Cl,209.5
O=C(Cc1ccccc1)Cc1ccccc1,331.0
c1c2c3ccccc3c3ccccc3c2cc2ccccc21,524.0
OC(=O)CCl,189.3
CC(C)CCC=C,85.3
COc1cc[n]c2ccccc12,245.0
NCCN1CCNCC1,220.0
CCCCCCC(C)O,179.25
CCCCCCSCCCCCC,230.0
BrCC1CO1,135.0
CCCCCCCCCC(C)C=O,171.0
CC1(C)CC(N)CC(C)(C)N1,188.5
OC(=O)C(F)(F)C(F)F,134.0
C=C(Cl)CCl,94.0
CCOC(=O)CN,149.0
C1CCN1,63.0
O=C=NS(=O)(=O)Cl,107.0
Oc1cc(F)ccc1,178.0
C#CCO,113.6
O=CN(c1ccccc1)c1ccccc1,337.5
C=C(CCl)CCl,138.0
CCOC(C)CO,140.5
CCCCOCCOCCO,231.0
C1CCCC2NC21,150.0
CC(OCC)(OCC)OCC,145.0
CCCCCCC(O)=O,222.2
CCN(CCCN)CC,168.5
CC(CC(=O)CC)CC,159.0
COC(=O)C(F)(F)C(F)(F)C(F)(F)C(F)(F)C(F)(F)C(F)(F)C(F)(F)F,158.0
CCNC1CCCCC1,164.0
Cc1cc(Cl)[n](C)[n]1,157.5
OC(=O)c1cc2ccccc2o1,312.5
OC(=O)C1CCCC1,212.0
CCCCCCCCOC(C)=O,210.0
CC(C)CSCC(C)C,171.0
c1[n]c(oc1-c1ccccc1)-c1ccccc1,360.0
CCC(C)CCC=C(C)C,163.0
Oc1c(O)cccc1O,309.0
Cc1c[n]c(C)c[n]1,155.0
Nc1cc(N)ccc1,285.0
Cc1ccc(N)cc1N,292.0
CC(Cl)C(=C)Cl,112.0
CCOC(=O)c1cccc(Cl)c1,243.0
N#CSCc1ccccc1,232.0
FC(F)(Br)C(F)(F)C(F)(F)C(F)(F)Br,97.0
Cc1c(F)cccc1Cl,154.0
Nc1ccc(cc1Cl)-c1cc(Cl)c(N)cc1,368.0
C(c1ccccc1)c1ccccc1,265.0
Brc1[s]c(Br)cc1Br,260.0
CO,64.7
Cc1cc2c3ccccc3ccc2cc1,350.0
CCC1(O)CCCCC1,166.0
CCCC[N+]([O-])=O,153.0
CC1CO1,35.0
CCC(=O)OC(C)C,109.5
CCC(C#N)c1ccccc1,241.0
CCCOCCO,149.8
C[Si](Cl)(Cl)CCl,121.5
CC(CC(OC)OC)OC,157.0
CC(=O)C(C)(C)C(=O)OCC,182.0
CC(C)CCCCCO,188.0
CC(O)CC(F)(F)F,99.85
FC(F)CC(F)(F)F,40.0
COC(CCl)OC,127.5
N#CCc1ccccc1,233.5
CC(Cl)C(Cl)Cl,132.0
CC(C)CC(C)C(C)(C)C,148.4
CCc1ccccc1C=C,187.3
C=CCCCCC(O)=O,226.0
CC(Br)(CC)CC,130.0
CC1NCCN=1,196.5
CC1(C)C2CC3C(C2)C13C,152.5
CC(C)CCO[N+]([O-])=O,146.0
CN(C)CCC#N,173.0
C=C(Cl)C(Cl)CCl,155.0
CC(C)(C)CCl,84.3
CCCCCCCOC(=O)CCCCC,261.0
CSC(C)C,84.8
CNc1ccc(Cl)cc1,240.0
CC([N+]([O-])=O)[N+]([O-])=O,185.5
CC(C)(C)CC(=O)Cl,130.0
FC(F)(F)C(Cl)=C(Cl)C(F)(F)F,68.5
FCCCCCCCl,168.0
OCC(O)c1ccccc1,273.0
Clc1ccc2ccccc2[n]1,266.0
CCCCF,32.5
CC1(O)CCCC1,136.0
CC=CCO,121.2
Oc1ccccc1-c1ccccc1,286.0
CC(C=CC)C(C)C=CC,153.5
OC(CCl)CCl,176.0
CC(=O)CCc1ccco1,203.0
CN(CCCN)CCCN,232.5
CC(C)=C=C,40.83
FCI,53.4
[O-][N+](=O)c1ccccc1C(F)(F)F,217.0
CC(C)CC(C)OC(C)=O,147.5
Clc1cc(Cl)c(Cl)cc1Cl,244.5
CC(C)C(C)CCCCC,164.3
CC(C)(N)CO,165.5
CC(Cl)(CC)CC,116.0
CC(C)C(CC)C(C)CC,162.0
FC(Cl)C(F)(F)F,-12.0
CC(CC)C(CC)CC,140.0
CCOP(C)(=O)SCCN(C(C)C)C(C)C,298.0
CCCOC(C)=O,101.5
ClCCCCCCCCCCl,260.0
N#CCCCC#N,286.0
CC[n]1c[n]cc1,208.0
CCC(=O)CCC(C)C,164.0
CCC(=O)OCCC,122.5
COC(=O)C(Cl)(Cl)Cl,153.8
C=CCCCCCCCCO,236.0
CC(=O)OCCOC(C)=O,190.0
CCNC=O,198.0
CCCOC(=O)CCCC,167.5
C[C@H]1CCC[C@H](C)C1=O,175.0
CCCCON=O,78.0
Cc1c(F)c(F)cc(F)c1F,125.5
Cc1c(C)c(C)c(C)c(C)c1C,263.4
Clc1ccccc1I,234.5
CCCCNCCO,199.0
Nc1cccc(N)[n]1,285.0
Cc1cc2[n]c(C)oc2cc1,218.5
CC(C)(C)CC(CC)CC,147.0
c1ccccc1[Se]c1ccccc1,301.5
COC(=O)COC,131.0
ClP(Cl)c1ccccc1,225.0
N#Cc1ccc(Cl)cc1,223.0
Cc1cc(C)[n]c[n]1,159.0
CC(C)(O)CCC(C)(C)O,214.0
OCC(Cc1ccccc1)c1ccccc1,310.0
CCOC(=O)C#C,120.0
ClCCCCCl,161.0
Nc1ccc(Cl)cc1Cl,245.0
CC(C)(C(C)C)C(C)C,141.5
CC(=O)OCCO,188.0
CCOCCOC(=O)C=C,174.0
FC(F)(F)C(F)(F)C(F)(F)C(F)(F)C(F)(F)C(F)(F)C(F)(F)Br,118.0
CC1(C)CCc2ccccc12,191.0
CCN=Cc1ccccc1,196.0
C[Si](C)(Cl)O[Si](C)(C)Cl,138.0
Oc1cccc(C=O)c1O,235.0
CCOC(=O)NCc1ccccc1,230.0
Clc1cccc[n]1,170.0
C1CCCCC1CCCCCC1CCCCC1,325.0
Cc1cccc(C)c1Br,203.5
CC(F)(F)CCl,55.0
Clc1cccc2ccc[n]c21,288.5
OCc1ccc(F)cc1,210.0
CC#CCO,148.0
CC(C)CC1CCCCC1,171.3
CC(C)(C)C(C)(C)CCC,160.3
CC(C)C(C)CC=C,109.0
CC(C)CN1CCOCC1,181.0
C1C=CC=CC=CC=1,140.5
Oc1ccccc1Cc1ccccc1,312.0
O=C(Cl)C(F)(F)C(F)(F)C(F)(F)F,38.5
CC(C)OC(OC(C)C)OC(C)C,167.0
C=CCOCC1CO1,154.0
Oc1ccc(cc1)Nc1ccccc1,330.0
CC(C)(C)c1cc[n]cc1,196.5
Cc1cc(c(O)c(c1)C(C)(C)C)C(C)(C)C,265.0
OC(=O)C(F)(F)C(F)(F)C(F)(F)C(F)(F)C(F)(F)C(F)(F)C(F)(F)C(F)(F)C(F)(F)C(F)(F)C(F)(F)F,249.0
O=Cc1cccc(Cl)c1,213.5
CC1=CC=CNC1=O,289.0
Cc1[n]c(C)co1,108.0
Cc1cccc(c1)SCC,219.0
CCCCNCC,107.5
COCC(C)=C,68.0
CCOC(=O)c1ccc(N)cc1,310.0
CC(O)CC(C)O,199.0
C/C=C/C=O,103.1
S=C=S,46.0
O=C1CCO1,162.0
CCOc1ccc(Cl)cc1Cl,237.0
Cc1cccc(C(C)C)c1O,225.5
C1NCCC[C@H]1c1ccccc1,257.0
CCCCCCOc1ccccc1,240.0
CC(C)C(C)CC(C)CC,160.7
COC=C,5.5
Cc1cc(C)c(C)cc1C,196.8
NC(=O)c1cc(ccc1)[N+]([O-])=O,312.5
Cc1cc(O)c(cc1Cl)C(C)C,258.5
C#CCCCC#C,112.0
CCCCCCCCCCCCC=C,233.0
CCCCCC=O,131.0
CCOC(=O)c1ccco1,196.8
Cc1cc(ccc1)-c1ccccc1C,270.0
CC(C)C(C)CC(C)(C)C,147.9
CC(C)C(=O)C(O)=O,170.5
CCCCOS(=O)OCCCC,230.0
CC1(C)CNCCC1,137.0
CC(C)OB(OC(C)C)OC(C)C,140.0
CC(=O)COc1ccccc1,229.5
Cc1cccc2CC=Cc21,209.0
c1ccccc1-c1cccc[n]1,271.0
Brc1cccc[n]1,194.8
Cc1ccccc1C=C,169.8
Cc1cc(c(C)cc1C)[N+]([O-])=O,265.0
CC(C)[C@H]1C[C@@H](O)[C@H](C)CC1,217.5
CCN(C)C,36.5
CCCCC(COC(=O)c1ccc(cc1C(=O)OCC(CCCC)CC)C(=O)OCC(CCCC)CC)CC,414.0
C[C@@H]1CC[C@@H](C)S1,142.3
COC(=O)CS,148.0
CC=C=CC,48.2
CC(=O)CCCCO,227.0
CC(O)CN(C)C,124.5
C=CI,56.0
C1CSCCS1,199.5
CC(C)(C)CN,82.0
O=C(C(Cl)Cl)C(Cl)Cl,183.0
CCCCC(COC(=O)c1ccccc1C(=O)OCC(CCCC)CC)CC,384.0
CC=CC(O)=O,184.85
Sc1ccc(Br)cc1,230.5
CCC(C)C#N,125.0
OC(=O)C1CCCCC=1,241.0
C[Si](C)(Cl)CBr,131.0
CCCCCC#C,99.7
CCOC(CN)OCC,163.0
CCCCCC(C)N,142.0
Cc1ccc([s]1)C(C)=O,232.5
Cc1ccc(cc1)C(=O)CCC,251.5
CC(C)(O)C#CC(C)(C)O,205.0
COc1ccc(CC=C)cc1,215.5
CCCCOCOCCCC,179.2
ClC(c1ccccc1)(c1ccccc1)c1ccccc1,310.0
CC(=O)CCC(=O)OC,196.0
C=CCO,97.0
OCC(O)CCO,312.0
c1[n]cc[n]1-c1ccccc1,276.0
[O-][N+](=O)c1ccc(Cl)cc1,242.0
FC(F)OC(F)(F)C(F)Cl,56.5
CS,5.9
Cc1cc2cccc(C)c2cc1,264.0
OCc1ccc(Cl)cc1,235.0
CCCCCCCOC(=O)CCC,225.8
COC,-24.8
O=C(Cl)c1ccco1,173.0
C/C(=C\C)/C(O)=O,198.5
ClC(Cl)=C(c1ccc(Cl)cc1)c1ccc(Cl)cc1,336.0
CC(C)C(C)C(C)(C)CC,161.6
CC(C)CS(=O)(=O)CC(C)C,265.0
Cc1ccc(cc1)Oc1ccc(C)cc1,285.0
CCCCCCCCCCCCOC(C)=O,265.0
CCCCOC(=O)OCCCC,170.0
CSCCSC,183.0
OCCCl,128.6
CCN(CC)c1ccccc1,216.3
FC(F)(F)CCl,6.1
C1CC=C1,2.0
CCOC(=O)C(=O)C(=O)OCC,210.0
FC(F)(F)N1C(F)(F)C(F)(F)OC(F)(F)C1(F)F,51.0
CCCCCCCCCCCCCCC(O)=O,339.1
CCO[Si](C)(C)C=C,99.0
CCCCCC(C)O,159.0
Nc1ccccc1C(F)(F)F,187.0
CCOC(=O)N(c1ccccc1)c1ccccc1,360.0
Cc1ccc(O)c(c1)C(=O)OC,244.5
CCOC(=O)CC(C)C,135.0
CCC(CCC)C(C)(C)C,156.1
CC(C)Oc1ccccc1,176.8
CC=C(C)C#C,66.5
COC(CBr)OC,149.0
ClCCC(Cl)Cl,145.5
Clc1[n]c(Cl)cc(Cl)[n]1,212.5
CC=C(CC)CC,96.0
CCOC(OCC)c1ccco1,191.5
CC=CC=CC(=O)OCC,195.5
N#CCCCCC#N,295.0
COc1ccc(O)c(C=O)c1,247.5
CCCNC(C)C,96.9
CCCCCCCCC,150.8
CCCCCCC(=O)Cl,145.0
COC(=O)Cl,70.5
Cc1ccc(cc1)N=Nc1ccccc1,312.0
O[C@@H]1C[C@@H]2C[C@H]1CC2,176.5
Cc1ccc(cc1C)-c1ccccc1,282.0
CC(CCC)CCCCCC,187.0
CCSC(=O)SCC,197.0
OCC(F)(F)C(F)F,109.5
CC(=O)OCc1ccccc1,213.0
CCCCCC(=O)CCCCC,228.0
COC(=O)C=C,80.2
[O-][N+](=O)c1cc(ccc1)C(F)(F)F,202.8
C=CCC(O)CC=C,151.0
CCCCCCI,181.0
CC(C)CCCC(C)(C)C,148.9
COc1ccccc1CN,229.0
OC(=O)C(F)(F)C(F)(F)C(F)(F)F,121.0
C=CC(F)(F)C(F)(F)C(F)(F)C(F)(F)C(F)(F)C(F)(F)F,104.0
CC1(C)CCCCC1O,177.0
Brc1ccc(Br)cc1,218.5
CCC(O)=O,141.1
CCCCOCc1ccccc1,223.0
BrC(CBr)CBr,222.1
Cc1cccc(CC)c1N([C@@H](C)COC)C(=O)CCl,282.0
CCCCOC(=O)CC#N,231.0
CCC(C)ON=O,68.5
CCNC(C)C,69.6
Cc1ccccc1C(=O)OC,215.0
O=CC(Cl)(Cl)Cl,97.8
FC(F)CBr,57.3
CC(C)(C)c1cc(O)c(O)cc1,285.0
CC1(C)C2CC(=O)C1(C)CC2,205.7
CCC(=O)OCCOC(=O)CC,211.0
OS(=O)(=O)C(F)(F)F,166.0
CCB(Cl)CC,78.5
c1oc([n]c1-c1ccccc1)-c1ccccc1,339.0
Oc1ccc(Br)cc1,238.0
CCN(C)c1ccccc1,204.0
CCCCCC(=O)OCCCCCCCC,275.0
CCC(C)CC(C)=O,144.5
CC(C)CCC(O)=O,200.5
CC1C[C@@H](C)CC(=O)C=1,208.5
C=Cc1ccc(Cl)cc1,192.0
CCCOC(=O)CCCCCC,208.0
CC(C)(C)N,45.0
CC(OC)OC,64.5
CC(C)CC=NO,161.3
CC1CNCC(C)O1,146.6
O=C1C[C@@H]2CCCC[C@@H]2C1,221.5
CC(C)CCCO,151.9
CC(=O)OCCCCl,164.0
FC(Cl)=C(Cl)C(F)(F)F,47.3
CC(C)CO[N+]([O-])=O,123.4
CCOC(=O)C(Cc1ccccc1)C(=O)OCC,300.0
CCOC(F)(F)C(F)F,57.5
CC(C)(O)C#C,104.0
C1CSCCO1,147.0
CC1=CCC(CC1O)C(C)=C,228.0
CCCCCCOCCCCCC,223.0
CCCCOC(=O)c1ccccc1C(=O)OCCCC,340.0
CCOS(=O)OCC,158.0
CCOC(CCCN)OCC,196.0
CC(O)C1CCCCC1,189.0
O=S(=O)(Cl)c1ccccc1,252.0
CCC(CC)c1cccc[n]1,195.4
CCC(C)=C,31.2
CCOC(=O)c1cc2ccccc2cc1,308.5
OC(=O)CCCl,156.0
OC(C(=O)c1ccccc1)c1ccccc1,344.0
CCCCN(C)C,95.0
CCCCc1cc2ccccc2cc1,292.0
C/C(=C\C)/C(=O)OC,139.0
Cc1cccc2CCCCc21,234.0
OC(=O)c1c[n]c[nH]1,294.5
CC(C)CC(O)=O,176.5
Cc1cc(O)c(C)cc1C,232.0
Cc1cc[n]o1,122.0
CC(CCl)CBr,155.0
CCC(CC(C)C)C(C)C,154.1
CCCNC(=O)NCCC,255.0
CC(C)C(C)=O,94.3
COc1cc(Cl)c(Cl)cc1Cl,254.0
CCCCCCOCCO,208.0
O=S(=O)(c1ccccc1)c1ccccc1,279.0
CCCC(=O)N(C)C,186.0
C1CCCS1,121.0
CCCC(C1CCCCC1)C1CCCCC1,293.0
CC(=O)OC(C)(C)C,97.0
O=S(=O)(Cl)c1c(F)c(F)c(F)c(F)c1F,210.5
CCCCCCCCCCCCCCCCCC(O)=O,383.0
CCSCC,92.1
CCOCCOCCOCCO,255.8
CCS,35.1
Clc1cc(ccc1)-c1cc(Cl)ccc1,320.0
CC(=NO)c1ccccc1,245.0
C=CCC(O)=O,169.0
CC(C)c1ccc(Br)cc1,218.7
CCCC(C)OC(C)=O,130.5
FCCCBr,101.4
C=CCNCC=C,111.0
FC(F)(F)C(F)(F)C(F)(F)C(F)(F)C(F)(F)F,29.2
Clc1cccc(CCl)c1,216.0
C(C1CCNCC1)c1ccccc1,270.0
FC(F)(F)C(F)(F)C(F)(F)C(F)(F)C(F)(F)C(F)(F)F,56.6
N#CC(F)(Cl)Cl,33.0
CC[C@H](C)CBr,121.6
CCCCC(=O)Cl,109.0
Nc1c(Br)cc(Cl)cc1Cl,273.0
Cc1cc(ccc1)-c1ccccc1,272.7
CC=C1CC2CC1C=C2,146.0
CC(=O)CCCCBr,216.0
COCCOCCO,193.0
CCCCCCC(C)Cl,172.0
CCc1ccccc1N,209.65
ClC1CC2CC1CC2,162.0
Cc1c[n]cc[n]1,137.0
CC(C)c1cc(cc(c1)C(C)C)C(C)C,238.0
CC1CCC=C1C,99.0
Nc1cc(Cl)c(F)cc1,227.5
CCCC(C)(O)CC(C)C,171.0
COCCOCCOC,162.0
CCOCCOC(=O)c1ccccc1C(=O)OCCOCC,345.0
CCCCCC#CC(=O)OC,218.5
CC(C)C(CCC)CC,138.0
CCCN(CCO)CCC,196.0
CC1COC(=O)O1,242.0
CCOC(=O)c1ccccc1N,268.0
CCC=C(C)CO,167.5
CC(C)(C)CC1(C)CO1,140.9
C[Si](C)(C)O[Si](C)(C)O[Si](C)(C)O[Si](C)(C)O[Si](C)(C)O[Si](C)(C)C,245.5
C1c2ccccc2Nc2ccccc21,347.0
C1CC21CC2,39.0
Cc1cc(O)cc(O)c1,289.5
CCCc1cccc(CCC)c1O,256.0
Cc1cccc(CC)c1,161.3
CCN1CN(CN(C1)CC)CC,207.5
CCCCCCC[N+]([O-])=O,194.0
ClC=C[As](Cl)Cl,190.0
C=CCCCCCCC=C,167.0
CN1C2CC(=O)CC1CC2,227.0
CC(C)(C)CCCl,115.0
O=CC=Cc1ccccc1,246.0
CC(=O)C(=O)OCC,155.0
N#CCCCBr,206.0
C(c1c[n]ccc1)c1ccccc1,287.0
CCC1CCCC=1,106.3
Cc1cc(O)c(C)c(O)c1,278.5
CCCCCCCCCCCCCC(=O)OCC,295.0
O=C(Cl)c1cccc(F)c1,189.0
CC1CCOS(=O)O1,185.0
CC(C)C(C)(C)CC(C)C,153.1
O=Cc1cocc1,145.0
CCCCCOc1ccccc1,200.0
CC1=CCC2CC1C2(C)C,156.15
CC1(C)CC(=O)CCC1,180.0
Cc1ccccc1C(C)C,178.1
Cc1ccc(cc1[N+]([O-])=O)OC,266.5
Clc1ccc(cc1)Oc1ccccc1,284.5
CC(=O)CC(C)=O,138.0
CCC(CC1CCCCC1)CC1CCCCC1,306.0
CN(C)c1ccc(Cl)cc1,231.0
Cc1cc2[s]c([n]c2cc1)-c1ccc(N)cc1,434.0
CN(CC)CC,66.0
CC(C)CC(C)O,131.6
CCCCCCCC(C)CC,188.1
Oc1cc(O)c(Cl)cc1Cl,254.0
Sc1ccccc1,169.1
ClCC=C(Cl)Cl,131.5
Cc1ccc(C=C)c[n]1,181.0
C=COCCOCCOC=C,198.5
CCCN=C=S,153.0
CC=CC(C)=O,122.25
Nc1ccccc1F,175.0
Clc1cocc1,80.0
CC(C)CC#C,61.2
CCCCCCCCCCCCCCCC(C)C,311.0
COc1ccccc1C=O,243.5
O=S1OCCO1,173.0
O=Cc1ccc[nH]1,218.0
c1ccccc1N(c1ccccc1)c1ccccc1,365.0
S=C=Nc1ccc(Cl)cc1,249.5
C1CC2C3CCCCC3CCC2C2CCCCC21,353.0
CC(C)CC(=O)OCCC(C)C,190.4
CCOc1cccc(C=O)c1,245.5
Cc1c(c(NC(CC)CC)c(cc1C)[N+]([O-])=O)[N+]([O-])=O,330.0
CN(C)C(=S)N(C)C,245.0
CCCCC=C(C)C,122.6
C=CC(F)(F)Br,42.0
CCCC1CCNCC1,173.0
Oc1c(F)c(F)cc(F)c1F,140.0
CC(=O)Br,76.0
COC(=O)c1ccccc1O,222.9
ClC(Cl)C(c1ccc(Cl)cc1)c1ccc(Cl)cc1,350.0
CC(=O)Nc1ccccc1-c1ccccc1,355.0
O[C@H](CO)[C@@H](O)CO,330.5
CCCCOCCOC(C)=O,192.0
CCC(CC)c1ccccc1,187.5
OC(=O)c1cc2c(cc1)C(=O)OC2=O,390.0
O=C(/C=C/c1ccccc1)c1ccccc1,346.5
CCC#CCCCCC,157.1
CCCCCC(C)(C)CC,161.2
Clc1ccc2ccccc2c1Cl,296.5
CCC(=O)OC1CCCCC1,193.0
CC(C)(C)C(C)(C)C(C)C,166.1
CC(OP(C)(=O)F)C(C)(C)C,198.0
Oc1cc(Cl)ccc1,214.0
CCCCCCCCCCC#C,215.0
CC(C)(S(=O)(=O)CC)S(=O)(=O)CC,300.0
CC(O)C(C)CO,200.0
C1CCCc2cc[n]cc21,218.0
COCCC#N,163.0
Oc1c(F)c(F)c(F)c(F)c1F,145.6
Cc1cccc(C)c1N,215.0
CC(=O)Nc1ccc[n]c1,326.5
Cc1cc(C)[n]cc1,158.5
CCOO,95.0
Cc1ccc(cc1)OCC,188.5
Cc1cc(Br)ccc1C,214.5
[O-][N+](=O)CCl,122.5
FC(F)(F)C(Cl)(Cl)Cl,46.1
CCOC(=O)C(Br)(Br)Br,225.0
CCN(CCCC)C(=O)SCCC,202.0
[O-][N+](=O)c1ccccc1CCO,267.0
NCCCc1ccccc1,221.0
CCOP(OCC)OCC,157.9
N#Cc1cccc2ccccc21,299.0
C1COCCN1,128.0
Oc1ccc(Cl)cc1Cl,210.0
CC(C)(C)c1cccc2ccccc21,279.0
CC(C)=C(C)C(C)C,116.5
Cc1cc(O)cc(C)c1Cl,246.0
CNC(C)=O,205.0
Fc1[n]c(F)c(F)cc1F,102.0
CC1OC(C)OC(C)O1,124.3
OCCCC(F)(F)F,125.0
OCC1CCCO1,178.0
N#Cc1cccc(Br)c1,225.0
NC(=O)Nc1ccc(Br)cc1,260.0
C[C@H](O)C(F)(F)F,75.5
Cc1cc(Br)ccc1N,240.0
CC(=O)CCC(=O)OCC(C)C,228.0
CCc1ccc(C=C)cc1,192.3
CCCCCCCCCc1cc2ccccc2cc1,372.0
CC(C)OC(C)=O,88.6
CC(Oc1ccccc1)C(=O)Cl,147.0
CC=Cc1cc(OC)c(cc1)OC,270.5
Cc1c(O)cccc1Cl,225.0
C[Si](C)(C)CC=C,86.0
C=Cc1cccc[n]1,159.5
CCOC(=O)C(C(C)=O)C(C)=O,210.0
CCC(Cl)(Cl)Cl,108.0
Cc1cc(Br)ccc1,183.7
CCC(=C)c1ccccc1,182.0
CCc1ccc(Br)cc1,204.0
CC#CCCC,84.5
c1[n]cco1,69.5
CC(C)OP(C)(=O)F,147.0
COc1cc2ccc[n]c2cc1,306.0
C1C2C=CC1C=C2,89.5
BrC(Br)C(Br)Br,243.5
Cc1c[s]cc1,115.5
CCCC#CCCC,131.6
N#CCCc1ccccc1,261.0
Cc1[n]o[n]c1C,156.0
N#Cc1cc(F)c(F)c(F)c1F,164.5
COc1c(Br)cc(Br)cc1Br,298.0
CCCCCCCCCCCCCCCCN,322.5
Cc1cc(C)[n]c(C)c1,170.6
Cc1cc[s]c1Br,176.0
ClC=C(Cl)Cl,87.2
CC(C)(C)C(O)=O,164.0
CCOCCO,135.0
CC(CC)C(C)(CC)CC,162.1
O=C(Cl)CCC(=O)Cl,193.3
CC(O)(CC)CC,122.4
C1CC(Oc2ccccc21)c1ccccc1,332.0
CC=CC(C)(C)O,112.0
CC(=C)C(=O)OC,100.5
CC1CCC(CC=1)C(C)(C)O,219.166666666666
c1cccc2[s]c3ccccc3c21,332.5
CCOCCC#N,153.5
OCc1cccc(F)c1,201.0
CCc1ccc(CC)cc1,183.7
CC(C)(OOC(C)(C)c1ccccc1)c1ccccc1,396.0
C=C(Br)CBr,141.0
C1CCCCC1C(C1CCCCC1)C1CCCCC1,325.5
CC(C)(C)C1CCCCC1,171.5
COBOC,25.9
CCCCCCOC(=O)CCCCC,246.0
CCCCCCCCCCCCCCCCCCC#C,340.0
CC(Cl)(CCl)CCl,162.5
Cc1ccccc1C(=O)Cl,213.5
CC(C)C(=O)OCCc1ccccc1,250.0
O=CCCCl,130.0
Sc1cc2ccccc2cc1,288.0
Nc1ccc(F)cc1,182.0
Cc1cc(O)ccc1C,227.0
CCC1CCc2ccccc21,212.0
O=C1OCc2ccccc21,290.0
O=C(Cl)OCc1ccccc1,152.0
Cc1ccccc1NCC,216.0
C=CC[Si](Cl)(Cl)Cl,117.5
c1ccccc1-c1ccccc1,256.1
CCCCOB(OCCCC)OCCCC,234.0
CC1Cc2ccccc2C=1,208.0
C=CC[N+]([O-])=O,127.5
CC(C)N,31.7
CCC(=O)OC(=O)CC,170.0
CC(C(C)O)C(C)O,211.5
Cc1cc(C)c(cc1)[N+]([O-])=O,247.0
FC(Cl)(Cl)Cl,23.7
CC(C)CC(C)(C)O,133.1
CCCSCCC,142.9
Cc1cc(Cl)ccc1OCC(O)=O,286.74
Oc1cc(Cl)c(Cl)c(Cl)c1,275.0
CC1CCCC(C1)CCC,164.5
CC(=O)C(=O)OC,135.5
CC(=C)C(=O)Cl,96.0
CC(C)(C)CO,113.5
CC1CC(C)(C)CC1,104.9
C1C=CC=C1,41.0
CN(N)c1ccccc1,228.0
Cc1c(C)cccc1C,176.1
c1ccccc1OP(Oc1ccccc1)Oc1ccccc1,360.0
CCCCCCCCC1CCCCC1,264.0
CC(C)C(=O)c1ccccc1,220.0
CC#CCCCCC,137.6
C1C=CCCCC=C1,145.0
CN1Cc2cc3OCOc3cc2CC1,304.0
C[Si](C)(C)O[Si](C)(C)O[Si](C)(C)O[Si](C)(C)C,194.0
O=C1CCc2ccccc2O1,272.0
NC1CCC(CC2CCC(N)CC2)CC1,320.0
Fc1c(F)c(F)c(S)c(F)c1F,143.0
CC(C)CCC(C)=NO,195.5
CCO[Si](C)(C)C,76.0
CC1CCCC1=O,139.5
CC(C)(F)F,-0.4
CCCCCCCCCCCCCCCCCCC(O)=O,300.0
FC(F)C(F)Cl,17.0
CC(C)c1cc(ccc1)C(C)C,203.2
CCOC(C=C)OCC,123.5
O=Cc1ccco1,161.7
CCCCCCC(Cl)Cl,191.0
CCCCCCCF,117.9
CN(C)C(OCC)OCC,129.0
CC(C)(C1CCCCC1)C1CCCCC1,286.0
CS(=O)(=O)Cl,162.0
FC(F)(Cl)C(F)(Cl)Cl,47.7
CC[Si](CC)(CC)CC,154.7
O=C(OCc1ccccc1)c1ccccc1,323.5
CCOC(=O)CCCCCCCCC(=O)OCC,305.0
Cc1cccc(c1[N+]([O-])=O)[N+]([O-])=O,284.0
CCCC(O)C=C,134.0
CC(C)(C)S,64.0
Nc1ccccc1Cl,208.8
CCCS,67.8
CCCCCCCCCC,174.1
CC(=O)C(Cl)(Cl)C(=O)OCC,206.0
COc1cc(Cl)c(cc1Cl)OC,268.0
CC#CCCCC,112.0
CCC(C)OC(C)=O,112.0
CCc1cc(C)c(C)cc1C,213.0
N#CCCCl,175.5
"ClC1(Cl)[C@@]2(Cl)[C@H]3[C@H]([C@@H]4O[C@]4(Cl)[C@@H]3Cl)[C@]1(Cl)C(Cl)=C2Cl |o1:3,5,6,7,9,13,&1:11|",353.0
C1c2c3ccccc3ccc2-c2ccccc21,405.0
NC(=O)C(F)(F)F,162.5
CC(=O)Cc1cc(ccc1)OC,259.0
C/C=C/CCCO,159.0
CC(O)(CCl)CCl,174.5
ClCCOCCCl,178.5
CCOC(=O)c1cccc(N)c1,294.0
CNCc1ccco1,149.0
O=C1CCC(=O)N1Cl,216.5
ClCc1ccc(Cl)cc1Cl,248.0
Cc1cc(C)c(CCl)cc1,215.5
ClC(Cl)Cl,61.1
CCCC1CCCCC1,156.7
CC1(C)OC2(C)CCC1CC2,176.4
CCCCCCCCON=O,174.5
CC=CCc1ccccc1,176.0
CC(O)CBr,146.5
CCCCCCC(=O)OCCCCCCC,277.0
CCN(CC)C(=O)Cl,186.0
CCC,-42.1
Clc1ccc(CCl)cc1,223.0
Cc1ccc(cc1)[C@H](C)O,219.0
O=C1c2ccccc2-c2ccccc2C1=O,360.0
c1c(ccc2ccccc21)Nc1ccccc1,395.5
NCCC#N,185.0
Oc1ccccc1-c1ccccc1O,320.0
COC(=O)c1ccccc1,199.0
NC(=O)C(Cl)(Cl)Cl,240.0
C#CCl,-30.0
Cc1ccccc1N(C)C,194.1
CCSCCO,184.0
CCOC(O)C(F)(F)F,104.5
N#CCCOCCC#N,305.85
SCc1ccccc1,194.5
CC(CC)(CC)c1ccccc1,205.0
Cc1ccc(cc1Cl)[N+]([O-])=O,260.0
CC(=O)C(C)(C)C,106.1
CC1C2CC(CC1=O)C2(C)C,212.0
Cc1cccc(Cl)c1Cl,207.5
CC(C)C(C)(C)O,118.4
CCC(C(=O)OC)c1ccccc1,228.0
CCCCC(=O)OCCCCCCC,245.2
S=C(Cl)Cl,73.0
CC=O,20.1
CCC(C)OC,65.0
COC(=O)c1cc[n]cc1,208.0
CC(C)(C(C)=O)C(C)=O,173.0
CC(C)(C)C=O,77.5
Fc1cc(F)c(F)cc1,90.0
Oc1cc2ccccc2cc1,285.0
C/C=C/C=C/C(=O)OC,180.0
Cc1ccc(cc1)NC,210.0
CCCCI,130.6
CCC=CCC,66.8333333333333
CCCBr,71.1
Brc1c[nH][n]c1,255.0
CCC(CC)=NO,168.0
FC1CCCCC1,101.0
C[C@]1(CC/C=C(/C)\CO)C2C[C@@H]3[C@H](C2)C13C,301.5
CC(=O)C(C)C(=O)OCC,187.0
CCCCCCCCCCCCCCCCCCCC(O)=O,328.0
CN1C(=O)c2cc(ccc2C1=O)[N+]([O-])=O,361.0
CCCCCC[N+]([O-])=O,193.0
COC(=O)C(O)(CC(=O)OC)CC(=O)OC,285.0
CCCCCOC(=O)c1ccccc1O,270.0
CCOC(N)=O,185.0
CCCCC(=O)CCCCCC,227.0
CC(C)(C)OC=O,82.5
ClCCBr,107.0
Cc1ccccc1,110.6
CC(C)c1ccc(cc1C(C)C)C(C)C,244.0
Fc1c(F)c(F)c(Br)c(F)c1F,137.0
CSCSC,148.0
Cc1cc(Cl)c(C)cc1,187.0
c1[n]cccc1-c1c[n]ccc1,291.5
N#CC(F)(F)F,-68.8
C[Si]1(C)N[Si](C)(C)N[Si](C)(C)N1,188.0
COC(C)CCO,157.0
CCCCCCC=O,152.8
CC(=O)F,20.8
O=C(C(F)(F)Cl)C(F)(F)F,8.0
FCCCCCCl,143.2
Brc1ccc(cc1)-c1ccc(Br)cc1,357.5
CC(=O)CC(C)(C)C,126.0
Cc1cccc(c1)N(CC)CC,231.5
C1OCc2ccccc21,192.0
O=C1CCCC=C1,170.0
O=CC1CCCCC1,159.3
OC(=O)c1ccccc1Oc1ccccc1,355.0
COc1ccccc1C1CCCCC1,268.0
O=C1C=COC=C1,212.5
CCC(Br)=CBr,150.0
Cc1cc(N)ccc1Cl,241.0
COc1cccc(Cl)[n]1,185.5
COc1cc(ccc1)[N+]([O-])=O,258.0
COc1ccccc1CCN,236.5
CC(=O)CCC(=O)OCCCC,237.5
Cc1ccc(S)cc1,195.0
C=CC1CCC1C=C,112.5
COCCO,124.1
CCCC1CC1,69.1
[O-][N+](=O)N1CCCCC1,245.0
O=C(Cl)C(=O)Cl,63.5
Clc1cc(ccc1Cl)C(Cl)(Cl)Cl,283.1
ClC1(Cl)C2(Cl)C3C=CC(Cl)C3C1(Cl)C(Cl)=C2Cl,310.0
COc1ccccc1I,241.0
C1CO1,10.6
c1ccccc1N=C=Nc1ccccc1,331.0
C=C1CC(=O)O1,126.1
CCOC(=O)CBr,168.5
c1[n][nH]c2ccccc21,269.0
FC(F)(F)C(F)(F)C(F)(F)C(F)(F)C(F)(F)C(F)(F)C(F)(F)C(F)(F)C(F)(F)Br,159.0
C[Si](C)(C=C)O[Si](C)(C)C=C,39.0
Cc1cc2ccoc2cc1,198.0
CCOC(=O)C1CC=CCC1,194.5
C[Si](C)(C)Cl,60.0
C#CCCCO,154.0
OC(=O)C(F)(F)F,73.0
Cc1cccc(c1)NC,206.5
CCCC(C)N,92.0
"C1CC[C@@H]2CCCC[C@H]21 |&1:3,8|",167.0
CC[Si](CC)(CC)O[Si](CC)(CC)CC,233.0
FC(F)(F)c1ccccc1Br,167.5
Cc1cc(O)ccc1C(C)=O,313.0
CON=O,-12.0
CCCOC=C,65.0
O=C=NC1CCCCC1,172.0
CC1(C)CC=CC1,88.0
C=C[Si](Cl)(Cl)Cl,91.5
N#Cc1ccc(Br)cc1,236.0
CC1(CCOCO1)c1ccccc1,256.0
CCCC(=O)OCc1ccco1,212.5
C1CCCC1c1ccccc1,219.0
CC(C)=CCC/C(/C)=C/CO,227.5
CN(C)c1ccccc1N(C)C,215.5
CN=C=S,119.0
CCCCCCC(C)C,143.2
CC1CCCC(C)(C)C1=O,178.5
c1cc2ccccc2c2ccccc21,340.0
CC(CCC#N)C#N,263.0
CCc1[n]c(C)c[n]c1C,180.5
Cc1ccc(OC)c(c1)OC,220.0
CC(C)=CCCC=C(C)C,166.0
CCCCC(CC)CC,143.0
CCOC(=O)C(F)(F)F,61.0
CCC(O)C(C)(C)C,135.0
C#CC#C,10.3
CC(=C)CCl,71.5
O=C=Nc1cccc2c1cccc2N=C=O,329.85
CCCCOCCOCCOCCO,278.0
c1ccc[n]c1-c1cccc[n]1,273.5
O=C(OCC(F)(F)F)C(F)(F)F,55.0
CCCCCCCCCCCCCCCCCCN,346.8
CC(C)=CC(C)=O,130.0
OCCOc1ccccc1,245.0
CCCC(CC)(CC)CC,166.3
CC(C)=CC=CC(C)=CC,188.0
O=C(Oc1ccccc1)Oc1ccccc1,306.0
CC(=O)OCCOCCOCCOC(C)=O,286.0
NCCNCCNCCNCCN,341.5
CC1(C)CC1,20.6
CCOc1ccc(cc1)[N+]([O-])=O,283.0
Cc1cccc(c1)C(C)C,175.1
FC(F)(F)C(F)(F)F,-78.1
C[C@H](Oc1ccccc1)C(O)=O,266.0
CC1(C)C2CCC1(C)C(=O)C2Br,274.0
CCSCCCl,156.5
CC(C)CCOC(=O)C(C)O,202.4
COC1CC1,44.7
Cc1[n]cc[n]c1CCC,189.0
CNCCN(C)C,117.0
CCCC=C(CCCC)CCCC,215.5
ClCc1cccc2ccccc21,291.5
Cc1cccc(c1)C(C)(C)C,189.3
CCC=C,-6.2
OCCCCC(F)(F)F,147.75
CC1CC(=O)CCC=1,201.0
C1CCC[C@H](N1)c1c[n]ccc1,276.0
Cc1ccc(O)c(Cl)c1C,188.0
Ic1ccc[s]1,181.0
Cc1c(O)c(C)c(C)cc1C,247.0
[O-][N+](=O)C(Cl)(Cl)[N+]([O-])=O,121.5
COc1c(F)c(F)cc(F)c1F,138.0
Cc1cccc(N)c1C,221.5
O=Cc1cc(Cl)cc(Cl)c1,240.0
C1CCCCC1C1CCCCC1,238.0
CC(=O)OCCOCCOC(C)=O,200.0
Cc1cc(ccc1C)C(C)=O,246.5
OC1CC=CCC1,164.0
CN(C)c1ccccc1,193.45
CC(C)C(N)=O,218.0
CCCCCCCCCCCCCCC1CCCCC1,360.0
CCC(Cl)Cl,88.1
CCOCC(O)=O,206.5
CC=Cc1ccc(cc1)OC,234.5
CCOC=Nc1ccccc1,214.0
NCCCCCC#N,235.5
CC(C)[C@@]12C[C@@H]1[C@@H](C)C(=O)C2,203.0
O=C(CCc1ccccc1)CCc1ccccc1,352.0
CCNC(C)=O,205.0
CP(=O)(OCC)OCC,194.0
CCCCOCCOCCOCCCC,256.0
COc1ccccc1N(C)C,210.0
C=CCOC(C[n]1c[n]cc1)c1ccc(Cl)cc1Cl,347.0
CC(CC)NC(C)CC,135.0
CCC/C=C/C=O,146.5
OC(=O)C(F)(F)Cl,122.0
NCc1cc(CN)ccc1,247.0
CC1CC(O)CC(C)(C)C1,195.6
CCCCCCc1ccc(N)cc1,282.0
CCCC(=O)C(C)(C)C,147.0
Cc1ccc(cc1)C(C)=O,226.0
CC(=Cc1ccccc1)C=O,251.6
O=Cc1c(F)c(F)cc(F)c1F,178.0
COC(=O)C(Br)CBr,206.0
O=C1CCCCC1C1CCCCC=1,265.0
Cc1cccc2c1ccc1cc(ccc12)C(C)C,390.0
CCOC(O)C(Cl)(Cl)Cl,115.5
COCC(=O)c1ccccc1,245.0
FC(F)(F)c1ccc(Br)cc1,160.0
c1cc(cc[n]1)-c1ccccc1,281.0
CC1CCCCC1=O,162.5
CCC(Br)(Br)CBr,213.8
CCOCCOCCO,196.0
CC(C)C(C(=O)OCC)C(=O)OCC,215.0
CC(C)c1cccc2ccccc21,268.0
COc1ccc(CN)cc1,236.5
CN(C)C#N,163.5
Brc1cc2ccccc2[n]c1,275.0
CCCCCC(C)(C)C,132.7
C=CC=CC#N,136.5
CC(C)(C)Cc1ccccc1,186.0
O=C1CCCCC1=O,194.0
O=C(NNc1ccccc1)c1ccccc1,314.0
CCOCCOCC,119.4
CC(C)CCOC=O,123.5
CCC1(C)CC1,56.8
CCC(=O)OCc1ccco1,195.0
CC(C)CC(=O)OC(COC(=O)CC(C)C)COC(=O)CC(C)C,332.5
CCC(C)O,99.5
CC(O)CN,160.0
C=C1CCC1,42.2
C1CCCN1,86.5
CCCCNC,91.0
ClC(Cl)=C(Cl)C(Cl)=C(Cl)Cl,215.0
CC1=CCC(CC1=O)C(C)=C,230.166666666666
Cc1cc(C=C)ccc1,164.0
Nc1cccc2ccccc21,300.8
CC1(C)C2CC(CC2)C1=C,159.5
Cc1ccccc1OCC,184.0
CCCCCCCCOCCCCCCCC,283.0
Fc1cc(F)c(F)cc1F,90.2
CC(=O)c1cc(ccc1)OC,240.0
CCCC(C)(C)Br,142.5
C=O,-19.1
CCC(C)(CCC)CCC,160.8
Nc1cc(Cl)ccc1N,229.3
CCCCCCCCNCCCCCCCC,297.5
C(c1ccccc1)[n]1c[n]cc1,310.0
CCc1ccccc1[N+]([O-])=O,232.5
CCCCOCC(C)O,171.5
CCCC(C)CC=O,143.0
CCC(C)=NO,152.5
CCCCOCc1ccco1,190.0
C1OCCCO1,106.1
CCCCCCCCCC1CCCCC1,282.0
CC(C)CC(O)CCC,164.0
CNN,87.5
ClC(Cl)(Br)CBr,195.0
N#CCCC[Si](Cl)(Cl)Cl,237.5
CC1(C)CC(C)(C)CC1,118.0
CC(C)(O)CCl,128.5
CCOCCN,108.0
C=CCCc1ccccc1,177.0
CCC(Oc1ccccc1)C(O)=O,258.0
CNCCc1ccccc1,206.0
CCOC(=O)CCCC(=O)OCC,236.5
CCOP(=O)(C=C)OCC,202.0
CCC(=O)Nc1cc(Cl)c(Cl)cc1,351.0
O=C(Cl)CCCCl,173.5
CCC(OCC)(OCC)OCC,171.0
CC(C)CCCC(C)CC,160.4
CC(F)(F)C(F)(F)F,-17.4
CC(C)(Cl)Br,95.0
FC(F)(F)C(F)(F)C(F)(F)C(F)(F)C(F)(F)C(F)(F)C(F)(F)F,82.5
O=C(Cl)c1cc(ccc1)C(=O)Cl,276.0
[O-][N+](=O)c1ccc(Cl)cc1Cl,258.5
CCC(C)(C)C(=O)Cl,132.0
O=C(Br)CBr,148.5
CN1CC(CO)CCC1,142.5
CCOC(=O)C(C(=O)OCC)C(=O)OCC,253.0
CN(C)CN(C)C,83.0
CC(C#N)OC(C)=O,172.5
CC(CCC)C(C)CCC,162.15
Cc1ccc(cc1)C(=O)CC,236.0
CC(C)(C)c1cccc(c1O)C(C)(C)C,253.0
Oc1ccccc1S,217.0
CC1C2CC(CC2)C=1C,140.5
BrC1CCCC1,137.5
Cc1ccc(Cc2ccccc2)cc1,286.0
CC(C)=C(C)Cl,96.0
CCCCS(=O)(=O)CCCC,291.0
Cc1cc(CN)ccc1,203.5
Cc1cc(CC#N)ccc1,248.0
CC(CC(CC)CC)CC,158.2
FC(F)=CCl,-18.5
CN(C)c1ccccc1N,218.0
COC(=O)C(C)Cl,132.5
Fc1c(F)c(F)c(F)c(F)c1F,80.2
CCCC#CCCCC,152.0
CCCC(C)C(C)(C)C,133.6
CCCCC(COC(=O)/C=C/C(=O)OCC(CCCC)CC)CC,300.0
CCCCN1CCCCC1,176.0
CC(C)CCO,131.1
Nc1ccc(cc1)/N=N/c1ccccc1,366.0
BrC(Br)(Br)Br,189.5
CCC(O)CCl,141.0
OCCCCCC(F)(F)F,165.75
BrCCCc1ccccc1,219.5
CCCCOC(=O)C(=O)OCCCC,241.0
CCC=C=C,44.9
CCCCCCOC(=O)CC,190.0
FC(Cl)(Cl)CCl,88.0
CCCC(=O)CC(C)C,155.0
CN1C(C)=CC(=O)N1c1ccccc1,319.0
CCl,-24.0
CCOc1ccccc1OCC,219.0
O=C1CCC=C1,136.0
CCN=C=S,131.5
CCOC(=O)c1ccccc1,212.0
Cc1[n]ccc[n]1,138.0
CCCC(C)=O,102.2
Cc1ccccc1N(CC)CC,209.0
CC(C)CO,107.8
CCCCCCCC(=O)OCCC,226.4
CC1CN(CCC1)C(C)=O,239.0
[O-][N+](=O)c1ccccc1-c1ccccc1,320.0
CCCCCCCCCCCCCCCCCC#N,362.0
CCCC(=O)OCCCCCC,208.0
CC(CC1CCCCC1)CC1CCCCC1,295.2
CC(C)C(C)C(C)(C)C,133.0
CCCCCC(=O)OCC,167.0
Cc1cccc(O)c1O,241.0
OCCNc1ccccc1,279.5
CN(C)c1ccc(cc1)C#N,318.0
CC(C)OC=C,55.5
Nc1ccccc1Nc1ccccc1,313.0
C1CCCCC1Oc1ccccc1,261.0
CCSC,66.7
C[Si](C)(C)Oc1ccccc1,119.0
CCCCOC(=O)c1ccccc1C(=O)OCc1ccccc1,370.0
CCCCCCCCCCS,240.6
c1cccc2Sc3ccccc3Sc21,365.0
C[n]1cccc1,115.0
[O-][N+](=O)c1ccccc1Cl,245.5
Cc1cc2c(cc1)cccc2C,263.0
Nc1ccc(cc1)[N+]([O-])=O,332.0
Cc1cc(Br)ccc1O,235.0
CN(C)Cc1ccccc1,181.0
[O-][N+](=O)c1ccccc1I,290.0
Cc1ccc(cc1)-c1ccccc1,267.5
CCC[C@@H](C)S,112.9
C(CCC1CCCCC1)C1CCCCC1,291.5
CCc1cccc2CCCCc21,245.0
CC(C)CC(C)C(C)CC,156.5
COCC(O)COC,169.0
CCN(Cc1ccccc1)c1ccccc1,288.0
CCCCC(C(=O)OCC)C(=O)OCC,237.5
CCC(=O)Oc1ccccc1,211.0
C[Si](C)(Cl)CCl,115.5
CC=CC(C)C(O)=O,199.0
CCC#N,97.1
CCN(CCO)CCO,247.0
FC(F)(Br)C(F)(F)C(F)(F)C(F)(F)C(F)(F)C(F)(F)C(F)(F)Br,159.0
COC(=O)CF,104.5
CCCCCCCCCCCC,216.3
Cc1cc(Cl)c2ccccc2[n]1,269.5
CC/C=C/C(C)C,85.9
CCCCCCCC(N)=O,239.0
FC(Cl)C(F)(F)Br,52.5
CC(CCC)C(CC)CC,165.0
Cc1ccc(Cl)cc1[N+]([O-])=O,242.0
Cc1ccc2ccccc2[n]1,246.5
CC1C(C)CCCC1C,142.0
COCCCl,92.5
CCCCCCCC(=O)OC,192.9
CC(C)=CC(=O)C=C(C)C,197.5
Fc1cccc2ccccc21,215.0
CC(C)C1CC[C@H]2C(C=1)=CC[C@H]1[C@@](C)(CCC[C@]21C)C(=O)OC,362.5
FC(F)(F)SSC(F)(F)F,34.6
CC(C)CCBr,120.4
CCN(CC)c1ccc(Cl)cc1,252.0
Cc1cc(C)c(cc1)C(C)=O,228.0
CC1CCOC(C)O1,116.5
Brc1ccc(Br)c2ccccc12,310.0
CC(CO)CC(F)(F)F,132.5
CC(Cl)C=C,64.5
CCCCCCCCC(=O)OCC,227.0
CC(CCO)CC(C)(C)C,194.0
CC(C)C(O)=O,154.4
ClCCCBr,143.3
CS(C)(=O)=O,238.0
Fc1cc[n]cc1,109.0
CCC(=O)CC(C)C,135.0
CNc1[n]c([n]c(NC(C)C)[n]1)SC,345.0
CN(C)B(F)N(C)C,106.0
CC(F)(F)CC(F)(F)F,40.0
CCCCC(COC(=O)c1ccc(cc1)C(=O)OCC(CCCC)CC)CC,383.0
COC(=O)C(C)(C)O,137.0
CCC(N)CC,89.0
O=C(C(Cl)(Cl)Cl)C(Cl)(Cl)Cl,203.0
CCOC(=O)C(CC)(CC)C#N,214.5
CCOc1ccccc1O,217.0
CCCCC(C)CC,118.0
CCCCCCCCC(=O)OC,213.5
CC(C)O[Si](C=C)(OC(C)C)OC(C)C,179.5
CCC(=O)OCCc1ccccc1,238.0
O=C1OC(=O)C(F)(F)C1(F)F,54.5
Cc1cc2c(cc1)[nH]c1ccccc21,365.0
CNC(=O)NC,269.0
CCCCCCC(C)(C)C,155.0
CC(C)(C)N=C=S,140.0
CCC(C)(O)CC(C)C,152.0
Cc1cc(Cl)c(Cl)cc1,208.9
CC(C)COC(=O)c1ccccc1C(=O)OCC(C)C,296.0
Oc1[n]c2ccccc2[s]1,360.0
Oc1ccc(C=O)cc1,310.0
FC(F)(F)C(Cl)Cl,27.0
CC(CC)SC(C)CC,165.0
CCOC(=O)c1cccc(Cl)c1O,269.5
Nc1cc(Cl)cc(C(O)=O)c1Cl,312.0
N#Cc1ccccc1CCl,252.0
O=C1C=CC=CO1,207.5
CCOC(=O)C(CC=C)(CC=C)C(=O)OCC,243.5
CC[C@H](C)CC=O,121.0
OC[C@@H]1CCCN2CCCC[C@@H]21,270.0
CC1CCC(=O)C=1C/C=C\CC,258.0
Nc1ccc(Cc2cc(Cl)c(N)cc2)cc1Cl,378.9
Cc1cc(c(O)cc1)C(C)=O,210.0
CCOC(=O)N1CCNCC1,237.0
OCCS,158.0
Fc1cccc(c1)C(F)(F)F,101.5
CP(=O)(Cl)Cl,163.0
C=C(Cl)C#N,88.5
O=C1OCCO1,248.0
CCOS(=O)(=O)C(F)(F)F,115.0
CN(C)CCCl,110.0
CCCCCN,104.3
Cc1ccc(O)c(c1)OC,221.0
CC(CCO)CC(F)(F)F,158.7
CC(C)c1cccc(C(C)C)c1N,257.0
CCCCOC(=O)CC,146.8
Cc1ccc(C=O)cc1,204.5
C1SCCS1,175.0
CCC1(C)CCCCC1,152.2
[O-][N+](=O)CCCl,173.5
Cc1cccc2ccccc21,244.7
Oc1cc(ccc1)C(F)(F)F,178.0
CC(C)(C)CC(C)(C)CC,153.8
COc1ccc(CC=C)cc1OC,262.6
CC(C)C(C)(O)C#C,134.0
FC(F)(F)C(F)(F)C(F)(F)N(C(F)(F)C(F)(F)C(F)(F)F)C(F)(F)C(F)(F)C(F)(F)F,130.0
CC(C)NNC(C)C,125.0
OC1CCC1,124.0
C=C[Si](C=C)(C=C)C=C,130.2
NCCO,171.0
OC(CO)CO,290.0
CCCCCCCCCC(O)=O,268.7
CCN(C(C)C)C(C)C,126.5
CCCCC(CCl)CC,172.0
Cc1cc(C)c(c(C)c1)N(C)C,214.0
C1COc2ccccc21,188.5
CCC#CCCCC,133.1
C1CCCCC1Nc1ccccc1,279.0
O=C=O,-78.48
FC(F)(Br)C(F)(F)Br,47.3
CC(C)CCc1ccccc1,195.0
CC1CCc2ccccc2O1,224.5
CC1CC(=O)C(C)(C)C1,158.0
Cc1c(Br)c(Br)c(Br)c(Br)c1C,374.5
CC1(C)C(C)C(C)(C)c2cc3COCC(C)c3cc12,325.0
CCOCC=C,67.6
CC(C)CCC(C)(C)O,154.5
CN1C=CC=CC1=O,250.0
OC(=O)CCCOc1ccc(Cl)cc1Cl,324.35
CC(C)CCOC(C)=O,142.5
O=C=C=C=O,6.8
Nc1ccccc1C#N,263.0
Cc1cccc(c1)C(C)=O,220.0
Oc1ccccc1C(=O)c1ccccc1O,333.0
CCCC(C)I,150.0
CC(O)(C#C)c1ccccc1,217.5
C1CCO1,47.6
C[C@@H]1CC[C@H](C)c2ccccc21,226.0
CCCOCOCCC,140.5
CCCCOC(=O)c1ccccc1,250.3
CC(CC(C)(C)C)CC(C)(C)C,177.8
Oc1ccccc1-c1[n]c2ccccc2o1,338.0
CCCCCOCCCCC,190.0
Cc1cc(ccc1O)C(C)C,230.0
c1c2ccccc2c(c2ccccc21)-c1ccccc1,417.0
CCCCCCCCCCCCCN,275.8
COc1ccc(COC(=O)Cc2ccccc2)cc1,370.0
CCN(CC)C#N,188.0
BrCCI,163.0
OCC#CCO,238.0
CCC(=C)CC,64.7
CCC(OCC)OCC,123.0
CCCCCCOC(C)=O,171.5
CCCCC(COC(=O)C=C)CC,213.5
Cc1[n]cc(C)o1,117.5
CCCI,102.6
CC(Cl)C(C)=O,115.0
ClC(Cl)(CCl)CCl,165.0
C=CC(=O)OCC(F)(F)C(F)F,132.5
CCCCB(CCCC)CCCC,209.0
CC(C)OCC(C)O,137.5
COc1cccc(S)c1,224.5
c1[n][n]c2ccccc2[n]1,237.5
C=CCOC(=O)C(=O)OCC=C,217.0
CC(C)CC=O,92.5
CCCCCCCl,135.0
Brc1ccc(I)cc1,252.0
CC(Cl)(Cl)C(Cl)Cl,153.0
CC(C)c1cccc(C(C)C)c1O,256.0
C=CC(F)(F)F,-17.0
CCCC(C)COC(C)=O,163.0
FC(I)(C(F)(F)F)C(F)(F)F,40.0
Fc1c(-c2c(F)c(F)c(F)c(F)c2F)c(F)c(F)c(F)c1F,206.0
CCCCOC,70.1
Cc1cc2cc(C)ccc2cc1,265.0
N#CCI,185.0
CC(=C)C(C)=C,68.8
CC(=O)CO,145.5
CC1CCC(=O)CC1,170.0
CC(C(C)C)C(C)C,113.5
Cc1cc2ccccc2c[n]1,249.0
CCCCCCCCCCCCC#N,293.0
CC1CCC(CC=1)C(C)=C,176.0
Cc1c[n]c(C)cc1C,188.0
CCCCC(O)CCCC,193.0
CCCCCCCCCCCCCCCCCCI,383.0
CC(F)=C(Cl)Cl,78.0
Cc1cc(C)[n][n]1-c1ccccc1,273.0
CCC(C)=C(C)C(C)=O,158.0
CCCCCCC(C)(C)O,178.0
CC(C)CN=C=S,160.0
CCC#C,8.0
CCC(C(C)=O)C(C)=O,178.5
OCCN(CCO)CCO,335.4
Cc1cc(C=O)c(C)cc1,220.0
CCCCCC(CC)CC,166.5
FC(Cl)(C(F)(F)Cl)C(F)(F)Cl,73.7
CCCCC(C)(C)CC,137.3
COc1ccc(O)cc1,243.0
Oc1ccc(O)cc1,287.0
COCCC(=O)OC,142.8
CCCCCC(=O)OCCC(C)C,225.5
CCCCCCCCCCOC(C)=O,244.0
CCOc1ccc(cc1)OCC,246.0
CC(C)OC(=O)C=CC(=O)OC(C)C,280.0
CCCc1cc2OCOc2cc1,228.0
ClC(Cl)C(Cl)(Cl)Cl,159.8
CCOB(OCC)OCC,120.0
CCOCc1ccccc1,186.0
ClC(Cl)=C(Cl)Cl,121.3
"ClC1(Cl)[C@@]2(Cl)[C@@H]3[C@@H]4C[C@@H]([C@H]5O[C@H]54)[C@@H]3[C@]1(Cl)C(Cl)=C2Cl |o1:3,5,6,8,9,11,12,13|",330.0
Cc1ccccc1I,211.5
c1c[n]c2ccccc2[n]1,229.5
CCc1ccc(cc1)C(C)C,196.6
CC(C)CCOC=C,112.5
Cc1cc(N)[n]([n]1)-c1ccccc1,333.0
CC1CCCCCC1,134.0
CC(C)c1cc2ccccc2cc1,268.2
CC1CCCCC1,100.9
CC(=O)CCl,119.0
FC(F)(F)C(Cl)C(F)(F)F,14.1
CCOC(=O)c1ccccc1Br,254.5
Cc1cc2[nH]c(C)[n]c2cc1,350.0
Cc1c(F)c(F)c(C)c(F)c1F,143.5
FCCCF,41.6
CCOC(=O)C1(CCC1)C(=O)OCC,224.0
C=C(F)F,-85.7
CCCC(=O)Oc1ccccc1,225.0
CCCC(=O)CCCCCC,206.5
CC1(CCl)CO1,122.0
CC1CCSCC1,158.6
N#CC(Cl)Cl,112.5
CCCCCCCCCCCCCCCCCc1ccccc1,397.0
CC1CS1,72.5
CCCCc1cccc2ccccc21,289.3
FC(F)=C(C(F)(F)F)C(F)(F)F,0.5
CCCOC(=O)CC(C)C,155.9
CC(C)(C)c1ccc(cc1)C(C)(C)C,238.0
Cc1ccc(CCN)cc1,214.0
CCOC(=O)C(O)(CC(=O)OCC)CC(=O)OCC,294.0
CCN(CC(OCC)OCC)CC,194.5
NCCCCCCCCN,225.0
CCCCOC(=O)CCCCCCCCC(=O)OCCCC,344.5
CCOC(=O)CCc1ccccc1,247.2
CC(C)=CCl,68.0
CC(F)(Cl)Cl,32.0
CC(C)CCCC(C)CCO,212.5
Fc1ccc(I)cc1,183.0
C1CCCCS1,141.8
CC(C)(CC)OCC,102.0
CCCCOC(=O)CCC(=O)OCCCC,274.5
CCC(C)c1ccc(O)cc1,241.0
OCC1CCC(CC1)CO,285.0
CCC=CCC=O,121.0
[O-][N+](=O)c1cc(ccc1F)[N+]([O-])=O,296.0
Fc1[n]c(F)cc(F)[n]1,98.0
Cc1ccccc1CC#N,244.0
CCCCCCCCCCCCN(C)C,260.0
Cc1cc(ccc1)C(=O)OCC,234.0
C=CC(F)(F)C(F)(F)C(F)(F)C(F)(F)C(F)(F)C(F)(F)C(F)(F)C(F)(F)F,150.0
Cc1c(Br)c(C)cc(C)c1Br,285.0
Cc1[s]c[n]c1C,158.0
C=CCSCC=C,138.6
CCCC(C)C=C,83.9
CCCCl,46.5
CC(=O)C(CC(=O)OCC)C(=O)OCC,255.0
CCCCOC(=O)CCl,183.0
CCCCCCCCc1ccccc1,264.5
ClC(Cl)(Cl)Br,105.0
Cc1cc(cc(C)c1)[N+]([O-])=O,274.0
C=COCC(F)(F)F,42.5
N#Cc1ccccc1Br,252.0
Cc1ccccc1C(=O)OCC,227.0
OCC1CCCCC1,183.0
C[C@H]1CC[C@@H](C1)CC,121.0
ClC(Cl)(Cl)CC(Cl)(Cl)Cl,206.0
Cc1cccc(N)c1N,255.0
CC12CCC(CC1)(O2)C(C)C,173.5
CCC=CC(C)(C)C,103.15
CC#CCCO,154.0
ClC1(Cl)CCCCC1,171.0
COC(=O)c1cc(OC)c(OC)c(c1)OC,274.5
CCCCC(C)Cl,122.5
CCCOC(N)=O,196.0
CC(N)CCN,139.5
CCC[Si](Cl)(Cl)Cl,123.5
CC(=C)C(OC(C)=O)OC(C)=O,191.0
CCc1ccccc1Cl,178.4
Cc1ccccc1N(C)C(C)=O,260.0
Cc1cccc2cc(C)c(C)cc12,285.0
Cc1c[s]c(C)c1,140.7
CC(C)=CC1C(C(=O)OC(C#C)/C(/C)=C/CC)C1(C)C,295.5
CCOC(=O)Cc1ccccc1,227.0
Cc1cc(C)c(cc1)OC(C)=O,226.0
Fc1c(Cl)c(F)c(Cl)c(F)c1Cl,198.4
COC(=O)c1ccccc1C(=O)OC,283.7
CC(O)CCC=C,139.0
CCCCCCCCCCCCCCCCCCCCCCC,380.0
CSC(=O)c1cccc2[n][n][s]c12,267.0
COC1CCC(O1)OC,145.7
Cc1cc(C=O)c(O)cc1,217.5
CCCC(C)C(C)(C)O,160.0
S=C1NCCN1,347.18
COc1ccc(C=O)cc1,248.0
ClC[Si](Cl)(Cl)Cl,118.0
CC1=CC(=O)NC=C1,308.0
CC(C)COC(OCC(C)C)OCC(C)C,223.0
CC(C)c1ccccc1,152.4
CCOC(=O)C(C)O,154.0
CCN(CCO)c1ccccc1,268.0
CC(C)(C)c1ccccc1,169.1
CC(=O)OCc1ccc(cc1)OC,270.0
CCCCCC1CCCC=1,179.0
CC(=O)N1CCC(=O)CC1,218.0
CC(C)CC(C)=C,81.6
FC(F)(F)C(F)(F)C(F)(F)C(F)(F)I,67.0
ClCC(Br)CBr,196.0
CCCCN(CC)c1c(cc(cc1[N+]([O-])=O)C(F)(F)F)[N+]([O-])=O,370.0
CC#CC(=O)OCC,163.0
CCOC(C)(C)C,73.1
CC(C)C(C)CCCC,140.5
CCCCCI,155.0
Nc1ccccc1Br,229.0
CCOCCBr,127.5
CCCCC1CCC(=O)O1,234.0
CCCCCCCBr,179.0
CC(C)C(O)CC(C)C,157.5
CC(CCCC)CCCC,165.1
ClCCCOCCCCl,216.0
CCC(=O)OC(C)(C)C,118.25
Cc1c2ccccc2[n](C)c1C,283.0
C=CCOC(=O)Cl,109.5
CC(Cl)C(Cl)CCl,168.0
Cc1[n][n]c(C)[s]1,202.5
OC(=O)CBr,208.0
C[Si](C)(OCC)OCC,114.0
CC(Cl)CO,133.5
CC(C)COCCOCCO,217.0
O=CF,-26.5
CCOC(=O)CC=CCC,166.5
CC(C)(O)c1ccccc1,202.0
CC(C)(O)Cc1ccccc1,215.0
CC(C)(N)C#C,79.5
CC(C)C(CC)CC,115.6
CCOC(=O)C1(CC1)C(=O)OCC,216.0
C1CNc2ccccc2N1,289.0
CC1(C)C2CCC1(C)CC2,161.0
CCOC(=O)C(C)C,110.1
CCCCCCCCCCCCC(O)=O,312.4
CC(C)=C,-6.9
Cc1cc(O)ccc1,202.2
FC(F)(F)c1ccc(Cl)[n]c1,153.0
C1C2CC=CCC21,125.0
Nc1ccc(cc1[N+]([O-])=O)[N+]([O-])=O,333.6
CCCSC(C)C,132.1
COC(=O)c1cc2ccccc2cc1,290.0
COCc1ccco1,132.0
CCC1CCCS1,157.0
C=CC#CC=C,85.0
C[n]1c(C)ccc1C,171.0
C(Cc1cccc[n]1)c1ccccc1,289.0
ClCC(Cl)Cl,113.8
OCc1cccc(I)c1,252.0
C=CC=CC=C,78.0
c1cc([n]c2ccccc21)-c1ccccc1,363.0
CC(C)OC(=O)C(Cl)(Cl)Cl,175.0
CCC(=O)N(CC)CC,191.0
Cc1cc[nH][n]1,204.0
CCOC(=O)C(F)Cl,129.0
CCC(=O)F,44.0
CCCC=CC(C)C,112.0
O=C(c1ccccc1)C(F)(F)F,153.0
c1cccc2c3c(ccc21)[nH]c1ccccc13,448.0
Cc1c(Br)cc(Br)cc1Br,290.0
CC=CCCl,80.6999999999999
CCCC(=O)CCCCC,187.5
COC(=O)CCC(=O)OC,196.4
FC(Br)Br,64.9
CCO[SiH](OCC)OCC,133.5
CC(=O)N(CCC)c1ccccc1,268.0
[O-][N+](=O)c1c(Cl)c(Cl)c(Cl)c(Cl)c1Cl,328.0
C[C@H](N)[C@H](O)c1cc(O)ccc1,218.0
CNCC#C,83.0
CC(C)=CC=O,134.0
OCCN1CCCC1=O,295.0
Cc1c(Cl)cc(Cl)c(O)c1Cl,265.0
c1cccc2[n]cccc21,237.1
CCCCCC[C@H](C)I,210.0
CCCCCCCCCCCCCCCCCCCCCCCCCCCCCCC,458.0
Cc1cc(Cl)ccc1Cl,200.0
COc1ccccc1N,224.0
CCC[C@H]1CCCCC1=O,197.0
Cc1cccc(C)c1O,201.0
Cc1cccc2C=CCc21,209.0
C=CCCO,113.5
COC(=O)c1cccc(I)c1,277.0
OS(=O)(=O)C(F)(F)C(F)(F)C(F)(F)C(F)(F)C(F)(F)F,225.0
CCCCCON=O,104.5
COc1cc(ccc1)OC,217.5
CCCCCCCCCO,213.3
FC(F)(F)c1[n]c([n]c([n]1)C(F)(F)F)C(F)(F)F,95.5
ClC(Cl)[Si](Cl)(Cl)Cl,145.0
Cc1ccc[n]c1N,222.0
ClC(Cl)(Cl)C(Cl)(Cl)C(Cl)Cl,247.5
CCC/C(/C)=C\C,95.6
COC(C)=O,56.8
CCP(Cl)Cl,112.0
O=S1(=O)CCCC1,285.0
C(Oc1ccccc1)C1CO1,245.0
Cc1cccc(CC)[n]1,160.5
CCC=C(C)CCC,121.0
O=C1c2ccccc2-c2ccccc21,341.5
[O-][N+](=O)c1ccc(F)cc1,205.0
O=C(c1ccccc1)c1cc[n]cc1,315.0
Cc1ccccc1NC=O,288.0
Cc1cc2ccoc2cc1C,221.0
Cc1c[n]c2ccccc2c1C,291.0
ClC(Cl)(Cl)C(Cl)(Cl)CCl,216.0
COC(=O)C(=O)OC,163.5
CC1=CC(C)(C)Nc2ccccc12,260.0
CC(C)C(CCCC)CC,163.0
CC(Cl)C(C)O,139.0
CC(C)CS,88.5
O=P(Cl)(Cl)c1ccccc1,258.0
CC(C)=CCC/C(/C)=C/COC(C)=O,238.333333333333
N#Cc1c(Cl)cccc1Cl,270.0
CC(O)(C(C)C)C(C)C,156.5
Cc1cc(N)cc(C)c1,220.5
Oc1ccc(Cl)cc1,220.0
CC(=O)OCCCl,145.0
CCOCc1ccco1,149.0
Cc1ccc[n]c1C,161.2
CCCCCCCC(=O)c1ccccc1,285.0
CC(=C)C(=O)OCCCC,160.0
Cc1cc(C)c(Cl)c(C)c1,205.0
CC(=O)OCC(CC)CC,162.5
CN(C)c1cc2ccccc2cc1,305.0
COCCCN,117.5
CNCCN,115.0
Cc1cc[n]c(C)c1C,192.5
CC(=C)c1ccc(cc1)C(C)C,220.8
Fc1c[n]ccc1,107.5
CC(C)=CCCC(C)(O)C=C,197.5
COC(=O)c1ccccc1OC,246.5
CC1CCCCS1,153.0
CC(=O)Nc1ccc(N)cc1,267.0
CC1CNCCN1,153.0
CCC(C)CCC(C)(C)C,150.8
Brc1c(Oc2c(Br)c(Br)c(Br)c(Br)c2Br)c(Br)c(Br)c(Br)c1Br,530.0
CCCCCCC1CCCC1,203.0
Cc1c[n]c(C)c(C)c1,184.0
CC(C)c1ccccc1Cl,191.1
COC(=O)C#C,104.0
CC(C)(N)c1ccccc1,196.5
CCCCCCCCCCCCCC1CCCCC1,346.0
CCC(C)=CCl,96.5
c1cccc2c1c1ccccc1c1ccccc12,425.0
Cc1ccc(cc1)OC(=O)c1ccccc1,316.0
Nc1cc(ccc1)C#N,289.0
Cc1cc(C)c(O)cc1,210.9
[O-][N+](=O)C([N+]([O-])=O)([N+]([O-])=O)[N+]([O-])=O,126.1
CN(C)c1cccc2ccccc21,280.0
CC(Cl)(Cl)Cl,74.0
C(C1CCCCN1)c1ccccc1,267.5
O=C(F)C(F)(F)F,-59.0
CN(C)N=O,154.0
Cc1ccc(cc1)C(C)C,176.8
ClCc1cc(Cl)c(Cl)cc1Cl,273.0
FC(F)(F)C(F)(F)N(C(F)(F)C(F)(F)F)C(F)(F)C(F)(F)F,70.3
CCC(C)(O)CCl,151.0
CCC(C)(O)C#C,120.5
BrCCC1CCCCC1,212.0
O=Cc1cc(Cl)c(Cl)cc1,247.5
CCc1ccc(CC)cc1CC,218.0
CCCN(CCC)N=O,206.0
CCC(=C)C(C)C,89.0
Cc1cc2ccccc2[nH]1,272.0
Fc1ccc(F)c(F)c1F,94.3
CCCCCCCCC#C,174.0
Cc1[n]cc[n]c1C,156.0
CCC(Cl)CC,97.5
CCP(=O)(OCC)OCC,198.0
CCC(C)N,62.75
CCOC(=O)C(Cl)C(=O)OCC,222.0
CCOC(=O)CCC(=O)OCC,217.7
CCc1c(C)c[nH]c1C,199.0
CC(C)c1ccccc1C(C)C,204.0
CN(C)c1ccc(Br)cc1,264.0
CCC(C)(C)CC(C)C,130.7
CC(=O)C(CC)C(=O)OC,182.0
O=C(Cl)c1ccc(Br)cc1,246.0
CC(C)(C)c1ccccc1O,223.0
CCCCCCCCCCCCCCN,291.2
Cl[As](Cl)c1ccccc1,255.0
CCCCCCCC=O,171.0
CN1CCCc2ccccc12,246.0
CC(C)COCCO,160.0
CCCCCCCCCCCC#N,277.0
O=CN1CCCCC1,222.5
CC(C)CCCC(C)CCCC(C)CCCC(C)C,296.0
CC=Cc1ccccc1O,220.0
CCOc1cccc2ccccc21,280.5
Cc1cc(C)c(N)cc1,214.0
CCC(C)(C)C=C,77.5
CCC(O)CO,194.0
CC(O)C#C,106.5
CCOC(=O)c1ccccc1C(=O)OCC,295.0
Brc1cc(Br)c(Br)c(Br)c1,329.0
S=C=Nc1cccc(Cl)c1,249.5
c1[n]c2ccccc2[s]1,231.0
CCN1CCCC1,104.0
CC(=O)CC(=O)CC,160.0
Oc1cc2CCCc2cc1,253.0
CC(=O)OCCBr,162.5
CCC(C)S,84.5
C1C=CCS1,122.4
Cc1ccc(c(O)c1)C(C)=O,245.0
CCCCCCCCCCC=C,213.8
CC(=O)C1C(=O)C=C(C)OC1=O,270.0
CCCC(C)(C)c1ccccc1,205.5
Cc1ccc2cccc(C)c2[n]1,255.3
COc1cccc(C=O)c1,231.0
COC(=O)C(C)C,92.5
CN1CN(C)CN(C)C1,162.75
CN1C(=S)Sc2ccccc12,335.0
COc1cc(C)c(C)cc1,202.0
CC(C)=CCCC(C)=CC=O,228.0
C1CC=CCCC=CCCC=C1,240.0
CP(C)C,37.5
CC1CCCCC=1C,138.0
CCC(C)(C)C(O)=O,186.0
CCOC(=O)C(=O)c1ccccc1,256.5
CCCCCCCCCCCCCCCCCCCCCCCCCCCCCCCCCCCCCCCCCCCC,548.0
CCCNCCC,109.3
CCc1ccc(N)cc1,217.5
C=CCSC#N,161.0
CC(c1ccccc1)c1ccccc1,272.6
CCCCCCCC[Si](Cl)(Cl)Cl,232.0
FC(F)(F)C(F)(F)C(Cl)(Cl)Cl,74.0
CC(C)CCC(O)C(C)C,175.0
CC(C)(C)c1cc(C)cc(C)c1,207.0
FC(Cl)C(F)Cl,46.8
CN(C)S(=O)N(C)C,209.0
CCCCC(C)c1ccccc1,208.0
CCNCCO,169.5
CC(O)(CC)C#CC(C)(O)CC,135.0
ClCCl,40.0
O=C(Cl)c1ccccc1,197.2
FC1(F)C(Cl)=C(Cl)C(F)(F)C(F)(F)C1(F)F,113.0
CC(C)=CC(O)=O,197.0
Cc1cccc(c1)N(C)C,212.0
CCCOC(=O)CCl,161.0
CCCCCCCCCCCCCCCCCCC=C,341.0
CCC(C)(O)CCCC(C)C,196.5
CN,-6.3
c1c(cc(cc1-c1ccccc1)-c1ccccc1)-c1ccccc1,462.0
NC(=O)CCl,225.0
CCCCCCCCCl,181.5
CCCCCCCCCCCCCCCCCCCCCCCCCCCCCCCCCCC,490.0
C=CC(=O)Cl,75.5
CCCCCCCCCCCCCCCC,286.8
CCO[Si](c1ccccc1)(c1ccccc1)c1ccccc1,344.0
Clc1cccc(Br)c1Cl,245.0
CCC(=O)CCl,137.5
OC(=O)c1ccco1,231.0
CC(C)c1ccccc1O,213.5
CCN1C(=O)c2ccccc2C1=O,285.5
CN(C)CC(OCC)OCC,170.5
Oc1cc2ccc[n]c2cc1,360.0
OC(=O)C1=CCCc2ccccc21,306.0
Cc1cccc(C)c1[N+]([O-])=O,226.0
CCOC(=O)N1CCN(CC1)C(=O)OCC,315.0
Cc1cc2cc[n]cc2cc1,265.5
CCOc1ccccc1C=O,248.0
CC1CCC(CC=1)C(C)=O,171.0
CC(C)CCCCC(C)C,159.9
CCNCCNCC,146.0
CCCCCCCCCc1ccc(cc1)OP(=O)(Oc1ccccc1)Oc1ccccc1,471.0
CC=CC#N,120.25
CC(C)(C)Oc1ccccc1,185.5
Cc1cccc(C)c1C(O)=O,274.5
CCCCCCCCCCCCCCCCCCc1ccccc1,408.0
CCCCCCCCCCCCCCCCCCCCCCCCCCCCCCCCCCCCC,505.0
COC(=O)CC(=O)OC,181.4
COC(=O)CCCCCCCCCCCC(=O)OC,331.9
CCCCCCCCCCCCCCC,270.6
CCOP(=O)(OCC)OCC,215.5
COC(=O)c1ccc(cc1)OC,256.0
C1Oc2ccccc2O1,172.5
CC1CNC(C)CN1,162.666666666666
c1c(cccc1-c1ccccc1)-c1ccccc1,363.0
CN(C)c1ccccc1Cl,205.0
CC(N)=O,222.0
C[n]1ccc2ccccc12,237.0
CC#C,-23.2
CCOC(=O)CI,179.0
CC(=C)C(=O)OCCN(C)C,186.0
CCCCCCCCCCCCCCCCCCC1CCCCC1,409.0
CC(CC(O)CC)CC,172.0
FC(F)(F)Oc1ccccc1,102.0
Cc1c[n]c(C)cc1,157.0
Clc1[n]c(Cl)[n]c(Cl)[n]1,192.0
CC(C)(C)C(C)(CC)CC,169.5
Ic1cc(I)ccc1,285.0
C[C@@H](O)C(=O)c1ccccc1,251.0
C(CN1CCOCC1)N1CCOCC1,285.0
CC1SC(C)SC(C)S1,246.5
CCCOP(OCCC)OCCC,206.5
Clc1cccc(Cl)c1Br,242.0
CC(C)CCC(C)=O,144.0
CCOC(=O)C1CCC1,159.0
CCCCCOC(=O)CCCC,203.7
NCCCCN,158.5
CC(C)[C@@H]1CC=C(C)CC1,173.75
C=CC(O)CCl,145.5
CC(C)C(C)(C)C,80.8
CC(=O)Nc1ccc(Cl)cc1,333.0
Cc1c2ccccc2[nH]c1C,285.0
CCCCC(CO)CC,184.6
CC(C)NCc1ccccc1,200.0
CCC(=C)Br,88.0
CCCc1ccccc1O,220.0
CC(O)CC(C)(C)O,198.0
Cc1cc(O)ccc1O,272.0
O=C1CCc2ccccc21,243.0
CCOC(=O)c1ccc(O)cc1,297.5
O=C(Cl)OCCOCCOC(=O)Cl,229.0
CC1C=C(C)OC(=O)C=1,245.0
COC(=O)c1cccc(O)c1,281.0
C[C@H](F)Cl,16.2
CC(C)(CCC)CCC,135.2
C/C=C/C(C)CC,87.6
O=CN1CCOCC1,239.0
FC(F)(F)C(Cl)Br,50.2
OCCCCCCO,250.0
C/C=C/C(=O)OCC,137.25
CCOC(=O)CC(C)O,185.0
BrCBr,97.0
Cc1cccc2cccc(C)c12,270.0
CC(C)(CC)C(C)(C)CC,170.0
CC(C)(C)C#C,37.7
CC1(C)[C@H]2C[C@@H]1CC=C2CO,221.5
CCCCCCCC(O)=O,239.0
FC(F)(I)C(F)(F)I,112.0
Cc1ccc(N)[n]c1,227.0
CC(CCl)CCl,136.4
Clc1ccc(cc1)C(Cl)(Cl)Cl,245.0
Cc1cc2[n]c(C)ccc2cc1,264.5
CC1(C)COC(C)(C)C1,121.0
CCc1ccc(cc1)OC,198.0
Cc1cc(c(C)cc1)[N+]([O-])=O,240.5
Fc1cccc(F)[n]1,125.0
CCCCCCCCCCCCCCCC(C)=O,320.0
Clc1ccc(Cl)c(Cl)c1Cl,254.0
C=CC(=O)OC=C,91.0
FC(Cl)=C(F)Cl,21.1
CC=CC(OCC)OCC,147.5
CCC(C)CCBr,148.0
C=CC1CC=CCC1,128.0
CCOC(=O)OCC,126.0
CCCCCCCCCC(=O)OC,224.0
CCCCCCCCCCCCCCCl,292.0
CCCCCCCCCCCC(O)=O,298.9
Cc1cc(S)ccc1,195.0
CCCCCO,137.9
[O-][N+](=O)c1cc(F)cc(F)c1,176.5
CCCC(CCC)C=O,160.0
O=C(CCl)Oc1ccccc1,232.5
NC1CCCCC1,134.0
CC(C)CCC[C@@H](C)[C@H]1CC[C@H]2[C@@H]3CC=C4C[C@@H](O)CC[C@]4(C)[C@H]3CC[C@]12C,360.0
C=C=O,-49.8
O=C=Nc1ccccc1Cl,200.0
O=C(c1ccccc1)c1ccc(Cl)cc1,332.0
CC(=O)C1CCCCC1,180.5
Brc1ccc(cc1)-c1ccccc1,310.0
CC(C)Sc1ccccc1,208.0
CC(C)(Br)[N+]([O-])=O,153.0
FC(F)(F)S(F)(F)(F)(F)F,-20.0
CCCC(C)O,119.3
CCOC(=O)c1cc[n]cc1,219.5
Cc1cc(C)c(Cl)cc1,184.0
COCCOC(C)=O,143.0
Clc1ccc(cc1)-c1ccc(Cl)cc1,317.0
CC1CCCC1,71.8
CC(C)C(=O)Cl,92.0
OCCCc1c[n]ccc1,284.0
CCOc1cc(ccc1[N+]([O-])=O)Oc1ccc(cc1Cl)C(F)(F)F,358.2
COc1ccc(cc1)C(=O)c1ccccc1,355.0
COS(=O)(=O)F,93.0
CC(=C)Br,48.4
CC[As](CC)CC,138.5
CC(=O)C(C(=O)OCC)C(=O)OCC,232.0
CC(C)(C)Cc1ccc(cc1)OC,238.0
COc1ccc(cc1)C#N,256.5
CCCCOCC(C)C,151.0
FC(F)(F)c1ccc(Cl)cc1,138.5
O=C(Cl)CCCl,144.0
COc1ccccc1O,205.0
O=C1NCc2ccccc21,338.0
CCCCCCCCCCCCCCCC#N,333.0
CCCCCCC1CCCCC1,224.0
CCCCCCCCCCCCCBr,296.0
CCCCCC(C)Br,166.0
Nc1cc(Cl)c(Cl)cc1Cl,270.0
C=C=CCCl,88.0
COc1ccc(cc1)C(=O)Cl,262.5
FC(F)(Cl)C(Cl)(Cl)Cl,91.5
CCOc1ccc(F)cc1,173.0
CCCCC(COCC(CCCC)CC)CC,269.4
CCCC/C=C/CCCC,171.0
OCCCCCCCO,262.0
Brc1c[n]cc2ccccc21,282.5
CC(=C)C#N,90.3
FCC(F)F,5.0
Oc1cccc2ccc[n]c21,267.0
COCC(=O)Cl,112.5
CC(=O)c1cc(ccc1)C(F)(F)F,199.0
CCCCCCc1cc2ccccc2cc1,324.0
[O-][N+](=O)c1ccc(cc1)-c1ccccc1,340.0
Cc1cccc(C)[n]1,144.1
CSCc1ccccc1,210.0
Cl[Si](Cl)(Cl)CCc1ccccc1,242.0
CCCCCCC(C)N,165.0
CC(=O)C#C,84.0
CC1CCCC1(C)C,114.0
Cc1ccc(cc1N)OC,253.0
CC[As],36.0
CCCCN=C=O,115.0
CCc1cc(C=C)ccc1,190.0
BrC[C@@H]1CCCO1,170.0
Brc1cc(Br)c(Br)cc1,275.0
CC(C)CCCC(O)=O,216.0
CC1(C)C2CC1CC1OC12C,185.0
CNCC=C,65.0
CC(C)S,52.5
Cc1cc(O)c(C)cc1,211.1
CC(Cl)C(C)(C)Cl,129.0
CC1(C)CC(O)CCC1,185.0
CCOC(=O)c1ccccc1O,232.5
O=C(CCl)C(Cl)(Cl)Cl,183.0
O=Cc1ccccc1,179.0
CCCCNc1ccccc1,243.5
OC1CCCCC1,160.8
Cc1ccc[n][n]1,214.0
CC(CC)C(C)CCC,140.6
CC(=O)C(CC=C)C(C)=O,199.0
COc1cc(CC=C)ccc1OC=O,270.0
C1C=CC=CC=C1,117.0
SCCCl,113.0
CC(C)(C)c1cc(ccc1)[N+]([O-])=O,254.0
CC(=O)CC(=O)OCC,180.8
CC(C)(C)C,9.5
CC(C)(C)Cl,50.45
C=CCCCCl,105.0
CCC(O)(CC)CC,142.0
Cc1cccc(c1)NCC,221.0
CCCC=CC(O)=O,216.5
C[Se][Se]C,156.0
O=COCCOC=O,174.0
CC(C)(C)c1cccc(O)c1,240.0
N#Cc1cccc(C=O)c1,210.0
CCCCC#C,71.3
Cc1c[n]cc(C)c1,172.0
CCCC(C)CC=C,112.8
CCCCOC(=O)C(C)CC,179.0
CCCCCCCCCCCCCCCCCCCCCCCCCC,412.2
CC1CCCC=1,75.5
CC(C)OC(=O)c1ccccc1O,238.0
CC(=O)OO[N+]([O-])=O,106.0
CCCCCCCCCCCCCC(O)=O,326.2
O=CCCc1ccccc1,224.0
FCOC(F)(F)C(F)F,53.6
O=Cc1cccc2ccccc21,292.0
BrCCc1ccccc1,219.0
Cc1cc(ccc1)C(=O)c1ccccc1,317.0
CC(=O)C(CCC)C(=O)OCC,224.0
N#CCCl,126.0
O=C(Cl)C(Cl)(Cl)Cl,117.9
OCCC1CCCCC1,208.0
CCCCCCCCCC#N,243.0
COc1ccccc1F,154.5
CN(C(C)=O)C(C)=O,195.0
Nc1ccccc1Oc1ccccc1,308.0
CCCCCCC(=O)CCCCCC,261.0
Cc1cc(C(C)=O)c(C)cc1C,246.5
CC(CO)CO,195.0
CCCC(=O)OCCCC,166.0
COc1ccc(C=C)cc1,205.0
CCCCC(C)(C)C(C)C,160.2
CCCCCCC(=O)OCC(C)C,208.0
C[Si](C)(C)Cc1ccccc1,190.5
CCC1(C)OCCO1,116.5
CCCCCCNCCCCCC,236.0
Cc1ccc(O)c(C)c1C,236.0
C=CCCCCCC=C,142.5
CCOC(=O)c1ccc(Cl)cc1,237.5
Cc1ccc(C(O)=O)c(C)c1,268.0
CCOC(=O)C(C)(C)Br,163.0
CCCC(=O)CCC,144.0
Fc1ccc(cc1)-c1ccccc1,253.0
CCC(=O)OCC1CCCO1,205.5
C=CCOC=O,83.6
CN(C)CCO,134.0
OCCC1CCCCN1,202.0
C=C(Br)Br,92.0
C[Si](C)(C)N[Si](C)(C)C,125.0
Cc1c(N)cccc1[N+]([O-])=O,305.0
CC=C1CCCCC1,136.0
CCCCCCCCCCCCCCCC=C,300.0
CC(=O)c1ccc(cc1)C(C)C,254.0
CCON=O,18.0
CNc1ccccc1,196.2
Cc1cc2ccccc2cc1,241.1
CC(O)CNCC(C)O,250.0
CC(C)=CC(=O)OC,136.5
CCCCCCCCCCCCCCCCCCN=C=O,300.0
FC(F)(F)C(Cl)(Cl)C(Cl)(Cl)C(F)(F)F,131.0
CC(C)C(Cl)Cl,105.75
ClC(Cl)=C(Cl)CCl,167.0
COC(=O)CCCCCCC(=O)OC,268.0
Cc1ccc(N)cc1Cl,243.0
Cc1ccccc1CCO,243.5
Nc1cccc2CCCCc21,279.0
CCC1(C)CCCC1,121.6
CCOC(=O)c1ccccc1[N+]([O-])=O,275.0
COC(=O)c1cc(ccc1)C(=O)OC,282.0
Oc1cc(Br)cc(Br)c1,274.0
CC(C)CI,121.1
[O-][N+](=O)c1cc(F)c(F)cc1F,194.5
CCCC(O)CO,206.0
Cc1ccc[s]1,112.6
FC(F)(F)C1(F)C(F)(F)C(F)(F)C(F)(C(F)(F)C1(F)F)C(F)(F)F,100.5
C(CCC1CCNCC1)C1CCNCC1,329.0
C=CCOC(=O)OCC=C,142.0
Nc1ccc(cc1)-c1ccccc1,302.0
Cc1ccc(cc1)C(=O)c1ccc(C)cc1,334.0
COC(CC(OC)OC)OC,183.0
CCOC(=O)c1ccc[s]1,218.0
CC(C)CCOC(=O)c1ccccc1,261.0
CC(C)(Br)C(=O)Br,163.0
Cc1cc(C)c(Br)cc1,205.0
NC(=O)Nc1ccccc1,238.0
CCCCCCc1ccc(O)cc1O,334.0
CC1CC1(C)C,54.0
CCCc1ccc(cc1)OC,211.5
[Se]=C=[Se],125.5
c1c[n]cc[n]1,115.0
CC(C)(N)Cc1ccccc1,205.0
FC(F)(Cl)C(Cl)Cl,71.9
CCCCCOC(=O)c1ccccc1C(=O)OCCCCC,342.0
CC(=O)c1ccccc1,202.0
[C-]#[N+]CCCC,120.0
Cc1cc(ccc1)Nc1ccccc1,316.0
CCCCCCCCl,159.0
c1cccc(c1-c1ccccc1)-c1ccccc1-c1ccccc1,420.0
Sc1cc(Cl)ccc1,206.0
COC(=O)C=C(Cl)C(=O)OC,224.0
C1COCCO1,101.5
CCC(O)(CCC)CCC,182.0
CC(C)CCCC(C)C,135.2
CCOC(=O)CCCCC(O)=O,285.0
CN(C)C,2.87
COCC(F)(F)C(F)C(F)(F)F,87.5
Nc1cc(F)ccc1,188.0
CC(=C)C=C,34.0
FC(Cl)C(F)(F)Cl,29.5
OC(=O)c1cc(ccc1)C(F)(F)F,238.5
CC1CCC1,36.3
CCOC(=O)C#N,115.5
C[Si]1(C)O[Si](C)(C)O[Si](C)(C)O1,134.0
CCC(=O)C1CCCCC1,196.0
Clc1c[n]c(Cl)c(Cl)c1,219.0
N#Cc1cc[n]cc1,213.5
CC(C)CCOC(=O)c1ccccc1O,278.0
CC(CC)C(CCC)CC,165.0
Fc1c2c(c(F)c(F)c1F)c(F)c(F)c(F)c2F,209.0
Brc1ccccc1I,257.0
COC(=O)CCCCl,175.0
CCCCOC=O,106.1
Cc1cc[n]cc1,145.3
CC1=C(CCC1(C)C)C(O)=O,255.5
O[C@@H]1CCc2ccccc21,220.0
CCCCCC(O)CCCCC,228.0
C1c2ccccc2Oc2ccccc21,311.0
C1OC1c1ccccc1,194.1
O=C(Cl)Oc1ccccc1,185.0
CCCCC(C)(C)O,143.0
CC(C)(C)OC=C,75.0
FC(F)(F)C(F)(F)C(F)(F)I,41.2
C=CS(=O)(=O)C=C,234.5
Cc1[n]c(C)c(C)[n]c1C,190.0
CCCCCCCCCCCCCCCCCl,322.0
C=Cc1ccccc1,145.0
Oc1ccc(Br)cc1Br,238.5
CCCCCC=CC(C)C,161.0
CCOC(=O)C(C)CC(=O)OCC,217.5
CCc1cc2ccccc2cc1,258.0
Cc1ccc2ccccc2c1C,266.5
CC(=O)OCC(CO)OC(C)=O,259.0
CC(=O)OCCN(C)C,152.0
CC(=O)CCC(=O)OCC,205.8
CC1C=CCCC=1,107.5
CC(C)c1ccc(C=O)cc1,235.5
C/C(=N\O)/C(C)=O,185.5
CCCc1ccccc1N,226.0
CCCN(C)C,66.0
FC1(F)C(F)(Cl)C(F)(Cl)C1(F)F,59.5
c1[n]c2ccccc2o1,182.5
N#CCO,183.0
Cc1ccc(O)c(CCCC)c1,228.0
c1cc2c(ccc3c4ccccc4ccc23)c2ccccc21,519.0
CC[n]1cccc1,129.5
Cc1cc(cc(c1)OC)OC,244.0
CC(C)(C)SC(C)(C)C,149.1
Cc1cc(CCl)ccc1,195.5
CCNc1cccc2ccccc21,305.0
Fc1ccc(F)cc1,89.0
c1ccccc1C(c1ccccc1)(c1ccccc1)c1ccccc1,431.0
CCC(C)O[N+]([O-])=O,124.0
CCCCCCCCCC=O,208.5
COCC(C)=O,116.0
C=CCc1ccccc1,156.0
N#CCC#N,218.5
CCCCCOC(=O)CC,168.6
Nc1cc(Cl)cc(Cl)c1,261.0
COc1cc(ccc1C=O)OC,290.0
COC(=O)C(F)(F)C(F)(F)F,59.5
C[C@H](O)C(C)=C,114.0
OC(=O)CCCCCC(O)=O,342.0
CCOC(=O)C(C)(C)C,118.4
CC1CCCC=1C,105.8
CC(OCC(C)C)OCC(C)C,171.3
CC1(OC1C(=O)OCC)c1ccccc1,273.5
CCCC(C)(CO)CO,234.0
O=Cc1ccccc1F,175.0
CC(C)(C)Br,73.3
CCOc1cc(C=O)ccc1O,294.0
FC(Cl)C(Cl)(Cl)Cl,116.5
CC(=O)CC(C)(C)O,167.9
COc1c(cccc1OC)OC,235.0
COc1ccc(cc1)N=Nc1ccccc1,340.0
CCF,-37.6
C=CC#N,77.3
CC(CC)OC(=O)CCC(=O)OC(C)CC,256.0
COCCOC(=O)c1ccccc1C(=O)OCCOC,340.0
CCCCCCCCCCCCCCBr,307.0
CC(Br)Br,108.0
c1cc[n][nH]1,187.0
[O-][N+](=O)c1ccc(cc1)[N+]([O-])=O,297.0
CC(=C)C=O,68.4
CCNCCN,129.0
Oc1cc(C=O)ccc1,240.0
Nc1ccc(Cl)c(Cl)c1Cl,292.0
CCC(O)c1ccccc1,219.0
CCOC(C)C,54.1
C1c2ccccc2-c2ccccc21,295.0
C[SiH](Cl)Cl,41.0
Cc1cccc(OC)c1OC,204.0
CC(C)c1cc(C(C)C)c(cc1C(C)C)C(C)C,259.0
CC(O)c1ccccc1,205.0
CC(C)(C)NC=O,202.0
Cc1cc(CC)cc(O)c1,235.7
CC(=C)C1CC1,70.0
FCCC(F)(F)F,29.4
CC(Cl)=C(Cl)Cl,118.0
COP(OC)OC,111.5
C[Si](C)(C)O[Si](C)(C)O[Si](C)(C)O[Si](C)(C)O[Si](C)(C)C,232.0
CC(=O)C(C(C)C)C(=O)OCC,201.0
CCCCOC(=O)C(Cl)(Cl)Cl,204.0
CC(C)CC(C)CCC,132.9
CC(O)COc1ccccc1,242.7
CCCCCCCCC(C)=O,210.0
CC(/C=C\c1ccccc1)c1ccccc1,311.0
FC(F)(F)C(F)(F)C(Cl)Cl,51.1
O=CC=O,50.4
CC(Cl)CC(Cl)Cl,152.0
OCCO,197.3
NCCCN,139.8
Cc1ccc(CCC=O)cc1,223.0
ClCCOc1ccccc1,218.5
OC(c1ccccc1)(c1ccccc1)c1ccccc1,380.0
OCC1CCCC1,163.0
CCCCCC(=O)CC,167.5
c1c[n]ccc1-c1cccc[n]1,281.0
CCCCCCCCCCCCCCCCCCCCC,356.5
Cc1ccc(O)cc1,201.9
CCCCCCCCCCCCCCCCCCCC1CCCCC1,420.0
CC(C)CCC(=O)c1ccoc1,196.0
C=CCS,65.0
CC(C)COC(N)=O,207.0
CCc1[n]cc(C)cc1C,198.0
CCC(C)C(C)=O,118.0
CC(C)=CC=C,76.5
Cc1cc(Br)cc(C)c1,204.0
CC=CCCC=CC,124.5
CCCC(=O)OC1CCCCC1,213.0
C#Cc1ccccc1,143.0
CCC(C)=O,79.5
CCCC(O)C#C,142.0
O=C1Cc2ccccc2O1,249.0
CC(Cl)C#C,68.5
CCOC(=O)CCCCl,184.0
CCC(C)OC=O,97.0
CNNC,81.0
O=C1CCCCC1,155.4
CO[SiH](OC)OC,81.0
OCCC1CCNCC1,227.5
N#Cc1c[n]ccc1,206.9
CC(C)C=CCl,87.0
Cc1ccc(N)cc1,200.4
CN1CCCC1=O,202.0
C1C2CCC1CC2,105.3
CCCC/C=C/CO,178.0
OCCN1CCCCC1,202.0
CCC(C)(C)C(C)C,114.8
CCC(C)(Cl)Cl,104.0
c1[n]ccc[n]1,123.8
CC(C)COC=C,83.0
Fc1ccccc1I,188.6
O=C(c1ccc[s]1)c1ccccc1,300.0
C[C@H](O)CCc1ccccc1,239.0
C#CC1(O)CCCCC1,174.0
O=C(OC(=O)C(F)(F)C(F)(F)C(F)(F)F)C(F)(F)C(F)(F)C(F)(F)F,106.5
FC(Cl)(Cl)Br,52.0
Clc1ccc(Br)cc1,196.0
C1[C@@H]2C[C@@H](CN3CCCC[C@@H]32)[C@@H]2CCCCN21,325.0
C=COCCOCCO,196.0
C1CCNCCN1,169.0
CCCC(=C)CCC,117.7
CCCCCCCCCCBr,240.6
O=C(CCl)C(Cl)Cl,172.0
[O-][N+](=O)C(Cl)(Cl)Cl,112.0
C[Si](OCC)(OCC)OCC,142.0
Fc1ccccc1,84.7
Cc1ccc(F)cc1[N+]([O-])=O,213.0
CP(O)=O,162.6
Fc1ccccc1C(F)(F)F,114.5
OCc1ccc[s]1,207.0
N#Cc1cc[n]c2ccccc21,242.5
OC(O)C(Cl)(Cl)Cl,98.0
CCCC(C)C(O)=O,196.5
CCCCC(=O)OCC,146.1
O=C(c1ccc(Br)cc1)c1ccc(Br)cc1,395.0
CC1(C)CC(O)CC(C)(C1)CN,265.0
CCCCCCCC(C)C,167.1
CCC#CCCCCCC,177.0
CCCCN1CCOCC1,213.5
C/C(=C/C)/c1ccccc1,194.7
CCCC(=O)OC,102.8
FC(F)(F)C(Cl)(Cl)C(F)(F)Cl,72.0
ClC#CCl,33.0
CC(C)COC(=O)Cc1ccccc1,247.0
[O-][N+](=O)Cc1ccccc1,226.0
CCN(CC)C1CCCCC1,193.0
CCOCC(C)O,131.0
NCCc1ccccc1,197.5
CC(C)OC(=O)C(C)Cl,151.5
Cc1ccccc1Oc1ccccc1,263.5
CC(=C)CCC(C)=C,114.3
CC/C=C\CO,138.0
Cc1cc(Cl)[n][n]1C,211.0
Clc1c[n]cc[n]1,153.5
CCCNCCO,183.0
CCOc1ccccc1Cl,210.0
CCOC(=O)CCC,121.5
CCCCC1CCCC1,156.6
CCOCCOCCOCC,188.0
CC(C)c1ccc(N)cc1,225.0
CCc1cc(CC)cc(CC)c1,215.9
CCN(O)CC,133.0
CC(=C)C#C,32.0
CCCCCOC(=O)CCCCC,226.0
COC(=O)CCC#N,211.0
CC1(C)CO1,52.0
O=C(c1ccccc1)c1ccc(Br)cc1,350.0
Cc1ccccc1C=O,200.0
CC1(C)CC2CC1CC2=C,152.0
Cc1cccc(Cl)c1O,189.0
CC(C)(C)[N+]([O-])=O,127.16
C1O[C@@H]1[C@@H]1CO1,144.0
Cc1ccc(cc1)C(=O)OC,220.0
CCC(=O)Br,102.0
C1C=CC2C3CC(C=C3)C21,170.0
CC(C)(C)C=C,41.2
CCCC(C)Br,117.4
CC(N)CCCN(CC)CC,201.0
FC1(F)C(F)(F)C(F)(F)C(F)(F)C(F)(F)C1(F)F,50.6
C1CCCC1,49.3
CCOC(=O)C=Cc1ccccc1,271.0
CCC(C)c1cc(cc(c1O)[N+]([O-])=O)[N+]([O-])=O,332.0
CC(=O)C(Cl)Cl,120.0
c1ccccc1,80.0
FC(F)(F)c1ccccc1,102.1
CCCCCCCCCCCCCCCCCCCCCC,368.6
CN1C(=O)CCC1=O,234.0
CCCCOC(=O)C(C)C,155.0
CC1(C)C2CC1CCC2C=O,220.5
CNCC(OC)OC,140.0
OC1CCCCC1c1ccccc1,228.0
C(c1ccccc1)N(Cc1ccccc1)Cc1ccccc1,385.0
CC1CCC(=O)C=1,157.5
FC(F)(F)C(F)=C(F)C(F)(F)F,1.5
Cc1c(C)c(C)c(N)c(C)c1C,277.5
CCOc1ccc(Cl)cc1,213.0
N#CCc1ccccc1F,232.0
Brc1ccc[s]1,150.0
CC(C)=CCCC(=C)C=C,167.0
O=C(Cl)C1CCCCC1,180.0
CC(C)CC(C)(CC)CC,161.1
CCCC(N)CCC,139.5
CC(C)CN,68.5
Cl[C@@H]1CCCC[C@H]1Cl,200.2
O=Cc1ccc(Cl)cc1Cl,233.0
CCc1cc[n]cc1,168.3
C1CCCCC1,80.7
CC(=O)N(CC)c1ccccc1,260.0
ClC=CCc1ccccc1,211.0
CC(Cl)C(=O)CCl,166.5
Oc1c(F)c(F)c(c(F)c1F)C(F)(F)F,163.5
CCC(C=C)c1ccccc1,191.5
CCC(=O)C(C)(C)C,125.6
CCCC(N)=O,216.0
Ic1cccc2ccccc21,302.0
CC(OCC)OCC,102.2
Cc1ccc(cc1)N(CC)CC,229.0
C1CCCCN1,106.0
CC(C)([N+]([O-])=O)[N+]([O-])=O,185.0
CCCCOC(=O)C=C,145.0
FB(F)c1ccccc1,98.0
CC=CCC(C)=O,127.0
CC(C)=NO,136.0
COCC#C,63.0
CC(O)C#N,183.0
CC1CC(C)CCC1,122.366666666666
C=CC=C,-4.4
C=CCCCBr,125.5
O=C1OC(=O)c2ccccc12,295.0
NC=O,220.0
COc1ccc(CO)cc1OC,298.0
CCC(=O)OCC(C)C,137.0
CC(=O)c1ccc(N)cc1,294.0
Oc1cc2c(Cl)cccc2cc1,307.5
CC(C)CN(CCO)CC(C)C,214.0
CCOC(=O)C(F)(F)C(F)(F)C(F)(F)F,95.0
Cc1c(N)cccc1N,260.0
CC(CC)c1cccc(C(C)CC)c1O,257.5
O=C1CCC(=C1)c1ccccc1,234.2
Nc1cc(Cl)c(Cl)cc1,272.0
Fc1cc(F)ccc1,82.6
COc1ccccc1,153.7
COC(OC)(OC)OC,114.0
O=C(Cl)OCCl,107.0
CC(C)CCC#C,92.0
CCOC(=O)/C=C\C(=O)OCC,218.5
Cc1cc(ccc1C)[N+]([O-])=O,251.0
OC1CCCC1C1CCCC1,235.5
CCCCC(C)C(C)=O,164.0
C1CCC[C@@H]2NCCC[C@@H]21,206.0
Cc1c[nH]c(C)c1,168.0
FCc1ccccc1,140.0
Cl[As]1c2ccccc2Nc2ccccc12,410.0
CCOC(=O)CC(=O)CC,191.0
Ic1ccc(I)cc1,285.0
C=CCCC(O)=O,188.5
CC1CCC=C1,64.9
CC(Cl)C(Cl)CC,139.0
CCCC(C)C,60.2
CC(=O)OC(C=C)OC(C)=O,180.0
FC(F)(F)C(F)(F)C(F)(F)C(F)(F)C(F)=C(F)F,57.0
CC(=O)C1CCCC1,158.5
CCN(CN(CC)CC)CC,165.8
BrC1CCCCC1,166.2
C1C2CCC1C=C2,96.0
CC(C)CNCCO,199.0
Nc1cccc(Cl)c1Cl,252.0
CC(C)C1CC=C(CC1)C=O,223.0
O=C(Cl)c1cc2ccccc2cc1,305.0
Oc1cc(ccc1)Nc1ccccc1,340.0
Cc1cc(Cl)[nH][n]1,258.0
Cc1ccc(cc1)SCC,220.0
FC(F)OC(F)C(F)(F)F,23.5
CCCCCCCCCCCCCCC=C,284.9
CCOC(=O)C1CC1,134.0
COc1ccccc1Oc1ccccc1OC,330.5
CC1CC(=O)CCC1,169.5
Nc1ccc(cc1)-c1ccccc1N,363.0
CCCCCC(=O)Cl,153.0
CC(C=C)C(C)O,125.5
FC(F)=C(F)C(F)=C(F)F,6.0
CCSCCSCC,217.0
CC/C=C\CCCC,123.1
Cc1ccc(cc1)C#N,217.0
CCCCCCCOC(=O)CC,210.0
CCC(CCl)CC,126.0
Cc1cccc(Cl)c1N,215.0
CCc1cc(ccc1)[N+]([O-])=O,242.5
CC(C)OC(=O)OC(C)C,147.0
CC(C)c1ccc(Cl)cc1,198.3
O=Cc1ccccc1Cl,211.9
C[C@@H]1C=Cc2ccccc21,199.0
CC(C)C[N+]([O-])=O,140.5
Cc1ccc(cc1)S(=O)(=O)OC,292.0
CCC(C)C(O)=O,176.5
CC(C)C=O,64.5
CC1CCOCC=1,117.5
CC(C)OC(C)C,68.5
CCBr,38.5
CC(C)C1CCC(=C)C=C1,171.5
CC1Cc2ccccc2C1,195.0
ClC(Cl)Br,90.0
Oc1ccc2c(C(=O)c3ccccc3C2=O)c1O,430.0
CCC(CC#N)C#N,264.0
O=C(Cc1ccccc1)c1ccccc1,320.0
O=CC12CC=CCC1C1CC=CCC1O2,307.0
OC(=O)C1CCCCCC1,259.0
CCCCC(C)C,90.0
CCOc1cc(ccc1)N(CC)CC,286.0
CC=C(C)C=C,77.0
CCc1c(CC)c(CC)c(CC)c(CC)c1CC,298.0
NN1CCCCC1,147.0
CN(C)CCCN,133.0
Cl.Cc1ccccc1N,242.2
Cc1cc(Cl)[n]cc1,192.0
CC1CCC(C)C1=O,146.5
Cc1cccc(c1)C(C)=C,185.0
O=Cc1ccc(Cl)cc1,213.5
O=S(=O)(Cl)CCCl,201.5
OC(=O)COc1ccccc1,285.0
CCC(=O)N(C)C,174.5
Cc1ccccc1OC(C)=O,208.0
CC(C)C1(O)CC=C(C)CC1,209.0
COc1cc(CC=C)cc2OCOc21,276.5
CC(C)CCCC(C)=O,167.0
O=C1CCCN1,245.0
CCC1CCCO1,109.0
CCOCOCOCC,140.6
Cc1ccc(cc1N=C=O)N=C=O,251.0
COC(=O)c1ccccc1Br,252.0
FC(F)=C(F)Br,-1.0
CC(CC1CCCCC1)C1CCCCC1,284.5
Cc1cc(C)c(C)cc1,169.3
Sc1ccccc1Cl,205.5
Cc1c(Cl)cc(Cl)c(Cl)c1Cl,276.5
CCOCC(C)C,81.0
CCCCCC(=O)c1ccccc1,265.0
CCOCCOC(C)=O,156.4
OC(=O)c1cc(Cl)ccc1Cl,301.0
C(c1cc2ccccc2cc1)c1ccccc1,350.0
Cc1ccc(OC)c(N)c1,235.0
Cc1cc(cc(c1)[N+]([O-])=O)[N+]([O-])=O,315.0
CCCC=C,29.9
CC(C)CC(CC)CC,133.8
CCCCN(CCO)CCCC,229.0
COc1ccc(N)cc1N,221.0
FC(F)(F)C(F)(F)C(F)(F)C(F)(F)C(F)(F)I,94.4
CC[C@@H](N)CO,178.0
CCCOC(=O)C(O)C(O)C(=O)OCCC,303.0
Clc1[n]c2ccccc2o1,201.5
CCCCC(CN)CC,169.0
COC(=O)c1ccccc1N,256.0
C/C=C/Cl,35.2333333333333
[O-][N+](=O)c1cccc(F)c1,199.0
CCCCSC#N,186.0
CC(C)(C)OCC1CO1,152.0
CCCCCCCCCCCCCCCCC#N,349.0
CCC(O)(C=CCl)C#C,174.0
[O-][N+](=O)c1cc(F)ccc1F,206.5
CC(O)=O,117.9
O=C1CCCC1,130.5
CCCCCCCCO,195.1
FC(F)(F)C(F)(F)C(F)(F)C(F)(F)C(F)(F)C(F)(F)C(F)(F)C(F)(F)C(F)(F)I,181.0
CCCCCCCCCCCC(C)=O,263.0
N#Cc1ccc(cc1)OC(F)(F)F,192.5
CC1=CC(=O)CCC1(C)C,217.0
C[C@@H]1CCCC[C@@H]1CC,153.85
CC(O)(CCC)CCCC,180.0
CC(C)CCOC(=O)C(C)C,168.5
CC(=C)CCO,132.0
CC(C)C(C)=C,55.6
CN1[C@@H]2CCC[C@H]1CC2,166.0
CC(=O)Cc1ccco1,179.5
COc1ccc(Cl)cc1,197.5
C#CCCCCC#C,135.5
COc1cccc(N)c1,251.0
CC(=CC)C(C)C(C)=O,154.0
CC(C)C12CC(O)C(=C)C1C2,208.0
CC(C)=CCO,140.0
COC(=O)CCl,129.5
Oc1c(Cc2c(Cl)c(Cl)cc(Cl)c2O)c(Cl)c(Cl)cc1Cl,479.0
CC(=O)CBr,138.0
CCCOB(OCCC)OCCC,179.5
CC(=O)OC(C)=C,97.0
O=Cc1cccc(Br)c1,234.5
Cc1[n]c(C)c[s]1,146.0
COC(=O)C1CCCCC1,183.0
CN1C(C)(C)CCCC1(C)C,147.0
CC(C)[C@@H]1CC[C@@H](C)CC1=O,207.0
CC(C)c1cc[n]cc1,178.0
CN(C)[Si](C)(C)C,86.0
Nc1c(N)cccc1N,336.0
Cc1ccc(cc1)S(=O)(=O)c1ccc(C)cc1,406.0
CCC(O)C=C,115.0
CC(=O)OC1CCCCC1,173.0
CC[Si](OC)(OC)OC,124.3
CC(=CC(=O)OCC)C(=O)OCC,228.0
CC(C)COC(=O)CC(C)C,168.5
CCCCOC(=O)CC(=O)OCCCC,251.5
Cc1c(C)cc(C)c(O)c1C,240.0
CN(C)CC(O)CN(C)C,181.5
CC(C)C1CCC(=C)CC=1,173.5
C=C1CCC1=C,64.0
CC(C(C)CC)C(C)CC,162.5
CCN(CC)C=O,177.5
CC(C)(C)O,82.4
COc1ccccc1CO,249.0
CC(C)CBr,91.1
CC(C)(Br)C(O)=O,199.0
CC(C)N(CCO)C(C)C,190.0
CCN(CC(O)CN)CC,223.0
COCC(O)=O,203.5
O=C1CCCCN1,256.0
CCCc1ccc(O)cc1,232.6
CCCCCOC(C)=O,149.2
CC(C)CCOC(=O)OCCC(C)C,234.0
FC(F)(F)C(F)(F)Cl,-37.9
CCCCCCC(=O)CC,190.0
Cc1cc2[n]cc[n]c2cc1,249.0
Cc1cc(C)c(CO)cc1,232.0
Clc1ccc[s]1,128.3
FC1(F)C(F)(F)C(Cl)=C(Cl)C1(F)F,90.7
CC(=O)N1CCCCC1,226.5
CCCC(C)CC(C)(C)C,148.3
CCCCCCCC(=O)OCCCCCCCC,306.8
C(CCc1ccccc1)C1CCCC1,272.0
C[Si](C)(C)[Si](C)(C)C,113.5
CC(C)(C)c1cc(c(O)c(c1)C(C)(C)C)C(C)(C)C,278.0
CC(=O)C(F)(F)F,22.0
CC(C)(C)CC=C,72.5
CCCCCC,68.7
CC(C)(C)OC(C)(C)C,107.2
CN1CCCC1,81.0
COC(N)=O,177.0
CCC(=O)c1cc(ccc1)OC,259.0
CC(CCCl)OCCCl,195.0
CCCCN(CCCC)c1ccccc1,274.8
CC(=O)N(CCC)CCC,209.5
CCc1ccccc1-c1ccccc1,266.0
CCCN(CCC)c1ccccc1,242.0
CC(CCl)[N+]([O-])=O,172.5
COc1cccc2ccc[n]c21,283.0
Cc1cc2ccc[n]c2cc1,258.6
CCCCC(=O)OC,127.4
CCCCCCCCCCCCCCCCS,334.0
Brc1cc(ccc1)-c1ccccc1,300.0
O=CC1CC=CCC1,105.0
COB(OC)OC,68.0
CC(C)(C)C(=O)C(O)=O,189.0
CCNc1cc2ccccc2cc1,316.5
CCCC=C(C)C,95.4
CC(Cl)Br,83.0
COCC1CO1,113.0
CN(C)c1ccc(Cc2ccc(cc2)N(C)C)cc1,390.0
CCOC(=O)c1ccc(cc1)C(=O)OCC,302.0
CCOC(=O)Nc1ccccc1,238.0
CCOC(C)Cl,93.5
[O-][N+](=O)CBr,149.0
C1CCCCCCCC=C1,195.0
CC(C)CC(=O)c1ccccc1,236.5
O=C(Cl)C(Cl)Cl,108.0
CC(c1ccc(C)cc1)c1ccc(C)cc1,297.5
CCc1cc(ccc1)-c1ccccc1,283.5
CC(C1CCCCC1)c1ccccc1,265.0
O=C(c1ccccc1)N1CCCCC1,320.5
CCc1ccc[s]1,134.0
C[Si](C)(Cl)Cl,70.3
CC1(C)CC(=O)CC(C)(C)N1,205.0
CC(C)=C(C)CC,97.5
CCCOC(=O)C(=O)OCCC,211.0
NCCNCCN,207.0
CCCCC(C)O,136.0
Brc1cc(Br)ccc1,218.0
[O-][N+](=O)OC(CO[N+]([O-])=O)CO[N+]([O-])=O,250.0
CCOC(=O)c1ccccc1Cl,243.0
CCOC(=O)C(Br)CCC,191.0
COCCl,59.5
Oc1cc(Br)cc(Cl)c1,256.0
CN(c1ccccc1)c1ccccc1,293.5
FC(F)(F)CI,54.5
COC(=O)c1ccccc1[N+]([O-])=O,275.0
Fc1cc(F)cc(F)c1,75.5
O=C(Cl)C=Cc1ccccc1,257.0
FC(F)(F)C(F)(F)Br,-21.0
CN=NC,1.5
Cc1ccc(cc1)C(C)=C,185.3
CC(Cl)(Cl)C(=O)Cl,118.0
C1CCCC2OC21,131.5
CNC(=O)N(C)C,232.5
CC(C)(C=C)C(O)=O,185.0
CC[Si](Cl)(CC)CC,144.5
COC(Cc1ccccc1)OC,220.0
CCOC(=O)CCCCCC(=O)OCC,254.0
N#CCCO,221.0
CC(C)(C(=O)OCC)C(=O)OCC,197.0
Cc1ccccc1NC(C)=O,296.0
CCCCCCCCCCCCCCCCO,334.0
N#CC(=O)c1ccccc1,206.0
CCOc1cccc(F)c1,172.0
ClCC1CO1,116.555
CCOC(=O)NC,170.0
O=C(CCl)OC(=O)CCl,203.0
O=C(Cl)Cl,8.2
CC(C)CC(C)N,109.0
CC(C)OC(N)=O,183.0
c1ccccc1-c1[n]c2ccccc2[s]1,371.0
Cc1cc(Cl)c(N)cc1,220.0
COc1ccccc1C=C,197.0
CCC[Si](C)(C)C,89.0
FC(F)(F)CCBr,63.5
CC(F)F,-24.9
CCCCC(CO[Si](OCC(CCCC)CC)(OCC(CCCC)CC)OCC(CCCC)CC)CC,419.0
Cc1cc[n]cc1CC,198.0
CCOC(=O)c1ccc(F)cc1,210.0
O=Cc1cc(ccc1)C=O,246.0
CCCC(=O)Cl,102.0
CC[SiH2]CC,57.0
CCCC#N,117.6
CC(Cl)(Cl)[N+]([O-])=O,123.5
CC(C)CC(C)Cl,113.0
O=C=NCCCCCCN=C=O,255.0
Nc1cc(ccc1)C(F)(F)F,187.0
[O-][N+](=O)OCC(CCl)O[N+]([O-])=O,192.5
CCCCCCC(=O)OCCCCC,245.4
c1c(ccc2ccccc21)-c1ccccc1,345.5
CCN(CC)C(=O)N(CC)CC,209.0
NCc1c[n]ccc1,226.0
Cc1cc(N)ccc1,203.3
FC(F)(F)COC(F)(F)C(F)F,56.2
CC(C)C(=NO)C(C)C,181.0
FC(F)(F)C(F)(F)C(F)(F)C(F)(F)F,-1.9
O=Cc1cc2OCOc2cc1,263.0
CC(C)=C1OC(=O)C1(C)C,170.0
CCCCCOC,99.0
CCOP(=O)(C#N)N(C)C,240.0
ClC(Cl)c1c(Cl)c(Cl)c(Cl)c(Cl)c1Cl,334.0
Cc1cc2c(cc1)[n]c(C)cc2C,280.0
CC(C=O)c1ccccc1,203.5
CC(C)C=C(C)C,83.4
CCC=CBr,99.0
[O-][N+](=O)c1c(F)cc(F)cc1F,183.5
CC(C)C1CCCC1,126.5
CCOS(=O)(=O)OCC,208.0
CC(C)CCCC(C)CCCC(C)CCCCC(C)CCCC(C)CCCC(C)C,350.0
ClCOCCl,106.0
CCCC=C(CC)C=O,195.0
CCCCCCCCCCCCCCC(C)O,314.0
C[C@H]1C[C@@H](O)CC1,148.5
FC(F)(F)c1ccc(cc1)C(F)(F)F,116.0
COc1ccccc1Oc1ccccc1,288.0
CCCC/C=C\C(C)(C)O,177.0
CCCC(C)C(C)=C,110.5
CC(C)=CCCC(C)=C,143.0
FC(I)I,100.3
CC(C)CCOCCC(C)C,172.5
C1C2CCC21,45.5
CCCCC#N,141.3
CCCCCCCCCCCCCCCCCCCCCCCC,391.3
CCNCCC,81.0
COC(=O)OC,90.5
C=CCOCCO,158.5
CC(C)OC(=O)CC(C)C,142.0
CC(=C)C(CC)CC,109.5
Cc1ccc(C)cc1,138.3
CCOC(=O)c1cccc(Br)c1,261.0
Clc1ccccc1CCl,217.0
O=C(Cl)c1ccccc1Cl,238.0
Cc1cc(N)c(C)cc1,214.0
C1CCCC2CCCCC21,179.533333333333
C[AsH2],2.0
FC(F)(Cl)C(F)(F)C(F)(F)C(F)(F)C(F)(F)C(F)(F)C(F)(F)C(F)(F)Cl,151.0
C1CCCc2cc3CCCCc3cc21,294.0
O=COCC=Cc1ccccc1,252.0
CC(C)CNCC(C)C,139.6
CCc1cc(C)[n]c(C)c1,187.5
O=CNc1ccccc1,271.0
FCCCCBr,135.0
CC1=CCc2ccccc21,198.0
Cc1[n]cc[n]1C,206.0
CCCCCCCCCCCCCCCC1CCCCC1,373.0
FCCl,-9.1
CCCCc1cc[n]cc1,209.0
Clc1ccc(cc1)Oc1ccc(Cl)cc1,313.0
C1CCc2ccccc21,177.9
Clc1cccc(c1)C(Cl)(Cl)Cl,255.0
CCC(C)[N+]([O-])=O,139.5
OCC(F)(F)C(F)(F)F,82.0
CCCCCCCC(=O)OC(=O)CCCCCCC,282.5
CCCC#CC=C,110.0
Cc1cc(O)ccc1Cl,235.0
CCc1ccc2ccccc2[n]1,245.5
OC(c1ccccc1)(C(F)(F)F)C(F)(F)F,160.0
CC1=NCCS1,145.0
CS(C)=O,189.0
CCCCCCCCC(=O)CC,227.0
Fc1ccc(cc1)-c1ccc(F)cc1,254.5
CC(=O)c1ccc(cc1)OC,258.0
CC(C)CCON=O,99.2
OC(=O)c1c(F)c(F)c(F)c(F)c1F,220.0
C/C=C/CCC,66.5
N#CCc1cc2ccccc2cc1,303.0
C[Si](OC)(OC)OC,102.5
O=Cc1ccc(Br)o1,201.0
CCCCC/C=C\C/C=C\CCCCCCCC(O)=O,365.2
N#Cc1ccccc1C(F)(F)F,205.0
O=C(OC(=O)C(F)(F)C(F)(F)F)C(F)(F)C(F)(F)F,73.0
COc1cccc(F)c1,159.0
C1CS1,55.5
CCC(CC)CC,93.5
C1CCNc2ccccc21,251.0
COC(=O)CC(=C)C(=O)OC,208.0
CC(C)c1ccc[s]1,153.0
C[C@H](CCC=C(C)C)CC=O,207.0
OCC=Cc1ccccc1,250.0
ClCCC(Cl)(Cl)Cl,157.0
CCc1c[s]cc1,136.0
FC(F)(F)C(F)(F)C(F)(F)C(F)(F)C(F)(F)C(F)(F)Br,98.0
CCOC(=O)C(Cl)(Cl)Cl,167.5
CCCCOCCOCCOC(C)=O,245.0
CCS(=O)(=O)CC,248.0
CCCCCCCCS,199.1
CC=C(C)Br,99.75
CCCC(C)(C)C=C,104.0
CC(CCC)CCC,117.7
O=C1c2ccccc2Oc2ccccc21,351.0
CC(C)C[Si](Cl)(Cl)Cl,143.3
c1cccc2[n][s][n]c21,203.0
Fc1c(F)c(F)c(Cl)c(F)c1F,117.9
CCCCOCC,92.3
CC(=C)C=CC(C)=C,146.0
CC(C)OP(=O)(F)OC(C)C,183.0
CCCCCCCCCCCCCCCCCCCCC=C,367.0
CC(C)(C)CC(O)=O,190.0
Oc1ccc(F)cc1,185.5
OCCN1CC1,168.0
CCCC(=O)c1ccccc1,228.5
C(c1cccc2ccccc21)c1ccccc1,350.0
C1CCCCCN1,138.0
CCCCCBr,129.8
CC(C)(C)NCCNC(C)(C)C,197.0
CCCC(=O)C(C)C,135.0
CC(O)=S,93.0
CC12CCCC(C)C1(O)CCCC2,270.0
CCOC(OCC)OCC,143.0
O=C(Cl)/C=C/C(=O)Cl,159.0
CC[SiH](CC)CC,109.0
CCCCCCCCCCCCCCCCCO,333.0
Fc1ccc(cc1)N=C=S,228.0
CC(C)=CC(=O)OCC,153.5
CCCCCCCCCCCCCc1ccccc1,346.0
CCOc1ccc(CC)cc1,210.0
CC1CCCCC1O,164.5
[O-][N+](=O)c1cc2ccccc2cc1,314.0
[O-][N+](=O)C(F)(F)C(F)(F)[N+]([O-])=O,58.5
CCCc1cc[n]cc1,185.0
Cc1cc(Cl)ccc1OC(C)C(O)=O,298.0
CC1CCC2CC1C2(C)C,160.0
CCC(C)(O)C=C,117.5
CCCSc1ccccc1,220.0
CCCCCCCCCCCCCCCBr,322.0
C[Si]1(C)O[Si](C)(C)O[Si](C)(C)O[Si](C)(C)O1,175.8
CC(C)COP(=O)(OCC(C)C)OCC(C)C,264.0
COCOC,42.0
Cc1cc(N)c(C)cc1C,234.5
NCc1cccc[n]1,203.0
COCCC(C)C,91.0
CC=COCC,71.5
NNc1ccccc1,243.5
FC(F)(Cl)C(F)(F)C(F)Cl,56.1
C[C@@H](O)C1CC1,123.5
c1cccc2oc3ccccc3c21,287.0
CC(C)OC(=O)C(Cl)Cl,163.5
CC(C)CC(C)CCCC,156.0
C1CCCc2[n]cccc21,222.0
COc1ccc(cc1)OC,212.6
CC(N)CO,174.0
Cc1ccccc1CO,224.0
Cc1c[n]c[n]c1,153.0
C[C@H](O)CCCO,202.0
CCCCCCCCC(=O)Cl,215.3
CC[C@H](C)CCC=C,113.3
C[C@H](NC)[C@H](O)c1ccccc1,255.0
c1ccccc1-c1cccc2ccccc21,334.0
Cc1cc(CO)ccc1,215.5
CC(C)SC(C)C,120.1
CCC1CCNCC1,154.0
FCOC(C(F)(F)F)C(F)(F)F,58.5
C[Si](C)(C)C,26.6
Cc1cccc2ccc[n]c21,247.5
CC(CC)(CC)CC,118.2
FC(F)C(F)(F)C(F)Cl,28.1
CCCCC(C)(C)C,106.8
c1ccccc1-c1ccc[nH]1,272.0
C=CC1CCCCC1,128.0
COC(=O)c1ccc[n]c1,204.0
Cc1ccc(C(C)C)c(O)c1,232.5
C[SiH]1O[SiH](C)O[SiH](C)O[SiH](C)O1,134.5
CC(=O)c1ccc(Cl)cc1,232.0
CCCCCC(=O)OCCCC,208.0
Brc1c[n]cc(Br)c1,222.0
Clc1ccc(Cc2ccccc2)cc1,299.0
CSc1ccccc1,193.0
CC(C)CB(CC(C)C)CC(C)C,188.0
OC(=O)C(F)(F)C(F)(F)C(F)(F)C(F)(F)C(F)(F)C(F)(F)C(F)(F)F,189.0
CCC(C)(CC(O)=O)CC(O)=O,261.0
Cc1cc(O)c(cc1C(C)(C)C)C(C)(C)C,282.0
CC(=O)CCC=C,129.5
CC(C)=C(C(=O)OCC)C(=O)OCC,176.5
CCOC(=O)NCCC,192.0
ClC(Cl)(Cl)C1CO1,149.0
CCCS(=O)(=O)CCC,270.0
CC=CC(C)C,58.8
CCc1cc2CCCCc2cc1,244.0
CCc1ccc(Cl)cc1,184.4
CCNCc1ccccc1,194.0
FCCF,30.7
CC(C)(C)C#N,106.1
CCC=Cc1ccccc1,198.7
OC(=O)C(F)F,133.0
CC(C)CCC(C)CCC,158.5
O=C(C(F)(F)F)C(F)(F)F,-27.4
COC(C)CO,130.0
O=C1CCOCC1,166.5
CCOCCOc1ccccc1,230.0
CC(C)(OCC)OCC,114.0
CC1(C)OCCO1,92.5
CCCCCCCCCCCCO,259.0
COc1ccc(cc1)[N+]([O-])=O,274.0
C=CF,-72.0
CC(=O)CC(=O)OCC=C,196.0
CCC(Br)CCC,142.0
Brc1c(Br)[s]c(Br)c1Br,326.0
CC(CC1CCCCC1)NC,205.0
O=C1CCC(=O)N1c1ccccc1,400.0
CCCCCCCCCc1cccc2ccccc21,366.0
FC(F)=C(Cl)C(F)(F)F,6.8
CCCc1ccco1,115.0
CC(=C)F,-24.0
CCCCCN1CCCCC1,198.2
CCC#CC(C)C,95.2
CC(Cl)[N+]([O-])=O,124.5
[O-][N+](=O)c1ccc(C=O)o1,228.0
COC(=O)CCO,179.0
C(c1cccc[n]1)c1ccccc1,277.0
CC(=O)CC(=O)C(=O)OCC,214.0
O=P(Cl)(Cl)Oc1ccccc1,242.0
FC1C(F)(F)C(F)(F)C(F)(F)C(F)(F)C1(F)F,62.0
Cc1ccc2CC(C)CCc2c1,240.0
CCCCCCCCCCCCCCCCCC,316.3
CC1CCCCCC1=O,185.0
CCOc1ccc(cc1)C#N,258.0
OCC(Cl)(Cl)Cl,152.0
CCSSCC,154.1
Cc1ccccc1F,115.0
c1cc2ccc3ccc4ccc5ccc6ccc1c1c6c5c4c3c21,525.0
Oc1ccccc1CC(O)=O,240.0
CC(C)OC(=O)c1ccco1,198.5
CC1(C)CCC(C)(C)O1,112.0
CCCC[n]1cccc1,170.5
CCCCCCCCCCO,231.1
O=C(Cl)c1ccccc1Br,243.0
Cc1ccc(cc1)-c1cc(C)ccc1,289.0
CCCCOCC1CO1,165.0
CCC(C)COC,90.0
ClC=CBr,84.6
CC(C(=O)OCC)C(=O)OCC,201.0
CCOc1ccc(I)cc1,250.0
CCCCc1cccc[n]1,192.0
Oc1ccccc1Br,194.5
Cc1ccccc1C(C)=O,214.0
CCCCCCCCC(=O)CCCCCCCC,251.5
Cc1ccc(cc1)C(C)(C)C,190.0
COc1ccc(cc1)N=C=S,280.5
Oc1cc(Cl)c(O)cc1,263.0
CCN1CCOCC1,138.5
CCC(C)C(=O)CCC,154.0
CCCCC(COCCO)CC,229.0
C=CCCCCCCCCC(O)=O,275.0
Clc1cc(Br)cc(Cl)c1,232.0
N#Cc1ccco1,147.0
CC=CCCCCCCCCO,248.5
CC1COCC1,86.5
C(Cc1ccccc1)c1ccccc1,284.0
CC(C)CC(=O)Cl,114.0
C[C@H]1C[C@H]1C(O)=O,191.0
CCN1CCCCC1,130.8
CCCCC(CCCC)CCCC,217.5
CC1CCCCC1C,125.766666666666
CC(C)c1ccccc1N,221.0
CC=C(C)C(C)(C)C,112.0
OCCCCO,235.0
Fc1ccccc1F,94.0
CC(CCC)C(O)CC,170.0
CC(=O)OCC(=O)c1ccccc1,270.0
C=CCNc1ccccc1,219.0
CC(=C)C(C)(C)C,77.9
CCC(C)(C)S,99.1
CC(C)C(C(C)C)c1ccccc1,220.7
O=C=Nc1cccc2ccccc21,269.0
CC(C)=CC(C)(C)C,104.9
Cc1cc(Br)ccc1Br,236.0
CCCCCCC(=O)OCCCCCCCC,290.0
O=C(Oc1ccccc1)c1ccccc1,314.0
[O-][N+](=O)c1c(Cl)c(Cl)cc(Cl)c1Cl,304.0
[O-][N+](=O)c1cccc(Cl)c1Cl,257.5
CCCF,2.5
ClC=CCl,55.0
CCOC(=O)CCCCCCCCC=C,264.5
CCOC(=O)C=C,99.4
COc1cc(ccc1O)C(=O)OC,286.0
Cc1cc(cc(c1O)C(C)(C)C)C(C)(C)C,269.0
CCOC(=O)C(Cl)CCl,183.5
BrC(Br)Br,149.1
C1CCC=C1,44.2
CC(C)CCN,96.0
S=C=NCc1ccccc1,243.0
Cc1cc2ccccc2o1,197.5
CCCOCC=C,91.0
CCCCCF,62.8
CCC(CC)C=C,84.1
Cc1ccc(CC)cc1,162.0
CCC1CC1,35.9
Cc1ccc(C=O)o1,187.0
CC(Br)CCl,118.0
c1[n]oc2ccccc21,215.0
C[Si](C)(C)CO,121.0
CCCCc1ccc[s]1,181.5
FSC(F)(F)F,147.5
CCCC(Cl)Cl,113.8
COc1cccc[n]1,142.0
Cc1ccc(Cl)cc1N,239.0
c1ccco1,31.5
Cc1c(N)cccc1Cl,245.0
CCCCCC#N,163.6
c1c(ccc2ccccc21)Nc1cc2ccccc2cc1,471.0
c1ccccc1Sc1ccccc1,296.0
Cc1cc(C)c(C)c(C)c1,198.0
CC1=CC(=O)OC1=O,213.5
Cc1cc(Cl)ccc1,161.8
CCOC#C,50.0
CC1CC2C(CC=1)C2(C)C,170.0
CC=C(Cl)C=O,147.5
CC(=O)c1ccc(OC)c(OC)c1OC,296.0
CC(C)C(C)C(C)C(C)C,156.2
Cc1cc2c(cc1)c(C)ccc2C(C)C,294.0
O=C(c1ccccc1)c1ccccc1,305.4
Cc1cccc2[s]c3[n][n]c[n]3c21,275.0
COC(=O)CCCCCCCCC=C,248.0
CC(C)(C)C(=O)OC(=O)C(C)(C)C,193.0
CCCOP(=O)(OCCC)OCCC,252.0
CC(C)c1cc(O)c(O)cc1,271.0
O=C1Cc2ccccc2CC1,237.0
Cc1ccc(Cl)c(O)c1,213.0
CC1CCCCC1OC(=O)C=C,210.0
c1ccccc1-c1ccccc1-c1ccccc1,332.0
CCCCCC1CCCC1,180.0
ClC(CCl)CCl,157.0
CC1(C)CCCCC1,119.6
COc1cc(C)cc(C)c1,194.0
CCOC=C,35.5
COc1cc(C(O)=O)c(cc1OC)OC,300.0
FC(F)OCC(F)(F)F,29.3
CC(=O)Nc1ccccc1OC,304.0
CC1(C)CCCC(C)(C)N1,156.0
CCCCCC1CCCCC1,203.7
FC(F)(F)C1(F)C(F)(F)C(F)(C(F)(F)C(F)(C1(F)F)C(F)(F)F)C(F)(F)F,125.0
O=C1Nc2ccccc2O1,335.0
CC(C)C(CCC)CCC,158.9
COP(=O)(OC=C(Cl)Cl)OC,234.1
CCCCCCO,157.6
[O-][N+](=O)c1cccc(c1Cl)[N+]([O-])=O,315.0
OC1CCCCCC1,185.0
CC(C)C1CCC(C)C(O)C=1,220.0
CCOP(=O)(Cl)OCC,93.5
CC(CC)C(=C)CC,112.5
NC(c1ccccc1)c1ccccc1,304.0
CC=Cc1ccccc1,176.9
FCC(F)(F)F,-26.0
CCOc1cc(Cl)c(N)c(Cl)c1,275.0
CCCCN(CCCC)CCCC,216.5
ClC(CCl)(CCl)CCl,211.0
CCC(Br)Br,133.5
CP(=S)(OCC)OCC,198.9
C1CCCCCCCCC1,202.0
FCC(F)(F)OC(F)F,43.0
CCC(C)C(C)=C,84.3
Cc1cc(ccc1[N+]([O-])=O)[N+]([O-])=O,284.0
CCOC(=O)CC=C,119.0
BrCc1ccc(CBr)cc1,245.0
Cc1ccc(C)c2ccccc12,268.0
CC(=O)N(C)C,165.0
CCCCc1ccccc1O,235.0
CN1CCC[C@H]1c1c[n]ccc1,247.0
CCC(CCC)CCC,141.2
COc1ccc(Br)cc1,215.0
CC(C)C(O)C(C)(C)CO,232.0
COC(C)=C,35.0
FC(Cl)(Br)Br,80.3
CC(C)(C)CCO,143.0
CCOC(=O)C(=O)Nc1ccccc1,280.0
CC(C)(c1ccccc1)c1ccccc1,282.5
O=C1CCCCCC1,178.5
Brc1ccccc1Br,225.0
CCCC(=O)OC(C)C,130.5
CC(C)CC(N)=O,226.0
CCC(N)=O,213.0
Cc1cccc(c1C)[N+]([O-])=O,240.0
COC1CCCCC1,133.0
O=CC1CCCO1,142.0
Cc1ccc(cc1C(C)=O)C(C)C,249.5
C1CN2CCN1CC2,174.0
CCCCCCCCCCC1CCCC1,279.0
Cc1[n]c2ccccc2o1,200.5
CCCCCCc1ccccc1,226.1
CCC(CO)CC,147.0
C=CCCCCCCCCCO,250.0
CCCCCCCCCCCCCCCCCCCCCC1CCCC1,420.0
c1c[n]ccc1-c1cc[n]cc1,305.0
Cc1ccc(O)c(c1)C(C)C,228.5
CCOC(=O)CC(=O)CC(=O)OCC,250.0
CCOc1ccc(C=O)cc1,249.0
O=C(F)c1ccccc1,154.5
Cc1ccc(CC)o1,118.5
Cc1c(Cl)c(Cl)c(Cl)c(Cl)c1Cl,301.0
CC(C)C(C)C(C)CC,139.1
CC(C)=NN=C(C)C,133.0
CC(CC)C(C)(C)CC,140.5
CBr,3.5
CCCOC(=O)C(C)C,135.4
CCCCC=O,103.0
COCCc1cccc[n]1,203.0
C1CN1,56.0
CC=CC=C,42.6999999999999
OC(c1ccccc1)c1ccccc1,298.0
CCOC(=O)CCC(C)C,163.0
FC(F)(Cl)CCl,46.8
CCCCC#CCCCC,177.0
CCN(CC)N=O,176.9
CC1CCCCC=1,105.983499999999
COC(C)C,30.7
O=C(c1ccccc1)c1ccc(cc1)-c1ccccc1,419.5
Clc1c2Oc3c(Oc2c(Cl)c(Cl)c1Cl)c(Cl)c(Cl)c(Cl)c3Cl,510.0
Cc1cc(C)cc(C)c1,164.7
CCC(C)OC(=O)Cl,126.0
CC1CCCS1,134.0
CCC(=O)OCc1ccccc1,220.0
Clc1cc(Br)ccc1Cl,237.0
CCCCOC(=O)CCCCCC,226.2
CC(Cl)C(C)=C,94.0
CC[AsH]CC,105.0
CCCCCCCCCCCCCCCCCCCCCCCCCCCCCCCCCC,483.0
Clc1cc(Cl)c(Cl)cc1,213.5
CC(C)C1CC=C(C)C=C1,172.0
COC(=O)CCc1ccccc1,238.5
CCCCOCCOCCCC,203.3
CC1CCC(C(C)C)C(=O)C=1,233.0
OCCCc1cccc[n]1,260.2
CC(F)(F)F,-47.5
C1C=CCN1,90.5
CC(=O)OCCc1ccccc1,232.6
Cc1ccccc1N=Cc1ccccc1,314.0
Cc1cc(c(O)c(c1)C(C)(C)CC)C(C)(C)CC,283.0
C[B]C |^1:1|,70.5
CC(=O)OCCCOC(C)=O,209.5
C[Si](C)(C)O[Si](C)(C)O[Si](C)(C)O[Si](C)(C)O[Si](C)(C)O[Si](C)(C)O[Si](C)(C)C,270.0
O=S(=O)(F)c1ccccc1,203.5
CC(=C)C(=O)OCC(C)C,155.0
CC1=CCCC(C)(C)C1CO,215.0
Clc1cccc2[n]cccc21,256.0
Cc1ccc(cc1)OCCCC,229.5
CC1CCCO1,78.0
COOC,14.0
CCOC,7.4
FC(F)Cl,-40.7
CC(=C)C1CCC(CO)=CC1,244.0
CCCCCCOCC,143.0
CCCCCCCC=C,146.9
FCCBr,71.5
Cc1ccc(cc1)N=C=S,237.0
CCC#CCCO,163.0
FC(Cl)(Cl)C(F)(Cl)Cl,93.0
CCCCCCCCCCCCCCCCCCCCCCCCC,401.9
c1cccc2occc21,174.0
c1[n]ccc2ccccc21,243.2
Cc1ccc2CCCCc2c1C,252.0
Nc1cc(ccc1)[N+]([O-])=O,306.0
Cc1cc(N)ccc1Br,240.0
CC1(C)CC(N)CC(C)(C1)CN,247.0
O=C1CCC(O1)c1ccccc1,306.0
CC(CC(C)C)CC(C)C,147.6
Cc1ccccc1NCCO,285.5
CNc1ccccc1C(=O)OC,255.0
CCCCC=CC=O,166.0
OC(=O)C(Cl)CCl,210.0
COc1cc(Cl)cc(c1)OC,234.0
CCCOCC(C)O,150.0
c1ccccc1SSc1ccccc1,310.0
CCOC(=O)c1cc(ccc1)C(=O)OCC,302.0
CC(C)C(C)CC,89.7
CC(N)c1ccccc1,185.0
CCO[As](OCC)OCC,165.5
Oc1ccc(Cc2ccccc2)cc1,322.0
CC(=O)Nc1ccc(cc1)OCC,243.5
CCc1c[n]cc[n]1,152.5
NC1CC1,50.5
CC(C)CC#N,127.5
C#CCCl,58.0
CN=C=O,39.5
CN(C)C(=O)Cl,167.0
FC(C(F)(F)F)(C(F)(F)F)C(F)(F)F,0.0
OCCc1ccc(Cl)cc1,259.0
ClCC1CC1,88.0
CC(C)C(C)c1ccccc1,187.0
Cc1cc2CCCCc2cc1,229.0
O=C(Cl)CCl,106.0
CCCCOC(C)C,109.0
OS(=O)(=O)C(F)(F)C(F)(F)C(F)(F)C(F)(F)F,211.0
CCCC(=O)C(=O)OCC,182.5
C/C=C/C(=O)OC,119.5
CCOC(=O)CC1CCCCC1,211.0
[O-][N+](=O)c1cc(Cl)c(Cl)cc1Cl,288.0
CCCCCCC[C@H](C)O,193.5
CCCCCCCC1CCCCC1,244.0
CC(C)CC(=O)CC(C)C,169.4
COc1ccccc1[N+]([O-])=O,277.0
COCCOC,85.0
CCC(COP(=O)(Oc1ccccc1)Oc1ccccc1)CCCC,375.0
NCC1CCNCC1,200.0
COC=O,31.7
Clc1cc2ccc[n]c2cc1,263.0
CCC(=O)OC,79.8
O=CC1CCC=CO1,146.0
FC(F)(Cl)Cl,-29.8
CCCCCCc1cccc2ccccc21,322.0
CC(C)[C@@H](O)CC,126.5
CCCC(C)(C)CC(C)C,151.0
CC(C)Nc1ccccc1,203.0
BrCCCBr,167.3
COc1cc(ccc1N)-c1cc(OC)c(N)cc1,356.0
C1CC1c1ccccc1,173.6
Fc1c(F)c(F)c(I)c(F)c1F,166.0
CCOC(=O)[C@@H](C)Br,160.0
CCC(C)(C)OC,86.3
Cc1cc(Cl)c(Cl)c(Cl)c1,246.0
CC1CCC(=C)CC1,122.0
COC(=O)c1cc(ccc1)OC,248.0
FC(F)(F)C(F)(F)C(F)(F)C(F)(F)C(F)(F)C(F)(F)C(F)(F)C(F)(F)C(F)(F)C(F)(F)I,195.0
Cc1ccc2CCC(C)Cc2c1,237.0
C[Si](C)(O[Si](C)(C)Cl)O[Si](C)(C)Cl,184.0
CC(=O)CC(C)=C,124.2
C[Si](C)(C)O[Si](C)(C)O[Si](C)(C)O[Si](C)(C)O[Si](C)(C)O[Si](C)(C)O[Si](C)(C)O[Si](C)(C)O[Si](C)(C)O[Si](C)(C)O[Si](C)(C)C,322.8
Cc1ccccc1C(O)=O,259.0
Cc1cc(N)c(N)cc1,265.0
c1cccc2[nH]c3ccccc3c21,354.7
ClC(Cl)=C(Cl)C(Cl)Cl,185.0
CC(C)OP(=O)(OC(C)C)OC(C)C,219.0
Cc1[n]c2ccccc2[n]1CC,296.0
FC(F)C(F)(F)Cl,-10.0
CCCC=CC(=O)OCC,174.5
CCOc1cc(ccc1)OCC,235.0
CN(C)c1cc(ccc1)[N+]([O-])=O,282.5
CCCCCCCCCCCCBr,276.0
CC(C)CCC(C)=C,111.6
NCC(F)(F)C(F)(F)F,49.0
Cc1cc(c(cc1[N+]([O-])=O)[N+]([O-])=O)[N+]([O-])=O,300.0
CC(=O)CCCO,209.0
C#CC1(O)CCCC1,157.5
C1c2ccccc2Cc2ccccc21,305.0
SC1CCCCC1,158.9
[O-][N+](=O)OCCO[N+]([O-])=O,198.5
CC(C)CC(C)C,80.4
OCc1ccccc1Cl,230.0
Fc1cc(Br)ccc1,150.0
CCCCC(=C)CC,120.0
CC(C)=CCC/C(/C)=C/COC(=O)CC,253.0
C[Se]C,55.0
CC(C)(Cl)C=O,90.0
CCCC#CCC,107.2
CC(C)=CCCC(C)=O,173.5
CCOC(=O)c1cccc[n]1,243.0
c1ccccc1/C=C/c1ccccc1,306.75
CC[C@H](O)CCC,134.75
FC(F)(F)c1cc(ccc1)C(F)(F)F,116.0
OC(=O)CCCCCl,230.0
OC(=O)C1CC1,183.0
CC(=O)Cl,50.7
CCCCCCCCCCCCCCCCCN,336.0
CCCC=Cc1ccccc1,217.0
CC(C)(O)C#N,171.0
CC(C)C(C)C(CC)CC,162.0
FC(F)(F)C(F)(F)C(F)(F)C(F)(F)C(F)(F)C(F)=C(F)F,81.0
CCOCCC(OCC)OCC,185.0
CC#CCC,56.1
CCCCC(CNC1CCCCC1)CC,270.0
CCCC(O)CCCCCC,210.5
CC(C)C(C)C,57.9
CCOC(=O)c1ccc2OCOc2c1,285.5
Cc1cc(Cl)[n]c(Cl)[n]1,219.0
ClC1(Cl)C(Cl)(Cl)C(Cl)=C(Cl)C1(Cl)Cl,283.0
CCC(C)CCC(C)O,170.0
CCCCOC(=O)c1ccccc1O,271.0
Cc1ccc(C(C)C)c(c1)OC(C)=O,245.0
C[C@@H]1CCC[C@H]1O,149.5
CC(C)(CCC)CCCC,157.5
C=CC1CCCCC=1,145.0
Oc1ccc(Br)cc1Cl,233.5
CCCCCCCC=CC=O,230.0
CCC(CC)C(O)=O,194.0
CCOC(=O)C(Br)CBr,214.5
CC(C)c1cc(C)c(C)cc1C,221.0
C[C@@H](O)C(C)(C)O,175.0
CCCCCC(C)C,117.6
CCCl,12.3
Cc1c[n]c(Cl)[n]c1Cl,235.0
CC(O)CC(C)=C,129.0
CCc1ccc[nH]1,164.0
CC(Br)CBr,141.9
CCOC(=O)Cl,95.0
CCOCCC,63.2
CC(=O)OCC=C,103.5
CCCOCCCC,118.1
CCCCCCOCCOCCO,260.0
CC(=O)C(CC)C(=O)OCC,198.0
CCCCCCF,91.5
FC=C(F)Br,19.0
Nc1ccc(F)cc1F,170.0
CC(=O)OCC(C)=O,171.0
CC(C)(C)OOC(C)(C)C,111.0
Cc1cc(Br)c(C)cc1C,234.0
CC(C)F,-10.0
CCCCCCCC(=O)CCCCCCC,291.0
Cc1cccc(c1O)C(C)(C)C,230.0
CC(CCO)CCCC(C)(C)O,265.0
C1CCC=CC=C1,120.5
Oc1ccccc1Cl,174.9
OC(C(F)(F)F)(C(F)(F)F)C(F)(F)F,45.0
CCCCCCCCCN,202.2
C1CCCCC1NC1CCCCC1,255.8
C[Si]1(C)O[Si](C)(C)O[Si](C)(C)O[Si](C)(C)O[Si](C)(C)O[Si](C)(C)O1,245.0
FC(Cl)=C(Cl)Cl,71.0
Cc1ccco1,65.0
CCSc1ccccc1,205.0
CC(C)(Cl)Cl,69.3
CCCCNCCCC,159.6
CN(C1CCCCC1)C1CCCCC1,265.0
CC(C)COc1ccccc1,197.5
Cc1ccc(Br)[s]1,178.0
CCCC(CCC)CCC,157.5
Cc1cccc(Br)c1C,214.0
c1c2-c3cccc4cccc(c43)-c2cc2ccccc21,480.0
CCOCCl,83.0
Clc1cc(I)c(Cl)cc1,253.0
CC(C)(Cl)C#C,76.0
CCC(C)Cc1ccccc1,195.4
Brc1cocc1,103.0
ClC(Br)C(Cl)Br,195.0
CCCCCCCCBr,200.0
CCOc1cc(ccc1)[N+]([O-])=O,264.0
NCCCCCO,221.5
CCOC(=O)CCC=O,162.0
C/C=C(\C)/C=O,117.0
C#CCI,115.0
CCCc1ccccc1,159.2
OC(=O)CF,168.0
Cc1ccccc1Cl,159.0
O=CC(Br)(Br)Br,174.0
CC(=O)CC1CCCCN1,195.0
CC1=CC(=O)C=C(C)O1,251.0
[O-][N+](=O)c1cc(cc(c1)[N+]([O-])=O)[N+]([O-])=O,315.0
O=C1C=CC=CN1,280.0
CC(CCC)CCCC,142.4
Nc1ccc(cc1)Sc1ccc(N)cc1,361.0
CC1(C)[C@@H]2[C@H]1CC[C@@](C)(O)[C@H]1CC[C@@H](C)[C@H]12,292.0
ClCc1ccccc1,179.0
C#CCBr,89.0
Nc1ccc(N)cc1,267.0
C=CCN=C=S,152.0
Cc1cc[s]c1C,141.6
c1ccccc1O[Si](Oc1ccccc1)(Oc1ccccc1)Oc1ccccc1,417.0
OCCBr,150.0
CC(C)Cc1ccc(N)cc1,238.0
Cc1c[n]c2ccccc2[n]1,244.0
CCCCCCCCCCCCCCCCCC=C,329.0
CC(Br)C(C)Br,161.0
COc1cccc([n]1)OC,179.0
CC(C)(C)I,100.1
CCCC(C)C(C)=O,143.5
CC(CC)=CCC,112.5
Cc1ccc(cc1)[N+]([O-])=O,238.3
CC(=O)C(Cl)(Cl)Cl,149.0
CCC(=O)C(=O)CC,130.0
FC1(F)C2(F)C(F)(C(F)(F)C(F)(F)C1(F)F)C(F)(F)C(F)(F)C(F)(F)C2(F)F,142.0
[O-][N+](=O)c1cc(ccc1Cl)[N+]([O-])=O,315.0
CC(=O)c1cccc[n]1,192.0
c1ccccc1C#Cc1ccccc1,300.0
CCO[Si](CCCN)(OCC)OCC,217.0
CC(CCCC)C(C)CC,163.4
ClC1CCCC1,114.0
CC(C)COC(=O)C=C,132.0
CC(CCO)CCC=C(C)C,224.25
C#CC=O,60.0
O=C(C1CC1)C1CC1,161.0
C[C@H](O)CC[C@H](C)O,218.0
C1CCOC(O1)c1ccccc1,253.0
CC(O)C(C)(C)CO,208.0
c1c2ccccc2c2ccc3cccc4ccc1c2c34,495.0
C1NCCc2ccccc21,232.5
NCC1CC(CCC1)CN,220.0
OCCCc1cc[n]cc1,289.0
O=C1CCCC1C1CCCC1,232.5
CCCCCCCCCCCCCCCCBr,336.0
Cc1cccc(C)c1I,229.5
Cc1cc(C)c(cc1)OC,192.0
CC(C(=O)OC)C(=O)OC,174.0
CCCC(C)c1ccccc1,199.0
COc1ccc(N)cc1,243.0
Cc1cc(C)c(C=C)c(C)c1,209.0
Cc1cccc(OC)c1C,199.0
CCCCCCCCCCCCCCCCCC(=O)OC,370.0
Brc1ccccc1-c1ccccc1,297.0
C1CN(N=C1)c1ccccc1,273.0
CC(=O)Oc1ccc(CC=C)cc1OC,281.0
Cc1cccc(c1)OCC,192.0
CCCO,97.2
CCOC(=O)CCBr,179.0
CCCCCSC,145.1
CC(C)CCC(C)(C)C,124.0
Cc1c(Cl)cccc1Cl,198.0
C/C(=C\C)/C(=O)OCC,156.0
CNC1CCCCC1,147.0
CCCCC(C)S,142.0
C[C@H]1CCC[C@]2(C)C[C@H]3OC(=O)C(=C)[C@H]3C=C21,275.0
CCCCC(C)(O)CC,163.0
C1CC(CCN1)c1ccccc1,257.0
CC=C(Cl)Cl,76.5
COc1c(CC=C)cc(OC)c2OCOc21,294.0
"C[C@@]12CC[C@@](C[C@@H]1OCc1ccccc1C)(O2)C(C)C |o1:1,4,6|",313.0
Cc1cc(c(cc1)[N+]([O-])=O)[N+]([O-])=O,284.0
CC(C)COCC(C)O,165.0
CC(C)=CCCl,109.0
CC(C)CC(=O)OCc1ccccc1,245.0
CCO[Si](OCC)(OCC)OCC,168.8
CC(C)=CC(C)=C,93.2
CCCCCCCC/C=C\CCCCCCCC(O)=O,360.0
CC[Si](F)(F)CC,61.0
ClC(=CCl)C(Cl)=CCl,188.0
CCCCN=C=S,168.0
Cc1ccccc1CC=O,221.0
Cc1ccc(C)c(O)c1C,226.0
CCc1cccc[n]1,148.6
C=CCBr,70.1
C#CCCO,129.0
CCCCCCCSCCCCCCC,298.0
C1CCS1,95.0
CCCCC(C)Br,144.0
CO[Si](OC)(OC)OC,121.0
CC1(C)CCCC1,87.5
CC(=O)c1cc[n]cc1,212.0
SCCCCCCCCS,269.5
COc1ccc(C=O)cc1OC,281.0
CCc1cc2ccccc2[n]c1,266.0
CCN(CC)[N+]([O-])=O,206.5
C[Si]1(C=C)O[Si](C)(C=C)O[Si](C)(C=C)O[Si](C)(C=C)O1,224.0
Cc1cc(C)c(N)c(C)c1,232.5
CCCCCCCCCCCCCC=O,260.0
CCOC(=O)C1CCCC1=O,221.0
CCCCCCCCN(CCCCCCCC)CCCCCCCC,366.0
c1[n]c2ccccc2c2ccccc21,349.0
ClCC#CCCl,165.5
Clc1cccc(Cl)[n]1,211.0
CC1C(=O)OC(=O)C=1C,223.0
O=CNC1CCCCC1,260.0
CCCc1cccc[n]1,167.0
CCC(=O)OCCC(C)C,160.2
C[C@H]1CC[C@@H]2[C@H](C1)C2(C)C,169.0
CCC(Cl)CCl,124.1
Cc1cccc(N)[n]1,208.5
Cc1cc(Cl)c(C)cc1Cl,222.0
CC(CC=O)CC(C)(C)C,173.0
CCCOC(=O)Cl,115.2
C1OCCO1,78.0
C(=Nc1ccccc1)c1ccccc1,310.0
CCOC(=O)C(=O)Cl,137.0
OC(=O)CCCCCCBr,280.0
c1ccccc1C(=C(c1ccccc1)c1ccccc1)c1ccccc1,420.0
CCCCCCOC=O,155.5
COC(=O)COc1ccccc1,245.0
Cc1cc2CCCc2cc1,202.0
Nc1c(F)c(F)c(c(F)c1F)C(F)(F)F,186.0
CCCCCCCCCCCCCC(C)=O,294.0
CC(CO)N(C)C,150.3
FC(F)=C(F)I,30.0
CC(=O)C(CC=C)C(=O)OCC,208.0
CCOC(=O)c1ccc(cc1)[N+]([O-])=O,186.3
CCCCCCCCCCCl,223.4
COC=Cc1ccccc1,211.5
CC(C)[C@@H](Br)C(O)=O,230.0
N#Cc1[n]c(C#N)[n]c(C#N)[n]1,262.0
c1cccc2[nH][n][n]c21,350.0
N#Cc1cccc(F)c1,182.5
CCCC=O,74.8
CNCCO,158.0
C1CCCCCCC1,149.0
CC(C)(C)C(CC)CC,133.8
FC(F)(F)C(F)(F)C(F)(F)C(F)(F)C(F)(F)C(F)(F)C(F)(F)C(F)(F)Br,141.0
FC(F)=C(Cl)Cl,19.0
FC(Br)(Br)Br,108.0
Fc1c(Br)c(Br)c(F)c(F)c1F,198.0
C[Si](C)(C)O[Si](C)(C)C,99.0
Oc1c(Br)cccc1Br,255.0
CC(CCC)CCCCC,165.7
CNc1cccc[n]1,200.5
CC=C(C)Cl,64.5
COc1ccccc1OC,206.0
CCC[C@H](O)CCCC,175.0
CN1CCOCC1,116.0
CC1Cc2ccccc2O1,197.5
COc1cc(ccc1O)C(=O)OCC,292.0
CCC(C)(C)Cl,85.5
C/C=C/CC=C,65.0
O=S(=O)(Cl)C(Cl)(Cl)Cl,170.0
O=C=Nc1ccc(cc1)-c1ccccc1,283.0
CC(OC(C)=O)OC(C)=O,169.0
C[C@H](O)CC(C)=O,177.0
FC(F)(F)C(F)(Cl)C(F)(Cl)C(F)(F)F,63.0
CC(C)CCC(C(=O)OCC)C(=O)OCC,241.0
CC1CCCC(=O)C=1,201.0
C1CCCCO1,88.0
CC(C)CC(=O)OC(=O)CC(C)C,215.0
CCNCCN(C)C,134.5
CC(F)(F)C(Cl)(Cl)Cl,73.0
CC/C(=C\c1ccccc1)/[N+]([O-])=O,307.5
CCCB(CCC)CCC,159.0
FCCCl,53.1
CC(=O)CCCC(O)=O,274.5
COc1cc2ccccc2cc1,274.0
C(CCc1ccccc1)c1cc[n]cc1,322.0
CCCC(=O)OC(=O)CCC,200.0
CCCCCCCCCC(C)=O,231.5
CCCCC(C)(C)CO,172.5
FC(F)(F)C(Cl)=C(Cl)Cl,88.1
Cc1cc(OC(C)=O)c(C)cc1,237.0
CCCCCCCCCCCc1ccccc1,316.0
OCCC(F)(F)F,99.5
CC(C)=CCCC(C)=CC(O)=O,250.0
Cc1cc(Cl)ccc1O,209.25
CCC(C)(C)CCC,111.9
O=C(Cl)c1ccccc1C(=O)Cl,281.1
CCCCCCOC(=O)c1ccccc1,272.0
Clc1ccc(Cl)cc1,174.0
CC(=O)c1cccc(N)c1,289.5
CCc1cc(C)ccc1C,186.9
CC[C@@H](C(O)=O)c1ccccc1,271.0
CC=Cc1cc(OC)c(O)cc1,266.0
CC1CC(C)CC(C)C1,141.0
CN(C)c1cccc(O)c1,266.5
C=C1CCCCC1,102.5
CC=Cc1cccc(OC)c1O,267.5
CC=CCCc1cccc[n]1,216.0
CN(C)CC#N,137.5
CCCNC,62.0
FC(Cl)(Cl)c1ccccc1,179.0
Cc1cc2ccc(C)cc2cc1,262.0
CCCC(C)(C)C,79.2
CCCCCCCC(=O)OCCCCCC,277.4
C[Si](C)(C)CCCCl,151.0
CCCCCCCSC,162.5
C1CCCc2[nH]c3ccccc3c21,327.5
CC(=O)OC=C,72.5
CC1CC1C,32.6
CC(C)CCI,147.0
CC=Cc1cc2OCOc2cc1,253.0
Cc1ccc(cc1)NC(C)=O,307.0
CC(C)(c1ccccc1)c1ccc(O)cc1,335.0
CC(OC)(OC)OC,108.0
c1c[n][nH][n]1,204.0
CCSC(C)C,107.5
CCCCCCCCCc1ccccc1,280.5
Cc1cc[n]([n]1)-c1ccccc1,255.0
CC(=C)C(O)=O,163.0
CC1(C)CC(C)(c2ccccc12)c1ccccc1,308.5
CCCCN,78.0
COc1cccc(O)c1,244.0
CC(C)(O)C(Cl)(Cl)Cl,167.0
CCC1Cc2ccccc2CC1,235.0
NCc1ccccc1,185.0
Cc1ccc(CBr)cc1,220.0
CCCCCCCC(=O)CC,203.0
C=CCCCCCCCCC=C,208.5
FC(F)(F)C1(F)C(F)(F)C(F)(F)C(F)(F)C(F)(F)C1(F)F,76.3
ClC(Cl)(C(Cl)Cl)C(Cl)Cl,218.5
[C-]#[N+]C,59.6
Cl[SiH2]c1ccccc1,162.5
C=COC=C,28.3
Nc1cc[n]cc1,273.0
C[Si](C)(Cl)C=C,83.5
COC(F)(F)C(Cl)Cl,105.0
CCOC(=O)[C@H](C)Cl,147.0
CCC1CO1,63.3
CCC(Br)CBr,166.3
Cc1[n]cc(C)[n]c1C,171.5
CC(C)c1ccc(O)cc1,230.0
C(c1ccccc1)N1CCCCC1,245.0
Cc1cc(CBr)ccc1,212.5
O=C=Nc1ccccc1,163.0
Cc1cc(CO)cc(C)c1,219.5
CCCCOC(=O)C(Cl)Cl,193.5
COC(=O)C1CC1,114.9
COc1c(Cl)c(Cl)ccc1Cl,227.0
CC[C@H](C)CC=C,86.7
CCOC(=O)NCC,176.0
ICI,182.0
Cc1cc(CC=C)c(O)cc1,237.0
Cc1ccc(C)[nH]1,171.0
OC(=O)CC=Cc1ccccc1,302.0
CCCCCCC(=O)c1ccccc1,283.3
CCCCCNCCCCC,202.5
CCC(O)(CC)C#C,138.0
Cl[Si](Cl)(Cl)c1ccccc1,201.0
C[n]1cccc1-c1c[n]ccc1,281.0
O=NN1CCCC1,214.0
O=C(CCl)c1ccc(Cl)cc1,270.0
CCCCCCCCCCCCCC=C,268.2
CC(=O)CC(=O)c1ccccc1,261.5
OCc1c(F)c(F)c(F)c(F)c1F,181.0
CC1(C)C2CC[C@@]1(C)C=C2,146.0
CN(C)CCC(C)N(C)C,165.0
CSCCC=O,165.5
CC(C)C1CC[C@@H](C)CC=1,167.5
CC(Cl)Cl,57.4
C1CSCCN1,175.0
CC(C)=C1CC(C)CCC1,174.0
BrCCCCCBr,222.3
CC(C)C1CCC(C)(O)CC1,208.5
COc1ccc(cc1C=O)OC,270.0
CCc1cccc(O)c1,218.4
c1ccc[nH]1,129.7
c1cc(ccc1-c1ccccc1)-c1ccccc1,376.0
Cc1cc(I)ccc1,213.0
CCCCOC(=O)C1=CC(=O)CC(C)(C)O1,263.0
ClCCCCCCCCCl,241.0
CC=CCCCCC,124.0
CCCC(C)C=O,117.0
CCCCCCOC=C,143.0
FCC1CO1,85.5
CC(C)(Br)Br,115.0
CCOC(=O)c1ccc(Br)cc1,263.0
BrCCCCCCCCBr,271.0
CC#CCCCCCCCC,204.2
Cc1ccccc1Cc1ccccc1,280.5
CC1CC(C)(C)CC1=O,160.5
Cc1ccccc1CBr,217.0
CON,49.5
CCCCC(CC)C(O)=O,228.0
c1cccc2ccc3ccc[n]c3c21,339.0
C1OC(CCO1)c1ccccc1,247.0
Cc1ccccc1OC,171.0
CN(C)N,63.9
CCc1cc(C)c(C)cc1,189.5
OC(=O)CCCc1ccccc1,290.0
Pc1ccccc1,160.5
CCC(C)CCc1ccccc1,220.0
CC(C)CCCC(C)(C)O,173.0
COCCOCCOCCO,249.0
CCOc1ccc(cc1)C(=O)OCC,275.0
Nc1cccc2[n]cccc21,310.0
CC(CCCCCC)NC(C)CCCCCC,283.0
CCCCCCCCCCCCC1CCCCC1,331.0
CC(C)C(C)CC(C)C,131.4
OC(=O)C1CCCCC1,232.5
CCCCCCCCCCCCCC,253.5
FC(F)C(F)(F)F,-48.5
CCCCCC(O)(CC)CC,199.0
CCC#CCC,81.0
Cc1ccc(CC(O)=O)cc1,265.0
CCCOC(=O)c1ccccc1C(=O)OCCC,317.5
COC(OC)OC,104.0
FC1(F)OC1(F)F,-63.5
Cc1cc(c(Cl)cc1)[N+]([O-])=O,261.0
OCC(F)F,95.5
[O-][N+](=O)c1ccccc1-c1ccccc1[N+]([O-])=O,305.0
SCCCS,172.9
CC(O)c1ccco1,162.5
CCOC(=O)c1ccc[n]c1,224.0
C[C@H](N)Cc1ccccc1,202.999999999999
NCCCCCN,179.0
CCC(Br)C(=O)OCC,177.0
CCCCC(=O)OCC(C)C,179.0
NCCOCCO,221.0
CCC1CCCCC=1,137.0
CCC(CC)(C(=O)OCC)C(=O)OCC,230.0
O=C(Cl)CCCC(=O)Cl,217.0
C[Si](C)(C)N=C=N[Si](C)(C)C,164.0
Cc1ccc(cc1)C(=O)OCC,232.0
CCOC(=O)C(Br)Br,194.0
CCOC(CO)OCC,167.0
CN(C)c1cccc(N)c1,270.0
FC(F)(F)C1(F)OC1(F)F,-27.4
C#CCC1CCCCC1,157.5
CCCCC(C)C(C)O,166.1
Cc1ccc(cc1[N+]([O-])=O)[N+]([O-])=O,300.0
CCSC(C)=O,116.4
CC(C)COC(=O)OCC(C)C,190.0
CCCCCCCCCCC(C)=O,246.5
CCCCN(CCO)CCO,275.0
CC(CC)C(O)C(C)CC,186.0
CC(=O)CF,77.0
CC1CC(C)NC(C)C1,145.0
CCc1ccc(Cc2ccccc2)cc1,297.0
[O-][N+](=O)c1c(F)c(F)c(F)c(F)c1F,159.5
CCC(CC)(CC)CC,146.3
CC(=O)OC(C)=O,139.5
CCCCCCCCCF,167.5
CC(C)C1CC1,58.3
OC(=O)Cc1ccccc1,265.5
c1[nH]cc[n]1,257.0
CCCC(CC)CC,118.6
[O-][N+](=O)c1cccc(c1)C(=O)Cl,276.5
Cc1ccccc1C,144.5
O=C1CC=CCC1,170.0
Cc1ccccc1[N+]([O-])=O,222.0
CC[C@H](C)[C@@H](C)[C@@H](C)O,165.5
ClCC(Cl)=CCl,142.0
C/C=C\C#C,48.4
CCCCCCCCCCCCCCCCCCCl,348.0
Cc1cc(N)ccc1N,273.5
CC1(C)C2CC(Cl)C1(C)CC2,207.5
Cc1ccc(N)cc1Br,255.5
CCCC/C=C\CCCCCCCCCC=O,250.0
CC(C)(C)CBr,106.0
ClC(Cl)I,132.0
CC(C)C(=O)OC(=O)C(C)C,183.0
CCOC(=O)C(=C)CC(=O)OCC,228.0
CC1CCCCC1CCC,176.0
C[C@@H]1CCC[C@H]1CC,124.6
CC(CO)(CO)CO,283.0
Oc1cc(Br)ccc1,236.5
Cc1cc(ccc1)Oc1cc(C)ccc1,284.0
CC[C@@H](O)[C@@H]1CCCCN1,226.0
NCCNCCO,239.0
CNC(C)CCC=C(C)C,177.0
C1CC=CCCC=C1,150.8
COC(=O)CCCC(=O)OC,214.0
CCCCCCCN,156.0
FC(F)(F)Cl,-81.4
CC1CNCC(C)C1,144.0
[O-][N+](=O)c1ccc(Br)cc1,256.0
COC(=O)CC#N,200.5
ON=Cc1ccccc1,200.0
Clc1cc(Cl)[n]c2ccccc12,281.0
OC(=O)CCc1ccccc1,279.8
ClCCOCCOCCCl,232.0
Cc1cc(ccc1Cl)[N+]([O-])=O,249.0
Cc1c[nH]c2ccccc21,266.0
CCCC(C)(C)C(C)=O,149.0
C=C=C,-34.4
Nc1cc(ccc1)Oc1ccccc1,315.0
COc1ccco1,110.5
BrC/C=C/CBr,203.0
FC(F)(Br)Br,25.0
Cc1ccccc1CC,165.2
C1CCCCCC1,118.4
Nc1ccc(CC#N)cc1,312.0
C=C(Cl)c1ccccc1,199.0
O=C1OC(=O)c2cc(Cl)c(Cl)cc12,313.0
CC(C)CCCC(C)N,155.0
O=S=Nc1ccccc1,200.0
CCCOC(=O)c1cocc1,210.9
OC=O,101.0
C=COc1ccccc1,155.5
CCOC(=O)CS,157.0
[O-][N+](=O)c1cc(ccc1)[N+]([O-])=O,291.0
CC(C)N(N=O)C(C)C,194.5
Cc1cccc2C(C)CCCc12,239.0
CCCCCC(O)=O,205.2
FC(F)(F)c1c[n]ccc1,114.0
CCc1cccc2ccccc21,258.6
OCc1cccc(Cl)c1,237.0
CC(CO)Oc1ccccc1,244.0
CCCCCCCOCC,166.0
CCOC(=O)CF,120.0
NC1CCCCCCC1,190.0
CCC(C)(C)C,49.7
c1ccccc1-c1[nH]cc[n]1,340.0
COc1cc(C=O)ccc1O,285.0
CC(C)CCC#N,156.5
CCN,16.6
CC(C)O,82.3
Clc1cc(Cl)c(Br)cc1,235.0
C1C=CCC=C1,85.5
C[N+]([O-])=O,101.1
CCCCOC(=O)Cl,142.0
CC1Cc2ccccc2CC1,221.0
CCCCCCCCCCCCCCCCCCCCCCCCCCCCCCCC,467.0
C1C2CCCCC21,116.5
O=C(Cl)OCCCCl,177.0
CCOC(C#C)OCC,139.0
CC(C)COCOCC(C)C,165.5
CCC=CC=C,73.5
NCCCO,187.5
CCC(COCCC(O)=O)CC,343.0
[O-][N+](=O)c1ccc(F)cc1F,207.0
Nc1ccccc1CO,273.0
CCC(Cc1ccccc1)c1ccccc1,290.0
CCCCCCCCCCCCCCCCC1CCCCC1,385.0
