S(=O)(=O)(NC1(=[N+]([O-])C=CC=C1))C2(=CC=C(N)C=C2),5.2
OC1(=CC=C(CCCCC(C)(C)C)C=C1),11.22
S1(C(=NC=C1)NP(=O)(OC)C2(=CC=C([N+](=O)[O-])C=C2)),8.6
OC2(=[NH+]C=1(N=CNC=1C(=N2)N)),4.51
O(O)C(C)(C)C,12.8
O=C(OCC)N1(CCC2(=NOC(=C2(CC1))O)),4.7
O=C1(NC(=O)C2(=C1C=C(C(C)(C)C)C=C2)),10.21
S1(C(C(C(=O)O)N2(C1C([NH+]=C2CC=CCC)C(=O)O))(C)C),2.4
ClC1(=C(NN=C(C#N)C#N)C=CC(=C1)[N+](=O)[O-]),4.15
S=C(NC1(=CC=CC=C1))C2(=CC=C(C)C=C2),11.5
S(=O)(=O)(NC(=O)N)C(C(=O)N)C,5.21
O=C(O)CCC=1(OC=CC=1),4.36
N1(=NNC=N1),4.84
S=CNCC1(=CC=CC=C1),12.3
SC1(=[NH+]C=CC(=N1)NCC),3.1
S=C(N(CC)CC)NC(=O)C1(=CC(=CC=C1)C),8.36
O=C1(NC(=O)CC(N1)C2(=CC=CC=C2)),11.22
O=C(OC)C1(=CC=C(O)C=C1),8.34
FC(F)(F)OC1(=CC=C(NN=C(C#N)C#N)C=C1),6.0
[Si](C1(=CC=C(C(=O)O)C=C1))(C)(C)C,4.27
N2(=C(NCC)C1(=C(NN=C1)N=C2)),10.9
O=C(C1(=CC(OC)=C(O)C=C1))C,7.65
O=C(O)C1(=CC(=CC=C1)C(C)C),4.27
S1(C(OC(C1C)=O)(C(=O)O)C),1.94
S=C2(N(C(=O)C(C1(=CC=CC=C1))(CC)C(N2)=O)C),7.65
O=C2(C(C1(CCCCC1))CCC(C2)=O),5.5
O=C(O)C1(=C(C=CC(=C1)O)C),3.92
OC1(=C([O-])N=CN=C1),11.61
O[N+]1(=C([NH+]=C2(N=CNC2(=C1N)))N),1.0
ClC1(=C(O)C=CC(=C1)Cl),7.8
OC2(=C(C=C(NC1(=CC=C(O)C=C1))C=C2C)C),10.45
N#CC1(=NC=NC2(=C1NC=N2)),6.88
O=C(O)C=1(C(=CNC=1)C),5.65
O=C(O)C1(=CN=NC=C1),2.8
O=C(OCC)C(C(=O)C)CC,12.74
O=C(O)C(C)(C)C,5.04
S(SCC1(NC(=O)NC1=O))CC2(NC(=O)NC2=O),8.1
OC(C)C,16.14
O=C(O)C1(=C(C=CC=C1)C(C)C),3.64
O=C(O)C=1(N(C=CC=1)C),4.51
O=C(NCCC[NH+](CC=C)CC=C)C=NO,8.14
N#CCC#N,11.19
N1(=C(N=CC2(=C1N=CN2))N),9.93
SC1(=NN=CN1N),7.47
OC1(=C(N)C=CC=C1),9.71
O([N+]1(=C(O)C=CC=C1))C,-1.3
O=NC(=NO)C,5.8
N2(=C(N)C=1(NN=CC=1N=C2)),10.15
S=C1(NC(=S)C(N1)C2(=CC=CC=C2)),8.15
OC1(=C(C=C(C)C=C1)CN(C)C),11.22
O=C(O)C1(=[N+]([O-])C=CC=C1),3.54
S1(=O)(=O)(CC(=O)CC(C1)=O),2.72
ClC1(=C(O)C=CC(=C1)O),9.795
O=C1(NCC(=O)NC1CC2(=CC=C(O)C=C2)),9.47
O=[N+]([O-])C1(=CC(OC)=C(O)C=C1),6.83
O=C2(OC1(=C(C(O)=CC=C1)C(=C2)C)),8.26
O=C(O)C#CCC(C)(C)C,2.54
O=C(O)C(C(C1(=CC=CC=C1))C(=O)N)(C)C,4.8
O=[N+]([O-])C1(=C(C(O)=C(C)C=C1C)C),8.98
S=C2(N(C1(CCCCC1)(C(N2)=O))C),9.25
O=C(C(=NO)C)C,9.3
OC1(=C(C=CC=C1)CC[NH3+]),9.19
IC2(=CC=1(C(=CC(O)=CC=1)C=C2)),9.23
OC=1(C(N)=CC2(=CC=CC=C2(C=1))),9.35
SC(=O)C1(=CC=C(C#N)C=C1),1.42
O=C(O)C(C1(=CC=C(CC(C)C)C=C1))C,4.57
P(=O)(O)(CCC(C)C)CCC(C)C,3.26
O=C(O)C(C(=O)N)=C(C)C,3.95
[Br]C2(=C(O)C1(=NC=CC=C1C(=C2)[Br])),7.3
S=C1(N(C(=O)C(N1)(C)C)C),10.8
O=C(C1(=C(O)C=CC=C1))C,10.37
OC2(=CC=1(C(=CC=C(C=1)C)C=C2)),9.52
SC1(=C[N+](=CC=C1)C),2.27
OC=1(N(N=C(C=1)C)C2(=CC=CC=C2)),11.3
O=C(O)C1(=CC=C(CC(=O)N)C=C1),4.06
[Br]C2(=CC(C(=S)NC1(=CC=C(F)C=C1))=CC=C2),10.32
O2(C1(=[NH+]C(O)=CC(=C1CC2)C)),2.42
N1(=C(NC=2(C1=CC3(=CC=CC=C3(C=2))))N),12.8
O=[N+]([O-])C1(=CC(=C(O)C=C1)C[NH+]2(CCOCCOCCOCCOCCOCC2)),5.77
O=C1(OC2(C(C)C)(C[NH2+]C(C2(C1))C(=O)O)),2.45
OC3(=CC2(=C(N)C=1(C(=CC=CC=1)[NH+]=C2C=C3))),7.71
OC1(=CC(=CC=C1)C[NH+](C)C),8.88
O=[N+]([O-])C1(=CC=C(CC(C(=O)OCC)C(=O)C)C=C1),11.06
[Se](C1(=CC=C(C)C=C1))CC(=O)O,3.86
OC1(=CC([N+](C)(C)C)=CC(=C1)C),8.2
O=C(O)C1(=NNC=C1),3.84
[N+]3(=CC=C(C1(=NC=2(C=CC=CC=2(N1))))C=C3)(C),8.89
O=C(N)C1(NCCCC1),8.9
S(C1(=CC=CC=C1))C2(NC(=O)C2),13.33
O=C(O)C(C2(=CC=C(C1(=CC=CC=C1))C=C2))C(O)(CC)C,3.41
O=C(O)C1(=[N+]([O-])C(C)(C)C(C1)C),2.85
FC(F)(F)C(=O)CC(=O)C,6.09
O=[N+]([O-])C2(=CC(C1(=CC=C(O)C=C1))=CC=C2),9.14
ClC1(=C(Cl)C=C(Cl)C(=C1C[NH+](CC)CC)O),5.13
S=C1(NC(=O)C2(N1)(CCCCC2)),8.79
O=CC2(C1(=C(C=CC=C1)C3(=C2C=CC=C3))),7.4
O[N+]1(=CC=C(NC)C=C1),3.85
OC(=CC(=C)C)C=C(C)C,10.85
OC=1(C=2(C(C=CC=1)=CC=CC=2)),9.44
OC=2(C1(=NC=NC(=C1C=CC=2)C)),8.75
O=[N+]([O-])C1(=CC(=CC=C1)C=CC=NO),10.16
O=C(C(C)(C)C)CC(=O)C,9.94
O=C([O-])C(=CC1(=CC(=C(O)C(=C1)C(C)(C)C)C(C)(C)C))C,11.5
O=C2(N(C=1(N=CN(C=1C(N2)=O)C))C),9.92
S(C(O)(O)C)CC,12.13
OC1(=[NH+]N=CC=C1),-1.8
O=C(O)C=1(OC(C)=CC=1),3.42
O=C2(OC1(=C(C=CC=C1)C(C2)=O)),5.64
OC=1(N(N=C(C=1CCC)C)C2(=CC=CC=C2)),11.4
S1(=O)(=O)(N=C(NC2(=C1C=NC=C2))C),7.6
OC1(=C(C=C(C)C=C1)C(C)C),10.73
O=C(O)C1(=CC=C(C(C)(C)C)C=C1),4.36
N1(=NNC(=N1)C2(=C(C=CC=C2)C)),4.09
S1(CN(C(=O)C)C(C1)C(=O)O),2.94
[Br]C2(=CC(C(=S)NC1(=CC=C([Br])C=C1))=CC=C2),9.96
S(C#CC(=O)O)C1(=CC=CC=C1),2.11
OB(O)C1(=C(N)C=CC=C1),9.23
S(=O)(=O)(NC1(=NC(OC)=CC(=N1)OC))C2(=CC=C(O)C=C2),8.17
OC=1(N(N=C(C=1CCCCCCC)C2(=CC=CC=C2))C3(=CC=CC=C3)),8.0
S=CNC1(=CC([N+](=O)[O-])=CC=C1),10.3
S=C2(NC(=O)N(C1(OC(CO)C(C1)O))C=C2C),8.8
O=C2(OC1(=C(O)C(O)=CC4(=C1C3(=C2C=C(O)C(=C3OC4=O)O)))),6.59
O=CC1(=NC=NC2(=C1NC=N2)),8.8
O=[N+]([O-])C1(=C(O)C=CC(=C1)OC),7.39
O=C(NCC(=O)O)C([NH3+])CC=1([NH+]=CNC=1),2.4
OC2(=CC1(=C(NC=C1CC[NH+](C)C)C=C2)),9.73
O=C(O)C(C1(=CC=CC=C1))CC#N,3.44
O=C(N)C2(=CC=[N+](COC[N+]1(=C(C=CC=C1)C=NO))C=C2),7.13
OC1(=C(C=CC=C1)C[N+](C)(C)C),8.71
O=[N+]([O-])C2(=CC=C(C(=NO)C1(=CC=CC=C1))C=C2),10.85
O=C(O)CCCC,4.82
ClC1(=C(C(=O)O)C=CC(=C1)C),3.27
O=C(O)C1(=C(C=CC=C1)CO),3.84
S(=O)(=O)(NC1(=CC=C([N+](=O)[O-])C=C1))C2(=CC=CC=C2),6.63
O=C([N+]1(=CC=C(C#N)C=C1))C,1.98
O=C(O)CC(C#N)CC1(=CC=CC=C1),3.91
O=C(O)C(NC(=O)CC[NH3+])CC=1([NH+]=CNC=1),2.763333333333333
S(=O)(=O)(N)C=1(SC=2(C=CC=CC=2(N=1))),7.8
S(=O)(=O)(N)C=2(C=1(C(=C(N(C)C)C=CC=1)C=CC=2)),9.9
OC2(=CC(C1(=CC=CC=C1))=CC=C2),9.59
O=C(O)CC1(=CC=CC=C1),4.27
S(=O)(=O)(N(CCO)CCO)C1(=CC(=C(O)C(=C1)C)C),8.25
O=C(O)C2(=CC=C(OC1(=CC=CC=C1))C=C2),4.52
O(C1(=C(O)C=CC(=C1)CO))C,9.79
N2(=NC(C1(=CC=CC=C1))=NN2),4.28
OC1(=C(O)C=CC=C1O),10.085
OC=2(C1(=[NH+]C=CC(=C1C=CC=2)N)),6.91
O=C1(C(=O)CCC1=O),8.48
O=C(O)C1(=CC=C(C)C=C1),4.37
O=[N+]([O-])C2(=CC=C(C(C#N)C1(=CC=CC=C1))C=C2),10.9
O=C(O)C(OC)=C,3.38
[Br]C1(C(=O)CC(C)(C)CC1=O),3.1
S=C1(OC2(C(O)C(CO)OC2(N1))),9.48
O=C(O)CONC(=[NH2+])N,2.69
O=C(NCCC[NH+](CCC)CCC)C=NO,8.73
OC=1(N(N=C(C=1CC)C2(=CC=CC=C2))C3(CC[NH+](C)CC3)),5.9
O[N+]=1(C=2(C(C(NO)=CC=1)=CC=CC=2)),3.89
S(C2(=NC=1(N=CNC=1C=N2)))C,8.91
ON=NC1(=NN(C)C(=N1)N),5.36
O=C(O)C=1(C(OC)=CC2(=CC=CC=C2(C=1))),3.82
N2(=C(NC(C)C)C1(=C(NN=C1)N=C2)),10.99
OC2(=CC1(=NC=C3(C=CC=CC3(=C1C=C2)))),8.79
O2(N=C(C1(=CC=CC=C1))C=C2O),4.01
S(=O)(=O)(N)C1(=CC(C(=O)O)=CC=C1),3.61
O=C(NO)C1(CCCCC1),9.87
OC=1(N(N=C(C=1CC2(=CC=CC=C2))C)C3(=CC=CC=C3)),11.8
O=C(OCC)C1(=CC=C(O)C=C1),9.34
S(C(C(=O)O)C)C,3.76
O=C1(OC(C4(OC3(OC(C(C(C(C1C)O)C)OC2(OC(CC(C2O)[N+](O)(C)C)C))(CC3C)C)(C(=C4)C))(C))CC),4.3
O(C1(=C(O)C(O)=CC=C1))C,9.28
O=C(O)C1(=CNC(=C1)C),5.35
S(=O)(O)CCCCC1(=CC=CC=C1),2.23
O=C(O)C(C2(=CC=C(C1(=CC=CC=C1))C=C2))C(O)C3(=C(C=CC=C3)C),4.19
O=C(NC)C1(=C(O)C=CC=C1),8.03
O=C(N)C(C1(=CC=CC=C1))CCC(=O)O,4.64
O=C(O)CCC(C#N)C1(=CC=CC=C1),4.4
P(=O)(O)(C(C)(C)C)C(C)(C)C,4.24
[Br]C1(=C(O)C=CC(=C1)O),9.675
[Br]CCCC(=O)OCCCC(=O)O,4.6
ClC1(=CC(=C(O)C=C1)C=O),7.4
S1(C(=NC2(=C1C=CC=C2))C=3(C(=O)OC=4(C=C(O)C=CC=4(C=3C#N)))),6.38
O=[N+]([O-])C1(=C(OC)C=CC(=C1)O),8.68
[Br]C2(=CC=1(N(O)N=NC=1C=C2)),3.97
O=C(O)C[NH2+]CCCC,2.32
O=CC1(=CC(O)=CC=C1),8.86
OC=2(C1(=NN=CC=C1C=CC=2)),8.25
S(=O)(=O)(NC1(=NC=CC=C1))C2(=CC=CC=C2),8.2
SC1(=[NH+]C=CC(=N1)NC),3.09
O=[N+]([O-])C([N+](=O)[O-])CCCCCC,5.5
OC1(=CC=C(C=C)C=C1),9.91
OC=2(C1(=NC=CC=C1C(N)=CC=2)),11.24
O=C(O)CC1([NH2+]NC2(=C1C=CC=C2)),2.9
O=C2(C(=CC(=NC1(=CC=C(O)C=C1))C=C2C)C),8.9
O=C(O)CC(O)C[N+](C)(C)C,3.8
O=C(O)[C+]1(C=CC=CC=C1),3.29
O=C(NCCCCC[NH+](C)C)C=NO,8.88
O=C(O)CC1(=COC=C1),4.07
O=C1(C(=O)CCCC1C),11.23
O=[N+]([O-])C2(=C(OC(=O)C1(=CC=C(O)C=C1))C=CC(=C2)[N+](=O)[O-]),7.68
O=C1(C(O)=C(OC)C=CC=C1),8.0
O=C(C(=NO)C1(=CC=CC=C1))C,8.85
O=[N+]([O-])C1(=C([N+](=O)[O-])C=C2(NC=NC2(=C1))),8.92
O=C1(OC(=CC(C1)=O)C),5.0
O=[N+]([O-])C1(=CC(=CC=C1)C=NO),10.445
[Si](O[Si](C)(C)C)(CCCC(=O)O)(C)C,5.03
O=C(O)C=1(OC=2(C=CC=CC=2(C=1OC))),3.7
O=C(O)C(C(C#N)C1(=CC=CC=C1))(C)C,3.95
ClC1(=C(Cl)C=CC(=C1)NC(=S)C2(=CC=C(Cl)C=C2)),9.51
S1(=O)(=O)(NC=3(C=CC=C2(C=3(C1=CC=C2)))),6.2
O=C(O)C1(C(CCCC1C)C),4.88
O=C(O)C1(=CC=C(OCCCCC)C=C1),4.49
SC1(=[NH+]C=CC(=N1)NCCCC),3.2
O=[N+]([O-])C1(=NC=2(N(C(=O)N(C(C=2(N1))=O)C)C)),3.58
ClC1(C(=O)O)(C2(CCCC12)),2.925
O=C(C1(=CC=C(NN=C(C#N)C#N)C=C1))C,5.85
SC1(C(=O)NC(C1)=O),6.65
OB(O)CC1(=CC=CC=C1),9.12
S1(C(=NC=C1OC)N),4.98
ClC1(=CC=C(CCC(=O)O)C=C1),4.65
O=C(N)C1(N2(CCC(C1)CC2)),9.04
O=C(O)C(NC(=O)C([NH3+])CC(C)C)CC=1([NH+]=CNC=1),2.76
[Si](CC(=O)O)(C)(C)C,5.22
O=C(O)C=1(C=NN(C=1)CCCC[NH+]4(CCN(C2(=[NH+]C=3(C=CC=CC=3(N2CCOCC))))CCC4)),3.7
O1(N=C(C)C(=C1O)C=2(ON=C(C=2)C)),3.2
O=[N+]([O-])C4(=CC=C(C(=O)C[N+]=3(C=2(C(=C1(C(C=CC=C1)=CC=2))C=CC=3)))C=C4),9.45
OC1(=[NH+]C=CN=C1),-0.1
S(=O)(=O)(NC1(=NC(=CC=N1)C))C2(=CC=C(NC(=O)C)C=C2),5.46
O=C1(OC(CC)(C)C(N1)=O),6.0
P(=O)(O)([O-])C(P(=O)(O)[O-])C[NH+](C)C,5.75
O=C(O)C(C#N)=C(C)C,3.04
S=C(S)N(CC(C)C)CC(C)C,3.4
O(C1(=C(O)C(OC)=CC=C1))C,10.09
S=C(NC1(=CC=C(OC)C=C1))C2(=CC=CC=C2),11.36
O=C(O)C=CC#CC,4.2
ClC1(=CC=C(O)C=C1),9.29
OB(O)C1(=CC=CC=C1),8.74
ON=CC1(=[N+](C=CC=C1)C),7.75
O=[N+]([O-])C1(=CC(NC(C#N)=C(C#N)C#N)=CC=C1),3.45
[Se](C1(=C(C=CC=C1)C))CC(=O)O,3.79
S(=O)(C1(=NC=CN1))CC2(=CC=CC=C2),9.8
P1(=O)(O)(CCC1),3.07
N2(=C(N)C1(=C(NN=C1)N=C2C)),11.3
O=C2(C1(=C(O)C=CC=C1C(=O)C=C2)),8.7
[N+]2(=C1(NC=3(C=CC=CC=3(C1=CC=C2))))(C),7.4
S(=O)(=O)(NC1(=CC=C(C(=O)C)C=C1))C2(=CC=CC=C2),6.94
S(=O)(=O)(NC1(=CC(=CC=C1)C(F)(F)F))C(F)(F)F,3.5
O=C(NO)CCCCC,9.58
S(=O)(=O)(NC1(=NC(=CC(=N1)C)C))C2(=CC=C(N)C=C2),7.44
O=[N+]([O-])C1(=CC=C(CC(C#N)C#N)C=C1),10.87
O(C(O)C=C)CC(O)C,5.5
OC2(=CC1(=C3(C(=NC=C1C=C2)C=CC=C3))),8.43
S1(C(C(C(=O)O)N3(C1C(NC(=O)CC2(=CC=CC=C2))C3=O))(C)C),2.76
O=[N+]([O-])C1(=C(C(=O)O)C=CC=C1C),2.91
P1(=O)(O)(CCCCC1),2.73
OC=2(C=1(C(=NN=CC=1)C=CC=2)),7.4
ClC1(=C(O)C(=C(Cl)C=C1Cl)C[NH+]2(CCOCC2)),4.915
O=[N+]([O-])C1(=C(C=C(N)C=C1)B(O)O),10.0
OC1(=C(C#N)C=[NH+]C=2(C1=CC=CC=2)),-2.08
O(C2(=C(C1(=NN=NN1))C=CC=C2))C,4.8
O(C1(=C(O)C=CC(=C1)C=NC3(=NC=2(NC=NC=2C=N3))))C,8.91
OC1(=[NH+]C=NC2(=C1N=CN2C)),1.86
ClC1(=C(O)C(=CC=C1)C),8.7
O=C(O)C=1(NC=CC=1),4.35
[O-]C1(=[N+](C(N)=CC=N1)C),13.5
O=C(O)CCC1(=CC=CC=C1),4.59
OC=2(C=1(C(=NC=CC=1)C=CC=2)),8.54
O=[N+]([O-])C1(=C(C(=O)O)C=CC(=C1)C),2.68
O=C1(C(C(=O)CC(C1)(C)C)C=O),3.65
O=C1(NC(=O)C(C1(C)C)(C)C),9.7
O=[N+]([O-])C=1(N=C(C)NC=1),9.75
ClC1(=C(C(C(=O)O)=CC=C1)C),3.43
O=C(N)C(N)C(C)C,8.0
OC=2(C1(=[NH+]C=CC(=C1C=CC=2)N(C)C)),7.05
S(=O)(=O)(NC1(=NC(N)=CC=N1))C2(=CC=C(N)C=C2),9.44
O=C(N)C3(=CC(OC)=C(C1(=NC2(=NN(C)C=C2(N1))))C=C3),12.3
OC=1(NN=C(C=1CCCCC)C2(=CC=CC=C2)),8.4
[Br]C2(=CC=C(S(=O)(=O)NCC1(=CC=CC=C1))C=C2),10.71
S=C2(NC(=O)C(C1(C=CCCC1))C([N-]2)=O),11.31
O=C(O)C1(=CC=C(COC)C=C1),4.18
OC1(=[NH+]C(=NC(=C1)N)C),1.7
[SeH]CC[NH2+]CC,5.04
O=C(O)C2(=C(C1(=CC=CC=C1))C=CC=C2),3.46
O=C(O)C=C(OC)C,5.81
O=[N+]([O-])C1(=CC(=CC=C1)C(O)C(=O)O),3.03
[Br]C1(=CC=C(O)C=C1),9.29
O(C1(=C(OC)C=C2(CC3(C=4(C=C(O)C(=CC=4(CC(C2(=C1))N3(C)))OC)))))C,9.8
O=C(N(O)C)C,8.73
O=[N+]([O-])C3(=CC1(=C(C=2(C=CC(=CC=2(C1))O))C=C3)),9.01
OC2(=CC=C(NC1(=CC=C(O)C=C1))C=C2),10.04
OC1(=C(C=C(C)C=C1)C),10.56
O=C([O-])C([NH2+]CCNC(C1(=C(O)C=CC=C1))C(=O)[O-])C2(=C([O-])C=CC=C2),9.8175
FC(F)(F)C(=O)CC(=O)CC(C)C,6.52
O=C(O)C(=O)C1(=C(C=CC(=C1)C)C),1.45
O=[N+]([O-])C1(=CC(=C(NN=C(C#N)C#N)C=C1)C),5.5
O=C(O)C2(=C(C1(=NN=NN1))C=CC=C2),2.9
O=C(O)C1(C(O)C2(CCC1C2(C)(C))(C)),2.395
O=C2(OC1(=C(C=CC=C1)C(=C2)O)),4.1
O=C(O)C1(=CC(OC)=C(C)C=C1),4.13
P(=O)(CC(=O)C)(CC)CC,11.94
N=1(NC=CC=1),14.18
ClC1(=CC(C(=O)O)=CC=C1),3.8
S(=O)(=O)(NC1(=NC=C(N)C=C1))C2(=CC=C(N)C=C2),8.47
O=C(N)CNCCCNCC(=O)N,7.27
[Br]C1(=CC=C(C(=O)O)C=C1),3.99
FC1(=CC(=CC=C1)CN2(C=C(C(=O)N)C(C#N)C=C2)),0.68
O=C([O-])C1([NH2+]CC(C1CC(=O)O)C(=C)C),3.2999999999999994
O=C(O)C(C2(=CC=C(C1(=CC=CC=C1))C=C2))C(O)C(C)C,4.13
O=C1(NC=NC2(=C1C=NN2C)),9.26
ON=CC1(=CC=C(C)C=C1),10.94
O=C(O)C=C(CC)C,5.145
ClC(Cl)CO,13.18
O=C(O)CC(C)C,4.79
ON=CC=CC1(=CC=CC=C1),10.72
O[N+]1(=C(NC)C=CC=C1),2.61
O=C1(OC(OC(C1)=O)(C)C),5.15
[Br]C2(=CC(C(=S)NC1(=CC(F)=CC=C1))=CC=C2),10.01
S(C1(=C([N+](=O)[O-])C=CC=C1))CC(=O)O,3.18
O(C2(=CC=1(NC=3(C(NCCC=3(C=1C=C2))C))))C,15.6
O=C2(OC1(=C(C=C(OC)C(=C1)O)C=C2)),6.5
S=CNCC(C)C,12.8
O=C2(OC1(=C(C=C(CC)C(=C1)O)C(=C2)C)),8.01
OC3(=C(C1(=[NH+]C=2(C=CC=CC=2(N1C))))C=CC=C3),5.76
O=C(O)C1([NH2+]CC(C1CC(=O)OC)C(=C)C),1.95
S(=O)(=O)(N)C=1(SC(NC)=NN=1),7.8
[Br]C2(=CC=C(NC(=S)C1(=CC=C(OC)C=C1))C=C2),10.95
O=C1(C(O)=CC=2(C=CC=CC=2(C=C1))),10.0
O=C(O)C1(=C[N+]([O-])=CC=C1),2.95
O(C1(=CC=[N+](O)C=C1))C,2.05
OC1(=C(N=CN(C)C)C=CC=C1),11.02
O=[N+]([O-])C=1(C(=NNC=1C)C),10.27
O=C(O)C1(C(O)CCCC1),4.74
ClCCC[Si](CC(C(=O)O)C)(C)C,5.05
[Br]C2(=NC=C(NS(=O)(=O)C1(=CC=C(N)C=C1))C=C2),7.12
S(=O)(O)CCC1(=CC=CC=C1),1.89
S=C1(NC(=O)C(N1)C(C)C),8.7
S(=O)(=O)(NC2(=CC=C(C1(=C(C(=NC(=C1C(=O)OCC)C)C)C(=O)OCC))C=C2))C3(=CC=C(N)C=C3),9.15
S=CNC1(=CC(C(=O)OC)=CC=C1),10.81
PCCC(=O)O,4.23
OB(O)CCC1(=CC=CC=C1),10.0
[SeH]C(C[NH3+])C,5.19
[Br]C1(=CC=C(C(=O)C)C=C1),18.04
S(=O)(=O)(NC(=O)N)C(C(=O)N)(C)C,5.15
O=[N+]([O-])C1(=C(O)C(=C(OC)C=C1)C(=O)NCC2([NH+](CCC2)CC)),5.75
O=[N+]([O-])NCCC,6.47
O=C(O)C1(=C(C=C(C)C=C1)C),4.18
N1(=NNC(=N1)NC2(=CC=CC=C2)),6.3
O(C1(=NC=NC2(=C1NC=N2)))C,9.16
OC=1(C=NC2(=CC=CC=C2(C=1))),8.06
ClC1(=C(Cl)C=CC=C1O),7.71
O=[N+]([O-])C1(=CC([N+](C)(C)C)=C(O)C=C1),4.35
O=C(NCC[NH+](C)C)C=NO,8.17
O=C(O)C1(C(C#N)CCCC1),3.86
O=C(O)C(C2(=CC=C(C1(CCCCC1))C=C2))C(O)(C)C,3.76
N1(=NNC(=N1)C2(=CC=C(N)C=C2)),4.55
ClCC(=O)C=NO,7.9
OC=1(NN=C(C=1CCCCCCCCCC)C2(=CC=CC=C2)),11.0
O=C(O)CC=1(OC=2(C=C(C)C=C(C=2(C=1O))C)),4.75
O=C(O)C1(=C(C(O)=CC=C1)C),3.83
O=C(O)CCC(=O)C,4.63
S=CNC1(=CC(N(C)C)=CC=C1),11.78
SCC[NH2+]C,8.02
OC=3(C=1(C(=CC2(=CC=CC=C2(C=1)))C=CC=3)),9.88
ON=NC1(=NC=NN1C),4.45
O=C(O)CCC#N,3.98
O=C1(N(N=CC(N1)=O)C2(OC(CO)C(C2O)O)),6.6
O=C(O)C1(=C(NN=C(C#N)C#N)C=CC=C1),6.7
O=C(O)C#CC(C)(C)C,2.66
[O+]1(=C(C=C(O)C=C1C)C),0.38
O=[N+]([O-])C1(=C(C(=CC=C1)C)C(=O)O),2.13
O=C([N+]1(=CC=C(N(C)C)C=C1))C,9.55
O=C1(N(C=CC=C1O)CC),8.99
S(=O)(O)C1(=C(C=CC=C1)C),1.47
IC1(=CC=C(O)C=C1),9.32
O=[N+]([O-])C([N+](=O)[O-])CCC,5.2
OB(O)C1(=CC(N)=CC=C1),8.81
N#CC(C#N)=C(N)C(C#N)C#N,2.58
OCC1(=NC=2(C=CC=CC=2(N1C))),15.84
ON=CC1(=CC=[N+](C)C=C1),8.27
O=C(O)CCCCCCCCCC[NH2+]CC=C,4.7
S=C(NC1(=CC=CC=C1))C2(=CC=C(OC)C=C2),11.27
S(=O)(=O)(N)C1(=CC=C([N+](=O)[O-])C=C1),8.63
OC1([N+](CC(C1)(C)C)(C)C),8.7
OC1(=C(C=C(CO)C=C1)CO),9.77
O=C(O)C1(=CC=[N+]([O-])C=C1),2.86
ClC1(=CC=C(CC(C#N)C#N)C=C1),11.49
OC1(=CC([N+](C)(C)C)=CC=C1),8.07
S(=O)(=O)(NC1(=NC=CN=C1))C2(=CC=C(N)C=C2),6.04
S1(=O)(=O)(NC(=O)C2(=C1C=CC=C2)),1.76
O(C1(=CC(=C(O)C=C1)C))C,10.16
OC2(=CC=1(C(=NC=NC=1)C=C2)),8.19
OC=1(N(N=C(C=1)C2(=CC=CC=C2))C),10.9
OB(O)C1(=C(C=CC=C1)C),9.74
P(=O)(CCC)(CCC)CCC,12.16
[Br]C1(=CC(=C(C)C=C1)C(=O)O),3.58
[Br]C1(=C(C=CC(=C1)C(=O)O)C),3.96
O=C(NCCCCCCCCCC[NH+](C)C)C=NO,9.02
O=C(O)CC=C,4.33
O=[N+]([O-])C=2(C=1(C(=C[N+](CCO)=CC=1)C=CC=2)),11.67
O=C(O)C1([NH2+]C2(NC(=[NH+]C1C2)N)),1.3
O=C(O)C1([NH2+]CC(C1CC(=O)N)C(=C)C),2.01
SC=1(C(=O)C=CC=CC=1),5.9
S2(C1(=C(N=O)C(O)=CC=C1N=C2)),5.43
FC1(=CC(=CC=C1)C([N+](=O)[O-])C),7.05
OC2(=CC=C(C=CC1(=[N+](C=CC=C1)C))C=C2),8.4
OC(C1(=CC=NC=C1))(C2(=CC=NC=C2))C3(=CC=NC=C3),11.8
S(=O)(=O)(N)C=2(SC(N(C1(=CC=CC=C1))C(=O)C)=NN=2),7.32
O=[N+]([O-])C1(=CC(=C(C(=O)O)C=C1)C(=O)C),3.06
O=C(O)C1(=C(CCC1)COC),4.5
OC=2(C1(=NC=NC(=C1C=CC=2)CCC)),8.82
ClC1(=C(C=C(O)C=C1)C),9.4
OB(O)C1(=CC=C(N)C=C1),9.17
O[N+]1(=C(N)C=CC=C1),2.67
OC(C1(=CC=C(N)C=C1))=C(C#N)C#N,4.28
OC1(=[NH+]C(=NC(=N1)N)N),4.5
[Br]CC(=O)O,2.84
S=C1(OC=2(C=CC=CC=2(N1))),6.33
O=C1(NC(C(=O)O)C(C1)C(=O)OCC),3.5
O=C1(N(O)C(=O)C2(=C1C=CC=C2)),6.13
O=C(O)CC1(=NN=NN1),4.21
O=C(O)C1(=CC=C(OCC)C=C1),4.64
[SeH]C(C[NH3+])(C)C,5.21
O=[N+]([O-])C2(=NN(C1(=CC=CC=C1))C(=N2)NN=O),3.33
S(C1(=CC=C(C(C)(C)C)C=C1))CC(=O)O,3.76
SC(CS)CO,9.605
O=C(NCC1([NH+](CCC1)CC))C2(=C(OC)C=CC=C2O),8.7
S(=O)(=O)(NC1(=NON=C1C))C2(=CC=C(N)C=C2),4.0
O=[N+]([O-])C1(=CC(=CC=C1)C2(C(C(=O)O)C2)),4.41
FC1(=CC(=C(O)C(=C1)C[NH+](C)C)C[NH+](C)C),5.77
O=C1(NC(=O)CCC1),11.43
S(C(C(=O)O)C)CC,3.8
O=C(O)C1(=C(NC=C1)C),5.8
N1(=C(N)C=CN=C1),18.4
ClCCO,14.37
O=C(OC)C1(=C(C(O)=C(O)C(=C1)O)C[NH+](C)C),6.8
O=[N+]([O-])C1(=C(O)C(=CC(=C1)C)C),7.98
O=C(O)C=1(C(=NN(C=1)C2(=CC=CC=C2))C),4.58
S(=O)(=O)(N)C1(=CC([N+](=O)[O-])=CC=C1),9.19
OC(=C(C#N)C#N)C,1.0
OC3(=CC=1(C(=NC2(=CC=CC=C2(C=1)))C=C3)),8.81
O=C(O)C(NC(=O)C)CC=1([NH+]=CNC=1),2.94
O=C(O)C([NH3+])CC(CC)C,3.25
IC#CC(=O)O,2.0
OC1(=[NH+]C=CC=N1),2.24
[Se](=O)(O)C1(=CC(=CC=C1)C),4.8
IC1(=C(C(=CC=C1)C)C(=O)O),2.7
O=C(O)CN1(N=NN=C1N),2.38
S(=O)(=O)(N)CC(=O)N,9.7
OC=2(C=1(C(=[N+](C=CC=1)C)C=CC=2)),6.12
O=C(C(=NO)CC)C,9.38
O=C(O)C2(=CC=C(N=NC=1(C(=NNC=1N)N))C=C2),4.68
O=[N+]([O-])C1(=CC(=C(CO)C=C1)C(=O)O),3.14
S1(N=C(C)N=C1S),5.18
S(=O)(=O)(NC=1(SC=CN=1))C2(=CC=CC=C2),5.73
O=C2(OC1(=C(C=CC(=C1)O)C=C2)),6.18
O=C(O)CCC=2(C1(=C(C=CC=C1)NC=2)),4.87
O=[N+]([O-])C1(=CC=C(CCC([NH3+])C(=O)O)C=C1),3.05
S1(C(C(=O)O)=CC=C1C(=O)C),3.0
O(C1(=NC(=NC(=C1)C)N2(N=C(C)C=C2O)))C,6.9
O=C([O-])C=CC(C1(=C(O)C=CC=C1))(C)C,10.71
S1(C(=NC=C1C)C(=O)O),3.03
OC1(=C[N+](=NC=C1)C),1.74
O=C(O)C=1(NC=2(C=CC=CC=2(C=1))),3.79
S=C(OCC(=O)O)N(C)C,2.87
O=C(O)C1(=C(C=CC(=C1)OC)C),3.84
ON=NC1(=NN(C)C(=N1)N2(CCCCC2)),5.46
O=C1(OC(C(=O)O)C(C1)C(=O)O),3.2099999999999995
O=[N+]([O-])C2(=C(NC(=O)CC(=O)C1(=CC=CC=C1))C=CC=C2),9.54
OC1(=C(C(=CC(=C1)C)C)C),10.64
O=C(O)CCC(C3(C2(C(O)CC4(C1(C(CC(O)CC1)CC(C4(C2CC3))O)(C)))(C)))C,4.98
O=C2(NC=1(N=CNC=1CN2)),11.52
OC3(=CC=C(C=NC2(=NC=1(NC=NC=1C=N2)))C=C3),8.62
[Br]C1(=C(C(=O)O)C=CC(=C1)C),3.09
N2(=C1(N=C(N(C)C)NC1=CN=C2)),9.73
SCC(=O)NCC,8.14
O=[N+]([O-])C1(=C(O)C=CC(=C1)C(=O)[O-]),6.41
O=C(C(=NO)C(C)C)C,9.5
O=C(O)C(C(C#N)C)(C)C,3.97
[Br]C(C(=O)O)C(C)C,2.82
[Br]C2(=CC(C(=S)NC1(=CC=C(Cl)C=C1))=CC=C2),10.1
N#CC1(=CC=C(CC(C#N)C#N)C=C1),10.96
S1(=O)(=O)(N=C(NC2(=C1C=CC=N2))C),7.64
[Br]C(C#N)C#N,5.0
[Br]C1(=C(C=C(C(=O)O)C=C1)C),4.03
O=CC1(=CC=CC1),7.4
O=C(O)C[N+]1(CCCCC1)(C),2.01
OC=1(C=2(C([NH+]=NC=1)=CC=CC=2)),-0.35
ClC1(=C(NC=S)C=CC=C1),10.03
S=C(S)OCC,1.79
O=C1(N(NC(=C1CCC)C)C2(CC[NH+](C)CC2)),7.18
O=[N+]([O-])C1(=CC(=C(C(=O)C)C=C1)C(=O)O),3.27
S(C1(=NC(C(C)(C)C)=NN1C(=O)N(C)C))CC(=O)O,3.49
S(C1(=CC=C(C)C=C1))C2(NC(=O)C2),13.45
S=C(N(C)C)NCC(=O)O,3.71
S=C(O)NCC(C)C,0.38
O=C(C=2(C=1(C(=NC=CC=1)C(O)=CC=2)))C,7.75
S(=O)(=O)(NCCC(=O)[O-])C1(=CC=C(C)C=C1),11.2
[Se](=O)(O)C1(=CC([N+](=O)[O-])=CC=C1),4.07
O=C1(N(CC(N1)=O)C),11.4
OC1(=CC(=CC=C1)CCC[N+](C)(C)C),9.64
OC=2(C1(=NC=CC=C1C=NC=2)),8.33
O=C(O)CC(C#N)C1(=CC=CC=C1),3.79
S1(C(C(=O)CC(=O)C(F)(F)F)=CC=C1),6.31
OC1(=[NH+]C(=NC2(=C1N(C=N2)C))N),3.57
O=C(OC1(OC(C(=O)O)C(O)C(C1O)O))C2(=CC=CC=C2),2.85
O(C1(=CC(=C(O)C=C1)CN(C)C))C,11.48
O[N+]1(=CC=C(N(C)C)C=C1),3.9
O=C(O)C=1(NC=2(C=CC=CC=2(C=1C))),4.33
O=C1(C(CC(C1)=O)(C)C),4.2
S(=O)(=O)(O)C1(=CC=C([N+](=O)[O-])C=C1),-7.15
OC1(=NC=[NH+]C(=C1)[O-]),5.4
O=[N+]([O-])C1(=NNC(=N1)OC),5.35
O=C(O)C1(OC(OC(=O)C(CCCC)CC)C(O)C(C1O)O),3.08
N2(=C(NC)C=1(NC=NC=1N=C2)),10.04
O=C(OC)CC(=O)C1(=CC=NC=C1),8.24
O=C(O)CCC(=O)C=1(C=2(C(C=CC=1)=CC=CC=2)),4.48
ClC1(=CC=C(CC(C(=O)C)C(=O)C)C=C1),10.25
O=C(N)CN,8.05
N=3(C=1(C(=CC2(=CC=CC=C2(C=1)))NC=3CC)),12.9
O=C(O)C1(=C([NH+](C)C)C=CC=C1),1.4
O=C(OCC)NC1(=NC=NC2(=C1NC=N2)),10.915
O=C(ONC(=O)CC)C=CC1(=CC=CC=C1),6.8
O=C1(C=CC(O)=CC=C1),5.64
O=C(O)CC=1(OC=CC=1),3.72
O=C(OCC)C(C(=O)C)CC1(=CC=CC=C1),11.81
S=C(NC1(=CC=CC=C1))C2(=C(C=CC=C2)C),10.87
S(=O)(=O)(N)C1(=CC(OC)=CC=C1),9.39
O=[N+]([O-])C1(=C(C=C(O)C(=C1)C)C(C)C),4.2
O=C2(OC1(=C(C=CC(=C1)O)C=C2C=3(OC=4(C=CC=CC=4(N=3))))),6.84
OC(=CC(=C)C(C)(C)C)C,10.97
O=NC1(=C(O)C=CC2(=C1N=CN2C)),6.76
O(C2(=CC=1(NC=3(C(=NCCC=3(C=1C=C2))C))))C,15.34
OC1(=C(C=C(C)C=C1C)C(C)C),11.18
ClC2(=CC=C(C(=S)NC1(=CC=C(C)C=C1))C=C2),11.18
O=C(NO)C1(C(C(=O)NO)C2(CCC1O2)),9.3
O=C(O)CN1(N=NN=C1),2.27
O=C([O-])C3(=C(N1(N=C(O)C=C1C2(=CC=CC=C2)))C=CC=C3),12.5
O=C(O)C1(=C(C=CC=C1C)C),3.23
O=C(NCCC[NH+](CC)C)C=NO,8.72
OC1(=[NH+]C=NC=2(C1=CC=CC=2)),2.12
SCC[NH+](C(C)C)C(C)C,8.08
[Br]C6(=CC=C([P+](C1(=CC=CC=C1))(C2(=CC=CC=C2))C4(C3(=C(C=CC=C3)C5(=C4C=CC=C5))))C=C6),8.67
IC1(=CC=C(C(=O)O)C=C1),3.99
O=C(O)C1(=C(OC)C(=CC=C1)C),3.84
ClC1(=C(Cl)C=CC=C1NN=C(C#N)C#N),5.15
O=C1(NC(C(=O)O)CC1),3.325
O=[N+]([O-])C=1(C(=NNC=1)N),9.73
O=C(O)C1(C(OC)C1),4.615
ClC1(=C(S(=O)(=O)N)C=C2(S(=O)(=O)NCNC2(=C1))),9.245
O([N+]1(=CC=C(O)C=C1))C,2.57
S1(C(=NN=C1C2(=CC=CC=C2))NCC3(=CC=CC=C3)),11.5
ON=C(C1(=CC=CC=C1))C2(=CC=CC=C2),11.3
S=C(NC1(=CC=CC=C1))CC(=O)C,7.5
S1(C(=NN=C1C2(=CC=CC=C2))NC(=O)OCC),8.2
O=C(O)C3(OC(OC2(=CC1(=[NH+]C=CC=C1C=C2)))C(O)C(C3O)O),3.0
S(=O)(C1(=CC=C(O)C=C1))C,8.28
O=C(O)C1(=CC=C(N(C)C)C=C1),4.96
FC(F)(F)C(F)(F)C(=O)NN,7.92
S(=O)(=O)(NC1(=CC=C(N)C=C1))C2(=CC=CC=C2),9.05
ClC2(=CC=1(N=NNC=1C=C2)),7.7
O=C(O)CCOOC(C)(C)C,4.36
OC1(=CC(=CC(=C1)C)C),10.13
O=C(O)C=1(C=3(C(C=C2(C=1C=CC=C2))=CC=CC=3)),3.65
O=C(O)C([NH3+])CC1(C(=C)C1),2.4
O=CC1(=CC(=CC=C1)B(O)O),7.8
O=C2(NC1(=C(C=CC=C1)NC2=O)),10.985
[70SH]C(C1(=CC=CC=C1))=CC(=O)NCC,4.73
O=C(O)C1(=C(C(=CC(=C1C)C)C)C),3.43
S1(N=NC=C1C=NO),7.64
O=C(C1(=CC=CC=C1))C2(=NNC=C2),11.97
O=C(O)CC[NH2+]CCCCCCCCCCCC,3.55
O=C(O)C2(=CC=C(OCC1(=CC=CC=C1))C=C2),4.44
OC=1(C(O)=CCC=1C),9.11
O=[N+]([O-])CCC1(=CC=CC=C1),8.55
O(C1(=CC(=C(O)C=C1)CN(C)C))CC2(=CC=CC=C2),11.48
OC=1(C=2(C([NH+]=CC=1)=CC=CC=2)),2.27
OC1(=C(C=CC(=C1)C)C),10.36
ClC1(=C(O)C(=C(OC)C=C1)C(=O)NCC2([NH+](CCC2)CC)),7.07
O[N+](C1(=CC=CC=C1))(C)C,4.21
O=C(O)C1(=C(CCC1)CO),4.54
O=C(C(C)C)CC(=O)C(C)C,9.86
O=[N+]([O-])C=2(C=1(C(=NC(C)=CC=1)C(O)=CC=2)),6.78
O=C(ONC=O)C=CC1(=CC=CC=C1),5.9
O=C(O)C1(=CC([NH3+])=CC=C1),3.09
[Br]C(=C(C#N)C#N)C(C#N)C#N,2.6
O=[N+]([O-])C1(=CC(=C(O)C=C1)C[NH+]2(CCOCC2)),5.61
S(=O)(=O)(NC1(=NC=CC=N1))C2(=CC=C(N)C=C2),6.42
O=C(O)C(NC(=O)C[NH3+])CC=1([NH+]=CNC=1),2.61
O=C(O)C1(=CC=C(OCC=C)C=C1),4.45
O=C(O)C1(=CC(C#N)=CC=C1),3.6
O=[N+]([O-])C=1(C=3(C(C(O)=C(C=1)C[NH+]2(CCOCC2))=CC=CC=3)),3.0
O=C(O)C(C1(CC(CCC1)C))C,4.59
ClC=1(C([N+](=O)[O-])=CC2(=CC(O)=CC=C2(C=1))),8.56
O=C(C1(=C[N+](=CC=C1)C))CC2(=CC=CC=C2),10.265
OC=2(C1(=NC=CC=C1[NH+]=CC=2)),2.85
S1(C(=CC=C1)C=CC(=O)O),4.25
S(C1(=NC=NC2(=C1C=NN2)))C,9.65
O=C1(C3(=C(OC(=C1)C2(=CC=CC=C2))C=C(O)C=C3)),7.39
OC2(=CC=1(C(=CN=NC=1)C=C2)),7.95
P(=O)(O)(CC(C)C)CC(C)C,3.25
SC(=C(N(C=O)CC1(=C(N=C(C)N=C1)N))C)CCO,11.4
SCC(O)CS,9.91
ClC1(=C(O)C(Cl)=CC(=C1)[N+](=O)[O-]),3.7
OC2(=CC=1(C(=CN=CC=1)C=C2)),9.15
S(=O)(=O)(N)C1(=C(C=CC=C1)CN),10.11
OC(C1(=NC=CC=C1))(C2(=NC=CC=C2))C3(=CC=NC=C3),13.13
OC3(=CC=1(C(=CC2(=CC=CC=C2(C=1)))C=C3)),9.92
S(=O)(=O)([O-])C=2(C1(=C(NN=C1)C(=NO)C(C=2)=O)),5.85
O=C1(C=C(OC=C1)C(=O)O),1.5
N2(=C(N(C)C)C1(=C(NN=C1)N=C2)),11.0
O=C(OCC(=NO)C(=NO)C)C,10.6
OC1(=CC(=CC(=C1)C)CC),10.1
S(=O)(=O)([O-])C=2(C1(=C(NN=C1)C(=O)C(C=2)=NO)),6.35
O=C2(C1(=C(C=CC=C1)C(C2CC3(=CC=CC=C3))=O)),5.9
N2(C(C=1(NC=3(C=CC(=CC=3(C=1CC2))N)))C),16.0
O=[N+]([O-])C3(=CC=2(C(=O)C(=C1(NC=CC=C1))C(C=2C=C3)=O)),9.26
O=C(O)CCC#CC#CCC[NH3+],4.12
[Br]C1(=C(NN=C(C#N)C#N)C=CC=C1),6.35
S=C1(NC(=S)C(N1)(C)C),7.65
N2(=C(C=1(NC=3(C=CC=CC=3(C=1C=C2))))C),14.5
S=C(OC(C)C)NCC,11.52
[Br]C2(=CC=C(C1(=NN=NN1))C=C2),3.73
S(=O)(=O)(C1(=NC=CN1))CC2(=CC=CC=C2),8.67
S1(SC(=O)C=C1C2(=CC=C(O)C=C2)),8.27
O=C(O)C=1(NC=CC=1C),5.1
SC1(=CC=C([N+](=O)[O-])C=C1),4.64
ClC2(=C(C=1(N=NN(C=1C=C2)O))C),4.09
O(C1(=CC=C(O)C=C1))CCCC,10.23
[Se](O)C1(=C([N+](=O)[O-])C=C(Cl)C=C1),10.23
S=C(NC1(=C(C=CC=C1C)C))C2(=CC=CC=C2),10.79
O=C(O)C(NC(=O)C([NH3+])CC(=O)[O-])CC(=O)O,3.6
IC1(=CC(C(=O)O)=CC=C1),3.83
S(C1(=C(C=CC=C1)C))CC(=O)O,3.46
ClC1(=CC([N+](=O)[O-])=CC(=C1)C(=O)O),2.17
OC=1(N(N=C(C=1C)C2(=CC=CC=C2))C3(=CC=CC=C3)),7.8
S(=O)(=O)(N)C1(=CC=C(OC)C=C1),9.93
O=C(O)C([NH3+])C(CC)C,2.285
O=C(NCCCCCC[NH+](C)C)C=NO,8.93
O=C(O)CC[NH2+]CCCCCCCC,3.56
[Br]C1(=C(O)[NH+]=C([O-])[N+](=C1)C2(OC(CO)C(C2O)O)),-0.9
S(SC=1(C(=O)NC(=O)NC=1))C=2(C(=O)NC(=O)NC=2),8.0
N=1(NC(CC)=NC=1CC),10.22
S(=O)(=O)(NCC=1(OC=CC=1))C2(=CC=C(N)C=C2),10.89
O=C(O)CC(C1(=CC(=C(O)C=C1)C))C2(=CC=CC=C2),4.67
O=[N+]([O-])C1(=CC(=CC=C1)C([N+](=O)[O-])C),6.67
ClC1(=C(C=CC(=C1)O)C=O),6.6
O=C([O-])C2(=C(N1(N=C(O)C(=C1C)CC))C=CC=C2),12.2
S=C1(N(C=2(N=CN=CC=2(N1)))C),7.48
O=[N+]([O-])C1(=CC(=CC=C1)C[N+](=O)[O-]),6.3
ClC1(C(=O)OCC1=O),2.13
N=1(NC=2(C=C(N)C=CC=2(C=1))),14.3
S(CCSCCC1(=NN=NN1))CCC2(=NN=NN2),5.32
O=C(O)CC#CC,3.6
S(=O)(=O)(NC1(=CN=CN=C1))C2(=CC=C(N)C=C2),6.62
O=C3(N2(N(C1(=C(C=CC(=C1)C)N=C2N(C)C))C(=C3CCC)O)),6.55
O=C1(C(C(=O)[CH-]C(C1)=O)(C)C),9.73
S1(C(C(C(=O)O)N2(C1C(NC(=O)CC=CCC)C2=O))(C)C),2.84
O1(C(=NC(=C1O)CC2(=CC=CC=C2))C3(=CC=CC=C3)),8.72
O[N+](CC)(CC)CC,5.13
O=[N+]([O-])C2(=C(O)C=1(NN=CC=1C(=C2)[N+](=O)[O-])),2.5
OC1(=CC=C(C)C=C1),10.22
[Br]C1(=C(O)C=CC(C=C1)=O),4.9
S(=O)(=O)(N)C1(=CC=C(C)C=C1),9.89
ClC1(=CC=C(NC(=S)C)C=C1),11.06
O=C(CC=O)C,6.12
S=C(N=NC2(=CC=1(C(=CC=CC=1)C=C2)))NNC4(=CC=3(C(=CC=CC=3)C=C4)),12.68
O=C(O)C([NH2+]C)(C)C,2.2
O=C(O)C1(C([NH3+])CCCC1),3.59
S(=O)(O)CC(C)C,2.75
[N+]=1(C=3(C(C=C2(C=1C=CC=C2))=CC=C(C=3)N))(C),11.85
O=C1(OC(=CC(C1CC)=O)C),5.3
S(=O)(=O)(OC4(=C3(OC(C=1(C(=O)OC=2(C=C(O)C=CC=2(C=1))))=NC3=CC(=C4)C)))[O-],6.8
[Br]C1(=C(O)C(=O)C=CC=C1),5.96
O=C1(OCC(C1CC)=O),4.29
O=C1(C(O)=C(C(=O)C2(=C1C=CC=C2))CC3(=CC=CC=C3)),4.9
OC1(=C(O)C=CC=C1),10.445
O(C1(=C(C=C(O)C=C1)C))C,10.24
N1(=NNC(=N1)NCC),6.12
O2(C([N+]1(=C(O)N=C(N)C(=C1)C))CC(C2CO)O),4.4
S(C(C1(=CC=CC=C1))(C2(=CC=CC=C2))C3(=CC=CC=C3))CC(=O)O,4.32
O=C1(C(O)=CC=C(C=C1)C),7.32
N3(=CC=2(N=C(C1(=CC=CC=C1))NC=2C=C3)),10.3
O=C(O)C(C2(=CC=C(C1(=CC=CC=C1))C=C2))C(O)C3(=CC=CC=C3),4.25
OC2(=CC=C(C1(=CC=CC=C1))C=C2),9.47
ClC1(=C(Cl)C=CC(=C1)S),5.48
O=C(N)CC(=O)C,10.41
OC1(=CN=CN=C1),6.78
O=C(NO)C1(=NC=CC=C1),8.6
P(=O)(O)(C)C,3.08
O=C(O)C2(OC(OC1(=C([NH3+])C=CC=C1))C(O)C(C2O)O),3.3
O=C(NO)C1(=CN=CC=C1),8.3
OC1(=[NH+]C=CC=C1),0.75
OC(=N[N+](C)(C)C)C,5.42
O=C1(C(O)=CC(C(=O)C)=CC=C1),6.16
[Br]C1(C(=O)OCC1=O),2.23
SCC[NH+](CCCC)CCCC,7.76
O=[N+]([O-])C1(=CC(=C(O)C=C1)C[NH+]2(CCOCCOCCOCCOCC2)),5.79
O=C2(C(=CC(=NC1(=CC=C(O)C=C1))C(=C2)C)C(C)C),8.8
[S+](C1(=C(C=C(O)C=C1)C))(C)C,7.6
N2(=C(C=1(NC=3(C=CC=CC=3(C=1CC2))))C),14.9
O=C2(OC1(=C(C=CC=C1)C(=C2CC3(C(=O)OC=4(C=CC=CC=4(C3=O))))[O-])),8.3
O=C1(C(O)=CC(=O)C2(=C1C=CC=C2)),3.19
O=C(O)CCCCC,4.85
O=C(OCC)C2(=C(N1(N=C(O)C(=C1C)CC))C=CC=C2),12.4
N#CC(NC1(CCCCC1))=C(C#N)C#N,6.01
ClC1(=C(C=C(C(=O)O)C=C1)C),4.07
[Si](CC(=O)O)(CC)(C)C,5.4
S(=O)(=O)(NC1(=CC([N+](=O)[O-])=CC=C1))C2(=CC=CC=C2),6.91
O=C(O)C(C(C#N)C1(=CC=CC=C1))C,3.7
O2([N+]1(=C(C=CC=C1)N=C2N)),7.18
O=C(O)CCC=1([NH+]=CNC=1),4.0
O=C(OCC)C2(=C(N1(N=C(O)C=C1C))C=CC=C2),12.3
P(=O)(O)(CCCCCC)CCCCCC,3.24
N#CC(=NNC1(=CC=C(C)C=C1))C#N,6.75
S1(C(=NC2(=C1C=CC=C2))N=NC=4(C=3(C(=NC=CC=3)C(O)=C(C=4)C))),7.5
SC1(=C(C(=O)[O-])C=CC=C1),7.6
O=C(C1(=CC(=C(O)C=C1)C[NH3+]))C2(=CC=C(OCC(=O)OCC)C=C2),7.34
O=C(O)CCCC1(=CC=CC=C1),4.78
OC1(=[NH+]C=CC=2(C1=NC=CC=2)),2.64
ClC1(=CC(NC(=S)N)=CC=C1),12.0
ClC1(=CC=C(C(=O)O)C=C1),3.98
[Si](C1(=CC=CC=C1))(CC(=O)O)(C)C,5.27
OC1(=C(C=CC=C1)CN(CC)CC),10.82
O(C2(=C(C1(=C(O)C=CC=C1))C=CC=C2))C,10.4
O=C(N(O)C)C1(=CC(=CC=C1)C),8.52
ONC1(=NC=NC2(=C1NC=N2)),9.83
S=C2(NC(=O)C(C1(=CC=CC=C1))(CC)C(N2)=O),6.3
O=C(O)C2(=C(C(=O)C1(=CC=CC=C1))C=CC=C2),3.54
O=C1(NC(OC2(=C1C=CC=C2))CC(=O)O),4.9
OCC(=[N+]([O-])[O-])CO,13.5
O=C(O)C=CC2(=CC=1(OCOC=1C=C2)),4.6
N#CC(C#N)=C(C1(=CC=CC=C1))C(C#N)C#N,2.3
O=[N+]([O-])C1(=C(O)C=CC(=C1)C(=O)OC),5.4
O(C1(=C(O)C=CC(=C1)CN))C,10.47
S(=O)(=O)(NC=1(SC=NN=1))C2(=CC=C(N)C=C2),4.77
O(C1(=NC=2(N=CN=CC=2(N1))))C,7.73
O=C(O)C12(CCC(O)(CC1)CC2),6.33
IC1(=C(C(=O)O)C=CC=C1),2.93
ClC1(=C(OC)C(=C(O)C(=C1)Cl)C(=O)NCC2([NH+](CCC2)CC)),5.75
ClC2(=CC=C(C1(C(C(=O)O)C1))C=C2),4.53
O=C(O)CC(O)C1(=CC=CC=C1),4.4
O=[N+]([O-])C1(=C(C(C(=O)O)=CC=C1)C(=O)C),3.26
S(=O)(=O)(NC1(=CC=CC=C1))C2(=CC=C(C)C=C2),8.46
O=C1(N(N(C)C(=C1CC=3(C(O)=[N+](C2(=CC=CC=C2))N(C=3C)C))C)C4(=CC=CC=C4)),1.51
[Se](=O)(O)C2(=CC(C1(=CC=CC=C1))=CC=C2),4.87
ClC(C(=O)O)C,2.88
O=C(OC)CC(=O)C,10.6
O(C1(=C(C=CC=C1)C=NO))C,10.89
O=C(O)CCCCCCCC1([NH2+]C(C(O)CC1)C),4.6
O=C(O)C=1(C=2(C(C=CC=1C)=CC=CC=2)),3.11
PC(C(=O)O)C,4.15
OC2(=CC(=C(N=NC1(=C(C=C(C)C=C1C)C))C(=C2)C)C),9.1
O=C(O)C=CC,4.79
O2(C(O)=C(CC1(=CC=CC=C1))N=C2C),10.34
O=C1(C(=NO)C(=O)CC(C1)(C)C),5.4
OC2(=CC=1(C(=NC=CC=1)C=C2)),8.82
O=C(O)C([NH3+])CC1(=CC=CC=C1),2.255
O=[N+]([O-])C1(=CC(O)=CC=C1),8.31
S(=O)(=O)(NC1(=CC=C(OC)C=C1))C2(=CC=CC=C2),8.88
[Br]C2(=NN(C1(=NC([N+](=O)[O-])=NN1))C=N2),1.63
O=C(O)C1(=C(C=C(C(C)(C)C)C=C1C)C),3.44
O=C(CC(=O)CC)CC,9.82
N2(=C1(N=C(NC)NC1=CN=C2)),9.56
OC=1(NN=C(C=1CCCCCCCC)C2(=CC=CC=C2)),10.2
O=C(NOCCC([NH3+])C(=O)O)N,2.5
[Se](=O)(O)CCCC,5.29
O=C(O)C([NH3+])CCCC,2.34
S(=O)(=O)(NCC1(=CC=CC=C1))C2(=CC=C([N+](=O)[O-])C=C2),10.07
O=[N+]([O-])C1(=C(O)C=CC(=C1)C(=O)C),5.09
O=C(OC)C2(C1(=C(C=CC=C1)C3(=C2C=CC=C3))),11.52
O=C1(C(O)=CC=CC=C1),6.87
O[N+]1(=CC=C(O)C=C1),2.4
O=C(O)C1(=CC(OC(C)C)=CC=C1),4.15
O=C(C2(=NC1(=C(O)[NH+]=C(N)N=C1NC2)))C(O)C,1.45
O=C(O)C1(C(CCCC1)C),4.8900000000000015
S1(SCCC1CCCCC(=O)O),4.82
O=C(O)C3(C=C2(C4(=C1(C(NC=C1CC2[NH+](C3)C)=CC=C4)))),3.265
O=C(O)C1(=CNC=C1),4.98
O=C(O)C1(CC(CCC1)C),4.88
P(=O)(O)(C(C)C)C(C)C,3.56
[SeH]CCC[NH3+],6.27
O(C1(=C(O)[NH+]=CN=C1))C,1.75
S(=O)(=O)(NCC[NH+](C)C)C=2(C=1(C(=C(N(C)C)C=CC=1)C=CC=2)),8.33
IC1(=CC(O)=CC=C1),9.02
O=[N+]([O-])C1(=C(NN=C(C#N)C#N)C=CC(=C1)C),6.0
O=C(O)CC[NH2+]CCCCCCCCCC,3.57
O=C(O)C[NH2+]CCC,2.31
O=C1(NOCC1[NH3+]),4.54
OC1(=C(N)C(O)=CC=C1),10.45
O=C(O)C1(=CC(=C(OC)C=C1)C),4.35
O=C(O)C2(=C(C(=O)C1(=CC=C(C)C=C1))C=CC=C2),3.64
O=C(O)C[NH2+]C(C)C,2.35
S1(=O)(CC(=O)CC(C1)=O),3.12
O(C1(=[N+](O)C=CC=C1))CC,1.18
O=C1(N(C(NOC)=CC(N1C)=O)C),10.58
[Br]C#CC(=O)O,1.9
[S+](CC(=O)C1(=CC=C(C)C=C1))(C)C,8.9
O=[N+]([O-])C1(=CC=C(C(C#N)C#N)C=C1),2.35
S1(C(=O)NC(C1(CC)CC)=O),6.42
S(=O)(=O)(N(CC)CC)C1(=C(C(=O)O)C=CC=C1),2.96
O=C(NO)C1(=CC=CC=C1),8.71
S(=O)(C3(=CC(OC)=C(C1(=NC=2(N=CC=NC=2(N1))))C=C3))C,8.94
O=CC,16.76
[Si](CCCC(=O)O)(CC)(C)C,5.02
FC3(=CC1(=C(OCCC12(NC(=O)NC2=O))C=C3)),8.3
OC1(=CC=C(CCN)C=C1),10.13
ON=C1(C(=NO)CCCC1),11.54
ON=C(NO)C,10.75
O=C(O)C(C2(=CC=C(C1(=CC=CC=C1))C=C2))C(O)CC,4.16
OC=2(C=1(C(=C(N)C=CC=1)C=CC=2)),10.3
O=C(O)C1(=C(C(=O)C)C=CC=C1),4.15
O=C1(OCC(=C1O)O),4.4
S1(=O)(=O)(N=CNC2(=C1C=NC=C2)),6.71
FC1(=CC(=C(O)C=C1)CN(CC)CC),9.535
SC1(=[NH+]C=NC(=C1N)N),2.21
OC1(=C2(C(=CC=C1)CCC2)),10.2
FC1(=C(O)C=C(C[NH3+])C=C1),8.0
N=1(N=C(CC)N(C=1CC)N),9.77
O=C2(C1(=C(C=CC=C1)C(C=O)C3(=C2C=CC=C3))),6.0
S(=O)(=O)(N)C1(=CC(=CC=C1)CN),10.14
ClC1(=C(Cl)C(OCC(=O)OCC)=CC=C1S(=O)(=O)C2(=CC(=C(O)C=C2)C[NH3+])),6.67
O(O)C(C)C,12.1
O=C(O)C1(=C(C=CC=C1)C(C)(C)C),3.53
O(C3(=C(C1(=NC=2(N=CN=CC=2(N1))))C=CC(=C3)OC))C,9.92
O=[N+]([O-])C1(=CC(=C(O)C(=C1)C(C)(C)C)C(C)(C)C),6.92
ClCC=CC(=O)O,4.14
ClC=1(N=CNC=1[N+](=O)[O-]),5.9
O=C(O)C1(=CC(O)=C(C)C=C1),4.32
O=C(O)C[NH2+]CC(C)C,2.35
ClC(=NO)C(=O)C,7.9
O=C(OCCC)C1(=CC=C(O)C=C1),8.3
O=C(O)CCC#CC#CCCC[NH3+],4.12
S1(C(=NN=C1C2(=CC=CC=C2))NC(=O)C),8.9
S(=O)(=O)(N)C,10.8
O=CC1(=CC(O)=C(OC)C=C1),8.89
N2(=C(C=1(NC=NC=1N=C2))C),9.21
OC1(=C(N)C=C(C)C(=C1)C),10.4
O=C(C1(=CC=CC=C1))CC2(=NC=CC=C2),12.196666666666665
OC1(=CC=[NH+]C=C1),4.04
O=C(C(C(=O)C)CC1(=CC=C(C#N)C=C1))C,9.69
O=C1(C3(=C(OC(=C1)C2(=C(O)C=CC=C2))C=CC=C3)),8.85
O=C(C(C)C)CC=O,6.68
SCC=1(N=CNC=1),9.54
[Br]C1(=CC=C(S)C=C1),5.8
S1(C(=CC=C1)CC(=O)O),3.85
O=[N+]([O-])C1(=C(NN=C1C)C(=O)O),2.26
O=C(O)C12(C(O)C(C)(C)C(C1)CC2),4.94
PC(C(=O)O)CCC(P)C(=O)O,4.0150000000000015
O=C1(N(C(=O)C=2(N(C)C(NC=2(N1C))=O))C),6.0
IC1(=C(C(=O)O)C=C(C)C=C1),2.95
OC3(=CC=C(C=NC2(=CC=C(C1(=CC=C(N)C=C1))C=C2))C=C3),9.5
OC1(=[NH+]C=NC(=C1N)N),3.57
O(C(=NO)C)CC,11.37
O=C(O)C(C)C,4.76
O=C(O)CC1(=CC=C([NH3+])C=C1),3.49
O=C(N(C)C)C=C(O)C1(=CC=NC=C1),7.32
OC1(=NNC(=C1C)C2(=CC=CC=C2)),7.6
OC1(=C(C(=CC=C1)C(O)C)CO),9.9
O=C(O)C1(=CON=C1),3.39
N1(=NNC(=N1)C2(=CC(=CC=C2)C)),4.15
S(=O)(=O)(N)C1(=CC=C(F)C=C1),9.34
O=C(O)C([NH3+])CN1(N=CC=C1),2.2
OC=1(NN=C(C=1CCCCCCC)C2(=CC=CC=C2)),9.2
O(C1(=NC(N)=C2(NC=NC2(=N1))))C,10.0
O=[N+]([O-])C([N+](=O)[O-])C(C)(C)C,8.24
O=C(O)C2(=CC(C1(=NN=NN1))=CC=C2),3.74
S(=O)(=O)(NC1(=CC(=CC=C1)C(F)(F)F))C2(=CC=CC=C2),7.63
O=C(O)C3(=CC1(=C(OC(=C1C)CN2(C=[NH+]C=C2))C=C3)),3.91
O=C(O)COC1(=C(C=CC=C1)C),3.17
O=C2(OC1(=C(C=CC=C1)C(C2CC3(C(=O)OC=4(C=CC=CC=4(C3=O))))=O)),5.5
SC(=O)C,3.71
[Br]C1(=C(C(=O)O)C=C(C)C=C1),3.0
OC1(=C(C=C(C)C=C1C[NH3+])C[NH3+]),7.0
ClC2(=CC=C(NC(=S)C1(=CC=C(Cl)C=C1))C=C2),10.25
O[N+]1(=CC=CC=C1),0.77
OC(C1(=NC=CC=C1))C2(=CC=CC=C2),12.85
OC(C#N)=C(C#N)C#N,1.9
OC=3(C2(=[NH+]C=1(C(=CC=CC=1)C(=C2C=CC=3)N))),7.05
O=C(C1(=CC=CC1))C,8.84
O(C1(=C(C(OC)=CC=C1)C2(=NC=3(N=CC=CC=3(N2)))))C,11.26
O=C1(N(C(=O)C(N1)=CC2(=CC=CC=C2))C),9.6
O=C(O)C=C=C,3.96
O=C(O)C1(=C(C=C(O)C=C1)C),4.71
O[N+](C1(=C(C=CC=C1)C))(C)C,4.78
O=C(O)C1(=CC=C(CO)C=C1),4.18
O=C(O)C(C[NH3+])C,3.53
OC=2(C1(=NC=CC=C1C3(=NC=CC=C3(C=2)))),8.5
O=C(O)C=CCCC,4.71
S2(C1(=C(C=CC(=C1)O)N=C2)),9.21
O=C(O)C(=O)C(C)(C)C,2.3
O=[N+]([O-])NCC,6.39
[Br]C(C(=O)O)C,2.97
O=C(OO)C1(=CC=CC=C1),7.3
SC(=O)C1(=CC=C(OC)C=C1),2.79
O=C(O)C1(=C(OCC)C=CC=C1C),3.51
O=C(O)C([NH2+]CCC)C,2.21
O[N+]1(=C([O-])C=CC=2(C1=CC=CC=2)),6.88
O=C2(OC1(=C(C(=CC=C1)C)C(=C2)O)),4.2
S(=O)(=O)(NC1(=NC=CC=N1))C2(=CC=CC=C2),5.91
S(C(C(=O)O)C)C(C)C,3.78
O=[N+]([O-])C2(=CC(=C(C(=O)C1(=CC=CC=C1))C=C2)C(=O)O),2.86
OC=1(N(N=C(C=1CCC)C2(=CC=CC=C2))C3(=CC=CC=C3)),7.0
O=C(O)C(C(=O)N)(C(=C)C)C,3.42
O=C(O)C#CC1(=CC=CC=C1),2.26
O(C2(=CC(C1(=NN=NN1))=CC=C2))C,3.91
OC=1(N(N=C(C=1CCCCCC)C2(=CC=CC=C2))C3(=CC=CC=C3)),7.4
O=C(O)C=CC1(=CC(=CC=C1)C),4.44
O(C2(=CC=1(N=NN(C=1C=C2)O)))C,5.07
OC=1(NN=C(C=1CCC)C2(=CC=CC=C2)),8.0
ClC1(=CC(=CC=C1)C=CC(=O)O),3.71
O=C(O)C1(=C([O-])[NH+]=CC=C1),5.28
N=2(C(C1(=CC=CC=C1))=CNC=2),13.48
OC=2(C1(=NC(=C(C)C=C1C=CC=2)C)),10.2
[Br]C1(=C(ON=C1C2(=CC=CC=C2))O),2.3
O=C(O)C2(C1(=NN=NN1C(C)CCC2)),3.3
OC(=C(C(=C)C)C)C,12.01
O[N+](C)(C)C,4.65
O=C1(NC(=O)C(N1)=CC2(=CC=CC=C2)),8.6
OC2(=CC=C(N=NC1(=CC=CC=C1))C=C2),8.44
O=C(C1(=NNC(=C1)C(=O)C))C,8.98
OC(C)(C)C,17.03
ClC=1(C=2(C(C(O)=CC=1)=CC=CC=2)),8.64
ClC1(=C(NN=C(C#N)C#N)C=CC=C1),5.84
O=C1(N(CCC(N1)=O)C),11.86
S=C(S)NC1(CCCCC1),2.95
O=C(O)C12(CCC(C1)C2),3.96
P(=O)(OC2(=C(C1(=C(OC(CCCC(CCCC(CCCC(C)C)C)C)(C)CC1)C(=C2C)C))C))(O)[O-],9.44
S(=O)(=O)(NC1(=NC(=C(C)C=N1)C))C2(=CC=C(N)C=C2),6.0
OC2(=C(C=C(C1(=CC=CC=C1))C=C2C[NH+](C)C)C[NH+](C)C),5.65
O=C(C=NO)CC,8.37
O3(C(N2(C1(=NC(=[NH+]C(=C1N=C2)O)N)))C(O)C(C3CO)O),1.9
OC1(=C(C(=CN=C1C)CO)C[NH3+]),8.02
O=C(O)CCC[N+]1(CCCCC1)(C),4.11
S1(C(=NC=C1)NP(=O)(OCC)C2(=CC=C([N+](=O)[O-])C=C2)),8.7
ClC1(=COC(=C1)C(=O)O),2.69
O=[N+]([O-])C1(C(=O)OCC1=O),1.68
O1(C(O)C=2(C(O)=C(C)N=CC=2(C1))),8.75
O=C(O)C(O)(C1(=CC=CC=C1))C,3.53
O=C(O)C(CC)(C)C,5.03
S1(C(C(=O)O)CCC1C(=O)O),3.32
S=C(NC1(=CC(F)=CC=C1))C2(=CC=CC=C2),10.29
S(=O)(C1(=CC(O)=CC=C1))C,8.75
S1(C(C(=O)O)=CN=C1C),3.26
O=C(O)COCC,3.61
O(C1(=C(OC)C=CC(=C1)C=NO))C,10.85
N2(=C1(NC=CC1=CC=C2)),12.1
O=C(N)C1(=NC=CC=C1),12.12
SC(C)(C)C,11.14
O=C(O)C2(C(C1(=CC=C(C)C=C1))C2),4.6
O=C(NN)CC#N,11.08
ClC1(=C(C=C(O)C(=C1)C(C)C)C),9.98
OC1(=C(C=C(C)C(=C1)C)C(C)C),10.79
ClC1(=CC([N+](=O)[O-])=C(O)C=C1),3.5
O=C(OO)CCCCCCCC,8.23
S(=O)(=O)(NCCC(=[NH2+])N(C)C)C1(=CC=C(C)C=C1),9.84
ClC1(=CC(=CC=C1)C([N+](=O)[O-])C),7.05
O2(CCN(C1(=NC(=NC(=C1)N)N))CC2),-0.35
FC1(=CC(C(=O)O)=CC=C1),3.9
O=C(C1(=CC(=CC=C1)C(C(=O)O)C))C2(=CC=CC=C2),4.2
O=C(O)C(C2(=CC=C(C1(=CC=CC=C1))C=C2))C(O)C3(=CC=C(C)C=C3),4.24
[Br-].O=C(N)C1(=C[N+](=CC=C1)CCC#N),13.16
O=C(O)C3(OC(OC=2(C1(=[NH+]C=CC=C1C=CC=2)))C(O)C(C3O)O),3.01
OC=1(N(N=C(C=1CC=C)C)C),10.5
O=C(OCC)C1(=CC(O)=CC=C1),9.05
S(=O)(=O)(NC(=O)N)C1(=CC=C(N)C=C1),5.41
O=C(NO)CCCCCC,9.62
O=C(O)C1(=CC=C(C(C)C)C=C1),4.31
O=C(OC)C=C(O)C,9.48
OC1(=CC(=C(C#N)C(=C1)C)C),8.21
SC1(=CC([N+](=O)[O-])=CC=C1),5.24
O=C(NN)C1(=CN=CC=C1),11.5
O=C3(OC2(=C(C=C(C1(C=CC(C)(C)CC1)(C))C(=C2)O)C=C3)),8.12
O=C(O)C(C2(=CC=C(C1(=CC=CC=C1))C=C2))C3(O)(CCCC3),3.65
O=C(O)CC(C#N)(C1(=CC=CC=C1))C,3.99
O=[N+]([O-])C1(=C(C(=O)O)C=CC=C1),2.23
O=[N+]([O-])C1(=C(C=CC(=C1)N)B(O)O),9.64
O=C(O)CCC(C)(C)C,4.83
S(=O)(=O)([O-])C=1(NC(=O)NC(C=1)=O),7.26
ClC1(=C(O)C(Cl)=CC=C1),6.8
O=C(O)C1(CC(C(=O)O)CC1),4.88
S(=O)(C=1(NN=NC=1))CC2(=CC=CC=C2),6.09
OC=2(C(C1(=[NH+]CCN1))=CC3(=CC=CC=C3(C=2))),7.01
ClC1(=NC=NC2(=C1NC=N2)),7.75
O=C(O)C1(=[N+]([O-])C(C)(C)CC1),2.8
N1(=NC=2(C=CC=CC=2(N1))),8.39
OC=1(N(N=C(C=1C)C)C2(=CC=CC=C2)),11.3
[Se](=O)(O)C2(=C(C1(=CC=CC=C1))C=CC=C2),4.67
ClC=1(SC(CC(=O)O)=CC=1),3.89
O=C(O)C(O)C[NH3+],2.78
O=C(O)C2(=CC=C(C1(CC1))C=C2),4.42
OC1(=C(C=C(CC)C(=C1)C)C(C)C),10.91
O=C(N(O)C)C1(=CC=C(C)C=C1),8.5
[Br]C1(=C(C(=O)O)C=CC=C1),2.93
O=C(O)CN(C(=O)C)C,3.16
O=C(O)CC([NH3+])C1(=[NH+]C=CC=C1),1.3
ClC1(=C(C(=CC=C1)C)C(=O)O),2.59
S(=O)(=O)(NC(=O)N)CC(=O)NC,4.89
S(C(=NC)C1(=CC=CC=C1))C,6.42
O1(C(=CC=C1)C=NO),10.835
S(C1(=NC(NC)=C2(C=NNC2(=N1))))C,11.4
O=C(O)C(C1(=CC=CC=C1))CO,4.23
ClC(=NO)C(=O)O,1.5
OC2(=CC=1(NN=CC=1C=C2)),9.35
O=C(NCC1([NH+](CCC1)CC))C2(=C(OC)C(=CC(=C2O)CC)CC),7.24
O=C(O)C(=O)C1(=C(C=C(C)C=C1C)C),1.34
O=C(N)C(NC=O)CCC(=O)O,4.3
OC2(=CC1(=[N+](C=CC=C1C=C2)C)),5.56
O=C2(OC1(=C(C=C(O)C(=C1)O)C=C2)),7.63
N#CC(=NNC1(=C(C=CC(=C1)C)C))C#N,6.75
S(=O)(=O)(N)C1(=CC(=C(C)C=C1)C),9.62
N3(=C(C1(=NC=2(C=CC=CC=2(N1))))C=CC=C3),12.05
ClC1(=CC(=C(O)C=C1)C[NH+](C)C),8.02
O[N+]1(=C(C=C(N(C)C)C=C1)C),4.37
O=C(O)C=1(OC=2(C=CC(=CC=2(C=1))CN3(C=[NH+]C=C3))),2.38
O=C(O)C1(=C(C=CC(=C1)C)C),3.97
S2(C1(=C(C=C(C(=O)O)C=C1)C=C2CN3(C=[NH+]C=C3))),3.9
O=C(C1(=C[N+](O)=C([O-])C=C1))C2(=CC=CC=C2),5.13
[Br]C2(=CC=C(OC1(OC(C(=O)O)C(O)C(C1O)O))C=C2),3.02
[Br]C1(=CC(=C(O)C=C1)C=O),7.4
N1(=NC=2(C=C(C)C=CC=2(N1))),8.9
O=C(O)C1(=C(C(OC)=CC=C1)C),3.72
ClC4(=CC=C(OC(=O)C2(C1(=C(C=CC=C1)C3(=C2C=CC=C3))))C=C4),10.32
S(C1(=NC=2(C=C3(CCCCC3(=CC=2(N1))))))C,13.0
O=[N+]([O-])C1(=CC(=C(O)C(=C1)CC)CC),7.73
O=C(O)C1(=CC=C(OC)C=C1),4.45
O=C(O)CC#CC#CC,3.23
O=C(O)CC[N+]1(CCCCC1)(C),3.43
S(=O)(O)C1(=CC=CC=C1),1.72
[Br]C2(=CC=1(C(=CC(O)=CC=1)C=C2)),9.2
N2(=C1(N=CNC1=CN=C2)),8.92
O=C(O)CCCCCCCC1(=[NH+]C(=CC=C1)C),4.6
O(C1(=C(OC)C=C2(CC3(C=4(C(O)=C(OC)C=CC=4(CC(C2(=C1))N3(C)))))))C,9.85
S(=O)(=O)(O)C1(=CC(=CC=C1)C(F)(F)F),-6.93
[SeH]CC[NH3+],5.0
OC1(=NNC(=C1)C),10.9
ClC1(=CC(NN=C(C#N)C#N)=CC=C1),6.0
O=C(OC)C(=NO)C1(=CC=CC=C1),8.87
S(=O)(=O)(NC1(=CC(C(=O)C)=CC=C1))C(F)(F)F,3.75
FC(C(=O)O)=C,2.55
O1(N=C2(CC[NH2+]CCC2(=C1O))),3.3
O(CCO)C,14.88
O=C(O)C(C(=O)N1(CCCCC1))CC,3.86
ONC1(=CC=CC=C1),10.68
S=C(OCCCC)NC(=O)C,9.25
O=C(O)C1(=C([NH3+])C=CC=C1),2.08
O=[N+]([O-])C1(=CC=C(NN=C(C#N)C#N)C=C1),5.5
SCC(=O)N,8.22
[Se-]C1(=[NH+]C(O)=CC=N1),7.18
S(C1(=[N+](C(O)=CC=N1)C))CC,0.9
OC=2(C1(=NC=C(C)C(=C1C=CC=2)C)),10.05
O=C(O)CCCCCCCCCCCCCC,5.01
ClC1(=C(C=CC=C1)C(C2(=CC=CC=C2))CC(=O)O),4.7
O=C(NCCC[NH2+]C)C=NO,8.61
O=C(NC1(=CC=C(C)C=C1))CC(=O)C,10.15
ON=C1(C(=NO)CCCCC1),11.5
[Br]C1(=C(O)C(=O)C=C(C=C1)C(C)C),6.28
S=C(NC1(=CC=C([N+](=O)[O-])C=C1))C,9.89
O=C(C1(=C(O)C=CC=C1))C2(=CC=CC=C2),9.3
O=[N+]([O-])C2(=CC=C(C1(=NN=NN1))C=C2),3.08
O=C(OO)CCC,8.2
S(C(C(=O)O)=C)C1(CCCCC1),3.4
ClC1(=C(O)C(=CC(=C1)Cl)C[NH+]2(CCOCC2)),5.67
N1(=C(N=C2(N=CNC2(=C1N)))N),10.77
OC3(=C1(C(C=2(C(O)=CC=CC1=2))=CC=C3)),9.16
O=C(C=1(NN=C(C=1)C(=O)C))C(C)(C)C,9.7
ClC1(=C([N+](=O)[O-])C=C(C(=O)O)C=C1),3.33
O(C1(=[N+](O)C=CC=C1))C,1.23
O=C(C1(=CC=C(OC)C=C1))C2(=NNC=C2),12.09
O=[N+]([O-])C=1(C=2(C(C(O)=C(C=1)C[NH+](CC)CC)=CC=CC=2)),2.82
O=C1(NC(=O)C(N1)CC2(=CC=CC=C2)),9.03
[Si](C1(=CC(C(=O)O)=CC=C1))(C)(C)C,4.24
OC2(=CC=1(C(=CC=NC=1)C=C2)),8.88
OC=1(NN=C(C=1C2(=CC=CC=C2))C),11.4
O=C1(N(C(N)=[NH+]C1CC(=O)O)CCCC([NH3+])C(=O)O),2.56
ClC1(=CC=C(C(=O)NC(=S)N(CC)CC)C=C1),8.0
N1(=C(N=CC2(=C1N=CN2))N(C)C),10.22
OC,15.52
S(=O)(=O)(NC1(=CC=C(S(=O)(=O)C)C=C1))C(F)(F)F,2.84
O=C(O)C1(O)(CCCCCC1),4.04
N2(=C(N(C)C)C=1(NC=NC=1N=C2)),10.5
S(C1(=CC(=CC=C1)C))CC(=O)O,3.52
O=C(OCC)CC1(=NC=2(C=CC=CC=2(N1))),13.1
O=C(O)C#CC#CC,1.94
O=C(O)C1(=C[N+](=CC=C1)C),2.29
ClC1(=C(O)C(=CC(=C1)Cl)C),7.85
O=C(N)C1(NCCC1),8.82
O=C(OC)C=C(O)C1(=CC=NC=C1),7.51
ON=C(NO)CC1(=CC=CC=C1),10.7
O[N+]2(=CC=C(C=CC1(=CC=C([NH+](C)C)C=C1))C=C2),1.05
FC1(=C(C(=O)O)C=C([N+](=O)[O-])C=C1),2.73
N1(=NNC(=N1)C[NH3+]),2.62
ClC1(=C([N+](=O)[O-])C=CC=C1C(=O)O),2.02
O=NCC(=O)C1(=CN=CC=C1),7.8
O=C(O)CN1(N=NN=C1C2(=CC=CC=C2)),2.11
OC1(=C(C=CC=C1)CO),9.92
O=C(NN)C1(=CC=CC=C1),12.45
S=C1(NC=2(C=CC=CC=2(N1))),10.24
[Br]C1(=C(C(C(=O)O)=CC=C1)C),3.36
[Se](O)C1(=C([N+](=O)[O-])C=C(OC)C=C1),10.71
O=C(O)C=1(C=3(C([NH+]=C2(C=1C=CC=C2))=CC=CC=3)),3.0
O=[N+]([O-])C1(=C(C=CC=C1)C(O)C(=O)O),3.15
OC=1(N(N=C(C=1)C2(=CC=CC=C2))C3(=CC=CC=C3)),12.2
O=C1(NC(=NO)C(=O)C=C1),8.4
S(C=CC(=O)O)C1(CCCCC1),4.825
N1(=CNC=C1),14.47
S=C1(SSC(=C1)C2(=CC=C(O)C=C2)),7.86
O=C(O)C1(=NN=CC=C1),3.0
S(=O)(=O)(NC)C(F)(F)F,7.56
O=C(O)C=C(C#N)C1(=CC=CC=C1),3.07
[70SH]C(C1(=CC=CC=C1))=CC(=O)NC2(=CC=CC=C2),4.51
[Se](O)C1(=C([N+](=O)[O-])C=C(C)C=C1),10.71
O=C(O)C5(C(C(C4(C2(C(C1(C(O)CC3(CC(O)CCC3(C1CC2)(C))))CC4)(C)))C)C5),5.01
P(=O)(CCCCCCC)(CCCCCCC)CCCCCCC,12.81
O=[N+]([O-])C2(=C1(C(=O)NC(C1=CC=C2)=O)),8.8
O=[N+]([O-])C1(=C(C=C(O)C=C1C)C),8.25
OC3(=CC2(=C(C1(=CC=CC=C1))C=CC=C2C=C3)),9.38
ON=C(C#[N+][O-])C,8.8
O=C(OCC1(=CC=CC=C1))C2(=CC=C(O)C=C2),8.31
O=C(O)C2(=CC=C(C1(=NN=NN1))C=C2),3.63
O=C1(NC(C(=O)O)C(C1)C(=O)N),3.0
O=CNO,8.77
O=[N+]([O-])C1(=C(O)C=CC(=C1)O),8.765
O=C1(C(O)=C(C=CC=C1)C),7.92
N1(=NNC(=N1)CC[NH2+]CC[NH2+]CCC2(=NN=NN2)),3.6
O=C(O)CCCC=O,5.02
O=[N+]([O-])C2(=CC(C1(=NN=NN1))=CC=C2),3.25
[Br]C1(=CC(=C(O)C=C1)C[NH+](C)C),7.58
OC1(=CC=C(O)C=C1),10.75
O=C1(NC(=O)CN1),9.12
OC1(=C(C=CC=C1)CN(C)C),10.96
O=[N+]([O-])CC#N,4.86
O=C([O-])C1([NH2+]CC(C1CC(=O)O)C(=CC=CC(C(=O)O)C)C),3.583333333333333
O=[N+]([O-])C1(=CC=C(C(=O)N(O)C)C=C1),7.92
O=C(O)C(C#N)C,2.37
N2(=C(NC)C1(=C(NN=C1)N=C2C)),11.27
[Br]C1(=C(O)C([Br])=CC(=C1)[N+](=O)[O-]),3.7
O=C(N)C=C(O)C,9.46
S=C1(N(C(=O)C2(N1)(CCCCC2))C),11.23
O=C(OC)CC(=NO)C(=NO)C,10.66
S1(=O)(CN(C(=O)C)C(C1)C(=O)O),2.5
[Br]C3(=C([Br])C([Br])=C4(C(C1(=CC(=C(O)C=C1)C))(C2(=CC(=C(O)C=C2)C))OS(C4(=C3[Br]))(=O)=O)),7.53
O=C(CC(=O)C)CC(C)C,9.07
S(C1(=C(C(=O)O)C=C([N+](=O)[O-])C=C1))C2(=CC=CC=C2),3.22
S(=O)(=O)(NC=1(SC=CN=1))C2(=C(C=C(N)C=C2)C),7.3
ClC=1(SC(C(=O)O)=CC=1),3.41
S=C(OC)C2(C1(=C(C=CC=C1)C3(=C2C=CC=C3))),7.4
O(C1(=CC=[N+](O)C=C1))CC2(=CC=CC=C2),1.99
O=C(O)C1(=C(O)C=CC=C1C),3.35
O1(N=C2(C(=NO)CCCC2(=N1))),8.78
O=C(O)CCCCCCCCCC[NH3+],4.62
OC1(=[NH+]C(=CN=C1CC(C)C)CC(C)C),1.7
O=C(O)C1(=CC(OCCCC)=CC=C1),4.25
OC1(=[NH+]C=2(C=CC=CC=2(N1))),-1.7
[Br]C1(=C(O)C=CC=C1),8.4
FC1(=CC=C(C(=O)O)C=C1),4.16
O=C(NO)CC1(=CC=CC=C1),9.26
ClC1(=C(O)C(=C(OC)C(=C1)CC)C(=O)NCC2([NH+](CCC2)CC)),6.91
O=C(N)C(N)CC1(=CC=CC=C1),7.295
S(=O)(=O)(NCCC(=N)NC)C1(=CC=C(C)C=C1),11.9
O=C(O)C(C2(=CC=C(C1(=CC=CC=C1))C=C2))C(O)(C)C,3.76
ClC2(=C(Cl)C(C(=O)C1(=CC(=C(O)C=C1)C[NH3+]))=CC=C2OCC(=O)OCC),6.38
ON=CC1(=NC=CC=C1C),10.5
O=C(O)C1(O)(CCCC1),4.11
O=CCC=O,4.57
S=C1(SCC(N1)=O),6.48
IC1(C(=O)OCC1=O),2.31
O(C1(=C(O)C(=CC=C1)CN))C,11.06
O=C(O)C=C=CC1(=CC=CC=C1),3.7
S(CC(=O)O)C,3.67
O=C(O)CCC,4.8
O=C(O)C1(C(C(=O)C)CC=CC1),4.4
O=C(O)C=CC1(=CC(OC)=CC=C1),4.38
FC(F)(F)C1(=C(NN=C(C#N)C#N)C=CC=C1),5.0
O=C(NN)C1(=C(N)C=CC=C1),12.8
O=C(N(C)C)CC(=O)C1(=CC=NC=C1),7.75
S1(C(=NC2(=C1C=CC=C2))NC(C3(=NC=CC=C3))C5(=C(O)C4(=NC=CC=C4C=C5))),10.94
[Br]C1(C(C(=O)O)C1),4.09
O=C1(C4(=C(OC3(=C1C=C(OC2(OC(C(=O)O)C(O)C(C2O)O))C=C3))C=CC=C4O)),3.94
S=C(NC1(=CC=C(OC)C=C1))C2(=CC=C(OC)C=C2),11.85
S(=O)(O)CC1(=CC=CC=C1),1.86
O=C(N)C(C1(=CC=CC=C1))CC(=O)O,4.23
PCCCC(=O)O,4.53
[Se](C1(=C([N+](=O)[O-])C=CC=C1))CC(=O)O,3.45
[Br]C2(=CC=C(NS(=O)(=O)C1(=CC=CC=C1))C=C2),7.78
S(=O)(O)C1(=CC=C([N+](=O)[O-])C=C1),1.86
N2(=C1(N=NNC1=CN=C2)),4.88
OC1(=NNC(=C1CC2(=CC=CC=C2))C3(=CC=CC=C3)),7.7
O=[N+]([O-])C=2(C=1(C(=NC=CC=1)C(C(=O)O)=CC=2)),1.41
O=C1(N(O)C(=O)C2(C1CCCC2)),6.0
O=[N+]([O-])C1(=CC=C(C(C(=O)O)=CC(=C)C)C=C1),4.4
[Br]C3(=CC=2(C1(=C(C=CC=C1)C(C=2C=C3)[P+](C4(=CC=CC=C4))(C5(=CC=CC=C5))C6(=CC=CC=C6)))),7.53
IC2(=CC1(=C(CC(=O)CC1)C=C2)),12.36
O2(N=C3(CC[NH+](CC1(=CC=CC=C1))CCC3(=C2O))),3.3
OC2(=CC=1(NC=3(C(=NC=CC=3(C=1C=C2))C))),9.47
N1(=C(C=C(C)NC2(=C1C=CC(=C2)C))C),5.8
ClC2(=CC=C(C(=O)C1(=NNC=C1))C=C2),11.87
ClC2(=CC=1(C(=CC(O)=CC=1)C=C2)),9.31
OC1(=C(O)C=CC=C1C),9.28
S(C1(=NC=NN1))CC2(=CC=CC=C2),9.5
O=C(O)C1(CCC([NH3+])CC1),4.26
O=C1(N(C(=O)C=2(C=NNC=2(N1C)))C),9.26
O=C(NO)C1(=C(OCC[NH+](CC)CC)C=CC=C1),8.42
S(=O)(=O)(NC2(=NN(C1(=CC([N+](=O)[O-])=CC=C1))C=C2))C3(=CC=C(N)C=C3),7.03
O=C(O)C1(CCCC1),4.99
O=C(C=NO)C=C(C)C,8.9
SC1(=CC(OC)=CC=C1),6.39
O=[N+]([O-])C=1(OC(C(=O)O)=CC=1),2.06
O=C1(NC(=O)C2(C1CCC2)),9.53
N3(=C(NCCC1(=CC=CC=C1))C=2(NC=NC=2N=C3)),10.1
FC1(=CC(=C(O)C=C1)C[NH+](C)C),8.12
O=[N+]([O-])N(C1(=NC([N+](=O)[O-])=NN1))C,3.12
O=C(O)C1(=[NH+]C=CC=C1),1.25
O=C(O)C(C2(=CC=C(C1(=CC=CC=C1))C=C2))C(O)C3(=CC(=CC=C3)C),4.17
ClC1(=CC(=CC=C1)C[N+](=O)[O-]),6.63
O=C(O)C1(=[NH+]C(=CC=C1)C),0.9
N1(=NNC(=N1)CC[NH+](C)C),4.59
O(C1(=CC=C(C=NO)C=C1))C,10.98
O(C2(=CC=1(C(=CC(O)=CC=1)C=C2)))C,9.64
[S-]C1(=NC(=NC2(=C1NC=N2))N),11.6
OC2(=NN(C1(=CC=CC=C1))C(=C2)C3(=CC=CC=C3)),12.9
O=C(C=NO)C=NO,7.65
O=C(O)C2(=CC=C(N=CC1(=CC=CC=C1))C=C2),4.47
O=[N+]([O-])C1(=C(C=CC(=C1)C#N)CC#N),11.43
ClC2(=CC=C(NC(=S)C1(=CC=C(C)C=C1))C=C2),10.8
O=C(O)C1(=CC(OC)=C(O)C(=C1)OC),4.2
[Br]C=1(C=CC(=O)C(=CC=1)O),6.32
O=C(O)CC1(O)(C2(CC(C1)CC2)),4.5150000000000015
OC1(=C(C=CC=C1C)C(C)C),10.85
S1(C([N+](=O)[O-])=CC=C1C(=O)O),2.68
OC(C1(=CN=CC=C1))(C2(=CC=NC=C2))C3(=CC=NC=C3),11.9
O=C(O)CCCC(C#N)C1(=CC=CC=C1),4.64
N=2(C1(=C(C=CC=C1)NC=2)),12.63
O=C(NO)CCC,9.48
O=[N+]([O-])C(CC([N+](=O)[O-])C)(C)C,8.95
OC1(=CC=C(CO)C=C1),9.82
O=C1(OC=C(C(=O)O)C=C1),3.26
S1(C(C(=O)O)=CN=C1),2.99
O(C1(=C(C=CN=C1)C(O)O))C,11.7
O(C1(=CC(N)=C(O)C=C1))C,10.0
O=C(O)C=CCC[NH3+],3.83
O=[N+]([O-])C1(=CC(=CC=C1)C=CC(=O)O),3.855
O=C(O)C1(=C(C2(C=CC1C2))COC),4.59
[Br]C2(=CC=C(NC(=S)C1(=CC=C(Cl)C=C1))C=C2),10.24
O=C(C2(=CC=[N+](CC1(=CC=C(C)C=C1))C=C2))CC3(=CC=CC=C3),8.91
O=C(NCCCCCCCC[NH+](C)C)C=NO,8.97
O=[N+]([O-])C1(=CC(=C(C)C=C1)C(=O)O),3.17
O=C(NCCC[NH+](CC=C)C)C=NO,8.48
OC1(=C(C(=CC=C1)C)C),10.51
O=[N+]([O-])C2(=CC1(=C(CC(=O)CC1)C=C2)),10.09
O=C(C1(=CC=[N+](C)C=C1))C2(=CC=CC=C2),12.25
O=C(NO)C1(=C(OC)C=CC=C1),8.9
O=C(C1(=CC=CC=C1))C(=NO)C2(=CC=CC=C2),9.4
SCC(=O)OC,7.57
SC1(=[N+](C=CC=2(C1=CC=CC=2))C),-2.13
S(=O)(=O)(NC(=O)NCCCC)C1(=CC=C(C)C=C1),5.3
O=C(O)C1(=CC(=[N+](O)C(=C1)C)C),-0.01
OC=1(N(N=C(C=1CCCC)C)C2(=CC=CC=C2)),11.4
O=C1(NCC(=O)NC1CCC(=O)O),4.36
ClC=1(SC(C(=O)O)=CN=1),3.0
OC1(=NC=2(C=C3(CCCCC3(=CC=2(N1))))),12.21
OC1(=[NH+]C(O)=CC(=[NH+]1)C),1.2
O=[N+]([O-])C1(=C(O)C=CC(=C1)[N+](C)(C)C),5.03
S(=O)(=O)(NC1(=CC=CC=C1))C2(=CC=C([N+](=O)[O-])C=C2),7.41
O2(C([N+]1(=C(O)N=C(N)C(=C1)CO))CC(C2CO)O),3.55
O=C1(CC(=O)CC1),4.5
OC1(=C(C=C(O)C=C1)C),10.945
O=C(O)CCC[NH2+]C,4.03
[Se](=O)(O)C2(=CC=1(C(=CC=CC=1)C=C2)),4.67
OC2(=[NH+]C=1(C(=CC=CC=1)C=C2)),0.31
S(=O)(=O)(N)C=1(SC(N)=NN=1),7.69
OC2(=CC=1(C(=CC=[N+](C=1)C)C=C2)),7.09
OC2(=CC=C(N=NC1(=CC=NC=C1))C=C2),7.73
FC(F)(F)C1(=NNC(=C1)C(F)(F)F),7.51
O=C(O)C([NH3+])C(C)C,2.365
O=[N+]([O-])CCO,9.4
O=CC1(=C(O)C(OC)=CC=C1),7.91
O=NC(=NO)CC1(=CC=CC=C1),5.3
SC=1(OC=NN=1),3.85
O=C([O-])CCC1(=NC=2(C=CC=CC=2(N1))),13.1
S=C(N)C(=S)N,10.89
O=C(O)C=CC1(=CC=C(C)C=C1),4.56
O=[N+]([O-])C([N+](=O)[O-])C(C)C,6.75
O=C(N(C)C)C1(=NC=NC2(=C1NC=N2)),7.9
O=C(C1(=CC=CC=C1))C=NO,8.31
OC=1(N(N=C(C=1CCCC)C2(=CC=CC=C2))C3(=CC=CC=C3)),7.2
O=[N+]([O-])C(CO)CO,9.07
O=C(O)C=CC(C)C,4.7
S(=O)(=O)([O-])C=3(C(O)=C(N=NC2(=CC=1(N=CNC=1C=C2)))C4(=CC=C(C=C4(C=3))S(=O)(=O)[O-])),9.8
O=C(O)C2(OC(OC1(=CC([NH3+])=CC=C1))C(O)C(C2O)O),2.97
OC=1(N(N=C(C=1C(C)C)C)C2(=CC=CC=C2)),11.6
ClC4(=CC=3(N=C(C=1(C(=O)OC=2(C=C(O)C=CC=2(C=1C#N))))OC=3C=C4)),6.0
S(SCC(N)C(=O)N)CC(N)C(=O)N,6.41
IC(S(=O)(=O)N)(F)F,6.79
ClC1(=NN=NN1),2.07
S=C1(NC(=O)C(N1)(C)C),8.71
OC2(=CC=1(N=CN(C=1C=C2)C)),9.85
O[N+]=1(C=3(C([N+]([O-])=C2(C=1C=CC=C2))=CC=CC=3)),-1.62
S1(C(=CC=C1)CCC(=O)O),4.34
O=C(O)C1(CC([NH3+])CCC1),3.775
FC1(=C(O)C(=CC=C1)C[NH+](CC)CC),7.26
S(CC(=O)O)CCC1(=CC=CC=C1),3.8
O=[N+]([O-])C1(=C(O)C=CC(=C1)C2(=CC=CC=C2)),6.73
O=C(N)C(N)C,8.02
ClC4(=CC(OC(=O)C2(C1(=C(C=CC=C1)C3(=C2C=CC=C3))))=CC=C4),10.24
O=C(O)CCCCCCC[NH3+],4.5
O=C(NC1(=CC(O)=CC=C1))C,9.38
O=C([O-])C1(=C(O)C=CC=2(C1=CC=CC=2)),10.92
OC2(=C(N=NC=1(C(=NNC=1N)N))C=CC=C2),8.22
OC1(=NNC(=C1CCCCCCCCC)C2(=CC=CC=C2)),10.6
O=C(NC1(=CC=CC=C1))CC(=O)C2(=CC=CC=C2),9.54
O=C(O)C([NH3+])CC=2(C1(=C(C=CC=C1)NC=2)),2.34
O=C(N)C(=NO)C#N,5.12
O=C(O)C#CC#CCC,1.91
O=C(O)C(C2(=CC=C(C1(CCCCC1))C=C2))C(O)C3(=CC=C(C)C=C3),4.18
S1(C(=CC(=C1)C(=O)O)C),4.24
ON=CC1(=NC(=CC=C1)C),10.0
O=C1(CC(=O)CC2(C1)(CCCCC2)),5.2
O=C(O)C=CC1(=CC=C(OC)C=C1),4.315
O=C(C(=NO)C[NH+]1(CCCCC1))C,7.05
O=C(O)C2(=CC(OC1(=CC=CC=C1))=CC=C2),3.95
OC1(=[NH+]C(=NC2(=C1N=CN2C3(C=CC(C3)CO)))N),3.15
IC2(=C(O)C1(=NC=CC=C1C(=C2)Cl)),7.9
ClC1(=C(O)C(=CC=C1)C=O),6.61
S=CNC1(=CC(=CC=C1)C),11.55
O=[N+]([O-])C1(=CC(=C2(N=NN(C2(=C1))O))C),3.43
S1(=O)(=O)(CN(C(=O)C)C(C1)C(=O)O),2.23
[P+](C1(=CC(=CC=C1)C))(C2(=CC(=CC=C2)C))(C3(=CC(=CC=C3)C))C5(C4(=C(C=CC=C4)C6(=C5C=CC=C6))),9.55
S=C1(NC=2(C=C3(CCCCC3(=CC=2(N1))))),10.43
O=C(O)CCCCC[N+]1(CCCCC1)(C),4.44
O=C1(OCC(N1)=O),5.84
O=C([O-])C1(=C(C(O)=C(O)C(=C1C[NH+](C)C)O)C[NH+](C)C),6.95
O=C(O)C([NH3+])CC1(=C[NH+]=CC=C1),1.69
O=C(O)C1(OC(OC)C(O)C(C1O)O),3.55
O=C(O)CC(=O)N,3.61
OC=2(C1(=NC=CC=C1C=CC=2)),9.77
O=[N+]([O-])C1(=CC=C(C(=O)N[N+](C)(C)C)C=C1),3.11
OC1(=CC=[N+]([O-])C=C1),5.76
SC=2(C=1(C(=[N+](C=CC=1)C)C=CC=2)),3.22
O=C(C1(=CC=C(O)C=C1))C2(=CC=CC=C2),8.01
S=CNC1(=CC=C(C)C=C1),11.64
ON=C(NO)C1(=CC=CC=C1),10.7
O=[N+]([O-])C1(=CC=C(C[N+](=O)[O-])C=C1),5.89
FC(F)(F)C(=O)CC(=O)C1(=CC=CC=C1),6.3
O=C1(C(=C(O)C(C1CC=C(C)C)O)C(=O)CC(C)C),2.35
O=C(O)C2(O)(C1(=C(C=CC=C1)C3(=C2C=CC=C3))),2.92
[SeH]CC[NH+](C)C,4.74
SC=1(C=NC2(=CC=CC=C2(C=1))),6.13
OC2(=CC1(=C3(C(=CC=C1C=C2)C=CC=C3))),9.28
O=C(O)C3(OC(OC2(=CC=C(C1(=CC=CC=C1))C=C2))C(O)C(C3O)O),3.1
OC1(=CC(O)=CC=C1),10.44
N#CC(=NNC1(=CC=CC=C1))C#N,6.55
OC=1([NH+]=CC2(=CC=CC=C2(N=1))),1.3
O=C(NCCCCCCC[NH+](C)C)C=NO,8.98
[Br]C1(=CC=C(C(=S)N)C=C1),12.46
O=C(O)C(=O)C=CC1(=CC=CC=C1),1.97
O=C(O)C(O)C,3.76
OC2(=[NH+]C=1(C(=CC=CC=1)C(=C2)C(O)C3([NH+]4(CC(O)(C=C)C(C3)CC4)))),2.76
O2(C(C(O)=CC1(=CC=CC=C1))=CC=C2),8.5
O=C1(NC(=O)CC1NC(=O)C),8.85
S=C(NC1(=CC=CC=C1))C2(=CC=C(N(C)C)C=C2),11.18
S(=O)(=O)(NC1(=CC=C(CC([NH3+])C(=O)O)C=C1))C,3.15
OCO,12.83
O=C(O)C1(N(C(=O)CNC(=O)CNC(=O)C[NH3+])CCC1),2.91
[Se](=O)(O)CC,5.28
N#CC2(=CC=C(C1(=NN=NN1))C=C2),3.53
O=[N+]([O-])C2(=C1(N=NN(C1=CC(=C2)[N+](=O)[O-])O)),1.6
O=C(O)C(=O)C1(=CC(=C(C)C=C1)C),1.36
O=C(O)C2(OC1(=C(C=CC=C1)CC2)),3.38
O=C(OCC)CC(=O)C1(=CC=C(C)C=C1),10.73
ClC2(=CC(C1(=NN=NN1))=CC=C2),3.61
O=C(O)C1(=C(C=CC(=C1)OCC)C),3.86
ONC=1(C=2(C(N=CC=1)=CC=CC=2)),6.76
S=CNC1(=CC=C([N+](=O)[O-])C=C1),10.11
O=C(CC(=O)C)C,8.85
O=C(N(O)C)C1(=CC=CC=C1),8.07
O=C(O)CC1(=CC=C(OC)C=C1),4.36
O(C3(=CC1(=C(NC2(=C1C=CN=C2C))C=C3)))C,14.56
SC2(=[NH+]C=1(C(=CC=CC=1)C=C2)),-1.44
SCC1(=NC=CN1C),8.88
N1(=NNC(=N1)C3(=C(C2(=NN=NN2))C=CC=C3)),2.71
OC2(=NN(C1(=CC=CC=C1))C(=C2)C),12.14
O=C(NN)C1(=CC(N)=CC=C1),12.45
FC(F)(F)C(=O)O,0.23
O=C(O)CN(CC(=O)O)CC(=O)N,2.29
O=C(O)C1(=C(C(=CC=C1)C)C),3.73
O=[N+]([O-])C(C1(=CC=CC=C1))C,7.39
O=C(O)CC(C1(=[NH+]C=CN1))C2(=[NH+]C=CN2),2.79
O=C(O)CCCC[N+]1(CCCCC1)(C),4.33
N=3(C2(=C(C=1(C(=CC=CC=1)C=C2))NC=3)),12.54
OC1(=C2(C(=CC=C1)CCCC2)),10.46
N1(=NNC(=N1)CCC),5.61
O=C([N+]1(=CC=C(C)C=C1))C,6.15
O=C(O)C(=C)CCCC,4.8
N#CC2(=C(C1(=NN=NN1))C=CC=C2),3.55
SC1(=NN=C(N1N)C),7.97
FC(F)(F)C(F)(F)C(F)(F)C(=O)NN,8.02
O=C(O)C(=O)C1(=CC=C(C)C=C1),1.52
S=C(NC1(=CC=C(C)C=C1))C2(=CC=C(OC)C=C2),11.81
S=C(N)C1(=CC=C([N+](=O)[O-])C=C1),11.84
ClC1(=C(Cl)C=CC(=C1)S(=O)(=O)N),8.94
O=C(OC(C)(C)C)NC(C(=O)O)CCC(=O)N,3.66
OC2(=C(C=C(NC1(=CC=C(O)C=C1))C(=C2)C)C(C)C),10.335
S1(C(C(C(=O)O)N3(C1C(NC(=O)CC2(=CC=C(O)C=C2))C3=O))(C)C),2.62
O=C(OCC)CC(=O)C,10.66
ClC1(=C(O)C(=CC(=C1)Cl)C[NH+](CC)CC),5.95
O=[N+]([O-])C1(=NNC=C1N),9.5
ClC1(=NN(C)C(=N1)NN=O),4.03
O=C1(NC(=O)C=2(C(=O)C=3(N=C(N(C=3(C(C=2(N1))=O))C)C))),5.82
O=[N+]([O-])C1(=C(O)C=CC(=C1)N),7.81
O(O)CC,11.8
S1(C(=NN=C1C)C=NO),8.4
OC1(=C(C=CC(=C1)C(C)C)CC),10.61
O=C(O)C=1(C=2(C(C=CC=1)=CC=CC=2)),3.7
IC1(=C(O)C=CC=C1),8.4
OC(N1(C=[NH+]C=C1))C2(=CC=NC=C2),7.24
IC1(=C(C(=O)O)C=CC(=C1)C),3.2
OC=1(N(N=C(C=1)C)C2(CC[NH+](C)CC2)),6.63
S=CNC1(=CC=C(C(=O)OC)C=C1),10.95
N#CC(C#N)C(C#N)C#N,3.6
O=[N+]([O-])C1(=CC=C(NC(=O)N)C=C1),14.0
N#CCCN(C1(=NN=NN1))CCC#N,4.85
O=C(O)C(C(=C=C)C)(C)C,4.55
P(=O)(O)(CC)CC,3.22
N1(=NNC(=N1)N(CC)CC),6.33
O=C1(C=CNC=C1),11.12
OC1(=CC(N=CN(C)C)=CC=C1),10.23
O(C2(=NC=1(N=CNC=1C=N2)))C,9.2
O=C(O)C(CCCC)CC,4.76
O=C(O)C[NH2+]CC,2.31
O=C1(C(C(=O)O)=CC=CC=C1),3.73
O=C1(C(O)=CC(OC)=CC=C1),7.24
S(=O)(=O)(NC=1(SC(C)=NN=1))C2(=CC=C(N)C=C2),5.46
[Br]C,15.4
N2(=C(N)C=1(N=CNC=1N=C2)),9.8
[Br]C=1(SC(C(=O)O)=CN=1),2.96
N2(=C(N)C1(=C(NN=C1)N=C2)),10.84
P(=O)(O)(CCCC)CCCC,3.22
O=C1(C3(=C(OC(=C1)C2(=CC=CC=C2))C=CC(=C3)O)),9.09
S(=O)(=O)(N)C=1(SC=C(N=1)C),8.35
OC1(=C(C=C(C(C)C)C=C1)C),10.56
OC=2(C1(=NC=C(C)C=C1C=CC=2)),9.75
O=C(OC)CC(=O)C1(=CN=CC=C1),8.98
ClC1(=NC(N=NO)=NN1C),5.17
ClC1(=C(Cl)C=CC(=C1)O),8.58
O=C(O)C2(OC1(=C(C=CC=C1)CCC2)),3.63
S1(C(=C([N+](=O)[O-])C=C1)C(=O)O),2.68
O=C(O)C1(=CC(=CC=C1)C2(CC2)),4.28
OC=1(N(N=C(C=1C2(=CC=CC=C2))C)C3(=CC=CC=C3)),11.9
O(C1(=C(O)C=CC=C1))C,9.7
O=C(O)CCC1(=C(OC)C=CC=C1),4.8
S(CC(=O)O)CCC,3.77
O(C2(=CC=C(C1(=NN=NN1))C=C2))C,4.23
O=C(C=1(NN=C(C=1)C(=O)C))CC,9.05
N=3(C=1(C(=CC2(=CC=CC=C2(C=1)))NC=3)),12.52
ClC1(=C(C(=O)O)C=C(C)C=C1),3.12
N1(=NNC(=N1)C3(=CC=C(C2(=NN=NN2))C=C3)),3.44
O=C1(NC(=O)C(N1)(C)C),9.19
FCC(=O)O,2.56
ClC1(=C(Cl)C(Cl)=C2(NN=NC2(=C1Cl))),4.52
S1(C(=NC2(=C1C=CC=C2))N=NC=4(C=3(C(=NC=CC=3)C(O)=CC=4))),7.2
S=C1(NC=NC2(=C1NN=N2)),4.6
O=[N+]([O-])CC(=O)C,5.1
O=C1(C(O)=CC(C)=CC=C1),7.26
O=C(O)CC2(=CC=C(C1(=CC=CC=C1))C=C2),4.46
OC=1(NN=C(C=1)C2(=CC=CC=C2)),11.4
ClC1(=C(C(=O)O)C=CC(=C1)Cl),2.74
O=C(O)C1(=CC(OCC)=CC=C1),4.17
N2(=C1(N=CNC1=CC=C2)),11.08
O=C(O)COC1(=CC=C(C)C=C1),3.15
O=C(O)C1(CCCCC1),4.89
S(=O)(=O)(NC=1(OC=CN=1))C2(=CC=C(N)C=C2),6.5
O=C(N(O)C1(=CC=CC=C1))C,8.36
O=C2(C(=NO)C1(=C(C=CC=C1)C=C2)),7.77
S(=O)(=O)(NC1(=CC=C(C)C=C1))C2(=CC=CC=C2),8.63
S=C(S)NCCOC,2.85
N1(=NNC(=N1)N(C)C),5.92
S(=O)(=O)(NC1(=NC=C(O)C=C1))C2(=CC=C(N)C=C2),7.5
SCCCC,10.78
O=C(O)C1(=CC=[NH+]C=C1),1.71
N1(=NNC(=N1)NC),6.06
[Br]C1(=C(O)C([Br])=CC(=C1)C2(OS(=O)(=O)C3(=C2C=CC=C3))(C4(=CC([Br])=C(O)C(=C4)[Br]))),4.2
O=C(O)C1(=CC=C(NC(C#N)=C(C#N)C#N)C=C1),4.2
N2(=C1(N=C(C)NC1=CN=C2)),9.37
PCC(=O)O,4.07
S(C(=O)C2(C1(=C(C=CC=C1)C3(=C2C=CC=C3))))C,10.51
OC1(=C(C=C(C(C)(C)C)C=C1C[NH+](C)C)C[NH+](C)C),6.3
S(C1(=NC(N)=C2(NC=NC2(=N1))))C,10.2
ClC(S(=O)(=O)N)(F)F,6.5
ClC2(=CC=1(N=NN(C=1C=C2)O)),4.18
ON=C(C(=NO)C)CN(C)C,11.55
O=C(N1(CCCCC1))C3(=C(N2(N=C(O)C=C2C))C=CC=C3),12.4
O=C(C1(=CC=CC=C1))C([N+]2(=CC=CC=C2))C,11.465
IC1(=C(C(C(=O)O)=CC=C1)C),3.26
S1(C=C(CCC(=O)O)C=C1),4.45
S(=O)(=O)(N(CC)CC)C1(=C(SC=C1)C(=O)O),2.77
O[N+]2(=C(C1(=CC=CC=C1))C(C)(C)NC2(C)C),2.06
O(C1(=CC(=CC=C1)C=NO))C,10.59
O=C(O)C=2(C1(=C(C=CC=C1)NC=2C)),5.89
O=C(N)CNC,8.35
N2(=C(NC)C1(=C(NN=C1)N=C2)),10.55
S1(C(=C(C)N=C1)C(=O)O),3.54
N3(=CC(C1(=NC=2(C=CC=CC=2(N1))))=CC=C3),11.21
O=C([O-])C(CC1(=CC=CC=C1))CC(=O)C=C=CC,13.9
ON=C(C(=NO)C)C,11.25
O=C1(N(N=C(C1=CC3(=C(O)N(C2(=CC=CC=C2))N=C3C))C)C4(=CC=CC=C4)),13.8
OC2(=CC1(=NC=CN=C1C=C2)),7.92
O=C(O)C1(C(CCC1C)C),4.943333333333333
O(C1(=C(N=CC=C1)C(O)O))C,12.95
OC1(=C(N)C=CC(=C1)O),10.3
O=C(O)C1(=C(OC(C)C)C=CC=C1),4.24
ClC1(=C(C(O)=CC=C1)C=O),8.26
S(C1(=NC=NC2(=C1NC=N2)))C,8.74
O=C1(C3(=C(OC(=C1)C2(=CC=CC=C2))C(O)=CC=C3)),7.82
O=C(O)CCCCCCCC=CCCCCCCCC,4.95
OC=2(C=1(C(=CC=NC=1)C=CC=2)),8.4
S1(C(C(=O)O)=CC(=C1)C),3.66
O=C(O)C1([NH3+])(CCCCC1),2.66
S(=O)(=O)(NC=1(SC(C)=C(N=1)C))C2(=CC=C(N)C=C2),6.97
[Br]C=1(SC(C(=O)O)=CC=1),3.3
O=C1(NC=NC2(=C1C=NN2)),9.38
O=C(C1(=CC=CC=C1))C(=NNC2(=C(C(=O)C)C=CC=C2))C(=O)C3(=CC=CC=C3),9.2
[Se]1(C(C(=O)O)=CC=C1),3.43
O=C(O)CCCCCC[NH3+],4.44
O=[N+]([O-])C=CC1(=CC(O)=CC=C1),9.05
O=C1(NC(=O)C(C(C)(C)C)C(N1)=O),7.98
OC(O)C1(=CC=NC=C1),12.2
S2(C1(=C(C=CC=C1)C=C2C(=O)O)),3.1
O=C(O)COC1(=CC(=CC=C1)C),3.18
O=C(C1(=CC=CC=C1))CC(=O)C,8.69
[Br]C2(=CC(C(=S)NC1(=CC(Cl)=C(Cl)C=C1))=CC=C2),9.26
O=C2(N(C=1(NN=C(C(=O)OCC)C(C=1C(N2C)=O)=O))C),7.32
OC1(=[N+](C=CN=C1)C),-0.04
OCC#C,13.28
S=C(O)NCCCC,0.67
O=CC1(=CC(O)=C(O)C=C1),7.45
O=C(O)CCCC#C,4.6
O=C(OO)CC,8.1
OC1(=CC(=CC=C1)CC[NH+](C)C),9.24
S1(C([N+](=O)[O-])=CC(=C1)C(=O)O),3.24
OC=1(N(N=C(C=1CCCCCCCCCC)C2(=CC=CC=C2))C3(=CC=CC=C3)),6.7
ClC(C(=O)O)(C)C,2.97
SC=1(C=[N+](C2(=CC=CC=C2(C=1)))C),2.4
O(C1(=CC(=C(O)C=C1)CN(CC)CC))C,10.86
O=C1(C2(C(C)(C)C(C1C(=O)O)CC2)(C)),3.76
OC=2(C1(=NC=CC=C1C(N)=CC=2N)),10.83
O=[N+]([O-])C2(=CC=C(C(=O)C1(=NNC=C1))C=C2),11.68
O2(CCN(CC1(=C(O)C=CC=C1))CC2),10.27
S1(C(=O)NC(C1)=O),6.54
S=C(NC1(=CC=CC=C1))NC(=S)C2(=CC=CC=C2),10.72
O=C1(NOCC1),6.7
O=C(O)CC1(O)(C2(C=CC(C1)C2)),4.36
ClC1(=CC(S(=O)(=O)N)=CC=C1),9.04
[Si](CC(=O)O)(CCC)(CCC)C,5.65
SC=2(C=1(C(=NC=CC=1)C=CC=2)),6.48
SC1(=[NH+]C=CC=2(C1=CC=CC=2)),-1.9
O=C(O)CC(C)(C)C,5.01
O3(C(OC2(C(OC([N+]1(=C(O)N=C(N)C=C1))CC2)C))C(O)C(O)C(C3C)[NH+](C)C),3.9
O=C2(C1(=C(C=CC=C1)C(C2C)=O)),6.17
O=C(O)CCCC(C)(C)C,4.88
N#CC(=NNC1(=C(C=CC=C1)C))C#N,6.9
O=C1(C(C(=O)C)CCCC1),10.21
S(=O)(=O)(NCC(=O)[O-])C1(=CC=C(C)C=C1),11.4
ClC(C(=O)O)=CC,3.22
SCC(=O)N(C)C,8.1
O=[N+]([O-])C1(=C(O)C(=CC(=C1)C)CC2(=C(C=CC(=C2)O)C)),9.165
[N+]1(=NN(C)C(=N1)N)(C),2.5
OC=1(C=2(C(C=NC=1)=CC=CC=2)),8.68
O=C(O)C([NH3+])(C)C,2.39
O=C(O)C(NC(=O)CC[NH3+])CC=1(N(C=[NH+]C=1)C),2.64
O=C(O)C2(=C(OC1(OC(C(O)C(C1O)O)CO))C=CC=C2),3.6
OC1(=C(C=CC=C1C)C),10.6
ClCC1(=CC=C(C(=O)O)C=C1),4.13
OC1(=CC(NN=C(C#N)C#N)=CC=C1),6.45
O=C(C1(=C(C=C(C)C=C1C)C))C,10.69
IC(C(=O)O)C,3.21
O3(C([N+]2(=C(O)N=C(NCCC1(=CC=CC=C1))C(=C2)C))CC(C3CO)O),3.83
O=[N+]([O-])C2(=CC=C(NC(=O)CC(=O)C1(=CC=CC=C1))C=C2),8.91
IC(C1(=CC=CC=C1))=CC(=O)O,3.4
O=C(O)C1(CCC1),4.79
S(=O)(=O)([O-])C1(=C(O)C=CC2(=C1NN=C2)),9.45
N1(=C(N=C2(N=C(NC2(=C1N))N))N),10.79
S(=O)(=O)(N)C1(=CC(C#N)=CC=C1),8.84
S=C1(N(C=2(C=C3(CCCCC3(=CC=2(N1)))))C),10.78
S(=O)(=O)(NC1(=CC=CC=C1))C2(=CC([N+](=O)[O-])=CC=C2),7.5
S=C(OCCC)NC(=O)C,9.34
S=C(S)N(CC)CC,3.95
OC2(=CC=1(C(=CC=CC=1CC)C=C2)),9.54
[O-][N+]2(=C(N)C=1(N(C=NC=1N=C2)CC3(=CC=CC=C3))),11.0
O=[N+]([O-])C,10.48
N1(=C(N=CC3(=C1N=C(C2(=CC=CC=C2))N3))N),9.2
SCC[NH+](CC)CC,7.72
O=C(O)C1(=CC=C(OCC(C)C)C=C1),4.48
O=C(O)C=CC(=O)C1(=CC=C(C)C=C1),3.44
O(C3(=C2(C1(=C(O)C=CC=C1C2=CC=C3))))C,9.15
O=C2(OC3(C4(C1(C(C(=O)OC(C1)C(=O)O)CCC4(C2(O)CC3)(C))(C)))),3.5
FC(F)(F)C(=NO)C1(=CC(N(C)C)=CC=C1),9.3
O=C(O)C1([NH2+]CC(C1)O),1.92
O=C1(OC(=O)C=2(C=CC=CC=2(N1))),8.25
OC1(=C(C=C(C)C(=C1)C(C)C)C),10.76
S(=O)(=O)(NC1(=NC=CN1))C2(=CC=C(N)C=C2),9.72
[Br]C1(=C(C([N+](=O)[O-])=CC=C1)C(=O)O),1.37
O=C(O)C#CCC,2.6
O=C(NO)CC,9.46
O=C(O)CC=CCC,4.52
O=C(O)CCC(C)C,4.84
O=C1(C(C(O)C(C1CCC(C)C)=O)(CCC(C)C)CCC(C)C),6.3
ON=C(C1(=C(O)C=C(C)C(=C1)C))C,8.2
S=C(SC)N(CC(=O)O)C,2.98
O=C1(NC([O-])=NC2(=C1NC(C)=N2)),9.7
ClC2(=CC1(=C(CCC(C1)=O)C=C2)),12.3
O=C([O-])C=CC([O-])=CC(=O)CC(=O)[O-],10.5
OC=1(N(N=C2(C=1CCCC2))C3(=CC=CC=C3)),11.4
O=C(C(=O)C)CC(=O)C(=O)C,4.68
S1(C(=NC=C1)NP(=O)(OC)C2(=CC=C(N)C=C2)),9.2
O([N+]1(=C(O)C=CC=C1))CC2(=CC=CC=C2),-1.7
ClC1(=CC(=C(O)C=C1)CN2(CCOCC2)),9.85
N(CC1(=CC=C(C)C=C1))CCCCCCCCCCC,9.46
O=C1(C3(=C(OC(=C1)C2(=CC(O)=CC=C2))C=CC=C3)),9.75
O=C(O)CCC1(CCCCC1),4.91
[Br]C1(=C(O)C([Br])=CC=C1),6.6
ClC1(=C(Cl)C=CC(=C1)NC(=S)C2(=CC=C(C)C=C2)),10.18
O=C(O)CCC(C4(C2(C(C1(C(O)CC3(CC(O)CCC3(C1CC2)(C))))CC4)(C)))C,5.08
O=C(C(C(=O)C)CC)C,11.33
O=C(NC1(=NC=NC2(=C1NC=N2)))N,9.95
SCC[NH2+]CCC1(=CC=CC=C1),7.85
O=C(O)CCCCCCCCC[NH3+],4.57
O=C(O)C1(CCCCC1)(C),5.13
S=CNC1(=CC=C(OC)C=C1),11.74
S=C1(OC(C=C)CN1),10.25
[N+]=2(C=1(C(=C(N)C=CC=1)C=C3(C=2C=CC=C3)))(C),10.0
O=C([N+]1(=CC=C(N)C=C1))C,9.15
ClCC(=O)O,2.85
O=C2(N(C=1(N=CNC=1CN2C))C),11.25
OC1(=CC=C(CCC[N+](C)(C)C)C=C1),9.8
O=C(OC)C1(=C(C(=O)OC)CC=C1),5.0
O=C(N)C#CC#CC=CC(=O)O,3.52
S1(C(C(=O)O)=CC=C1C),3.76
O=C(O)CCC(O)C=C=CC#CC#C,4.8
O=C(O)C=1([NH+]=CN(C=1N)C2(OC(CO)C(C2O)O)),2.9
OC=2(C=1(C(=[N+](C=CC=1)CCC)C=CC=2)),6.06
OC2(=CC=1(C(=NN=CC=1)C=C2)),7.52
SCCNC1(=CC=CC=C1),9.5
O=[N+]([O-])C2(=CC=C(C1(C(C(=O)O)C1))C=C2),4.45
IC1(=CC(=C(C(=O)O)C=C1)C),3.79
[Se](O)C1(=C([N+](=O)[O-])C=CC=C1),10.47
OC1(=C(C(=C(O)C(=C1C)C)C)C),12.045
FC(F)(F)C1(=NC=NC2(=C1NC=N2)),7.35
O=C(O)C1(=C[NH+]=CC=C1),2.03
S(=O)(=O)(NC1(=CC=CC=C1))C2(=CC=C(OC)C=C2),8.66
ClC2(=CC=C(C(=S)NC1(=CC=C(F)C=C1))C=C2),10.41
OC1(=CC=C(C[N+](C)(C)C)C=C1),8.75
O=C(O)C2(C1(=NN=NN1CCCC2)),3.4
ClC2(=CC=C(C(=S)NC1(=CC=CC=C1))C=C2),10.76
O=C(O)CN,2.355
ON=C(C(=NO)C)CO,11.1
O=C(O)COC1(=C(C=CC=C1C)C),3.36
ClCC1(=NC=2(C(O)=CC=C(C=2(N1C))O)),8.4
[Br]C2(=CC=C(NC(=S)C1(=CC=C(C)C=C1))C=C2),10.81
O=C(NC1(=CC(=CC=C1)C[NH+](C)C))C=NO,8.28
O=C(OC1(=CC=CC=C1))C2(=C(O)C=CC=C2C),8.63
ClC#CC(=O)O,1.89
S(=O)(=O)(NN=C(C)C)C,8.5
OC1(=C(N)C=C(N)C=C1),10.4
O=[N+]([O-])C1(=C(O)C=CC(=C1)C(=O)OCC),5.44
O=C(O)C(O)(C1(=CC=CC=C1))C2(=CC=CC=C2),3.05
OC=1(N(N=C(C=1CC2(=CC=CC=C2))C)C),10.9
O=C(O)C1(=NC=CC=C1C=O),3.7
OC2(=C(C=C(NC1(=CC=C(O)C=C1))C(=C2)C(C)C)C),10.295
S(=O)(O)CC,2.27
OC1(=C[N+]([O-])=CC=C1),6.4
O=C(NCCC[NH+](C)C)C=NO,8.68
O=C(O)CCCC1(CCCCC1),4.95
S(=O)(=O)(NC1(=NC(=CC(=N1)C)C))C2(=CC=C(O)C=C2),8.34
O=C(OCC)C(C(=O)C)CC1(=CC(=CC=C1)C),11.87
O=C1(N(C(C(=O)O)C(C)C)CC1NC(=O)CC2(=CC=CC=C2)),3.48
N=1(NC(C)=CC=1C),15.0
ClC1(=C(OC)C(=C(O)C(=C1)Cl)C(=O)NC2(CC[NH+](C)CC2)),6.02
O(O)C(CC(C)C)CC,12.8
O=C1(NOCC1NC(=O)C),5.8
S(=O)(=O)(NC2(=CC(C1(=C(C(=NC(=C1C(=O)OCC)C)C)C(=O)OCC))=CC=C2))C3(=CC=C(N)C=C3),9.7
O=[N+]([O-])CC(=O)OCC,5.82
O=C(O)C1(=NC=CN=C1),2.7
OC=3(C2(=C(N)C=1(C(=CC=CC=1)[NH+]=C2C=CC=3))),5.61
OC2(=CC1(=NC=CC=C1C=C2)),8.85
O=C(C1(=CC(O)=CC=C1))C2(=CC=CC=C2),9.0
O=C(O)C1(C2(CC(C1)CC2)),5.05
O=C(O)C1(=CC(=CC=C1)C),4.28
N#CC2(=CC(C1(=NN=NN1))=CC=C2),3.45
O=C(O)C([NH3+])C,2.39
[Br]C1(=CC(O)=CC=C1),8.99
O=C(O)C(C2(=CC=C(C1(=CC=CC=C1))C=C2))C3(O)(CCC(C)CC3),3.45
O=C(ONC(=O)C1(=CC=CC=C1))NC2(=CC=CC=C2),6.4
SC1(=NC2(=CC3(=CC=CC=C3(C=C2(N1))))),9.84
OC#N,3.67
O=C(O)C1(=[NH+]C=2(C=CC=CC=2(N1))),0.4
S1(C(=O)NC(C1(C)C)=O),6.64
N2(=C(N)C1(=C(NN=C1C)N=C2)),11.11
SCC1(=CC=CC=C1),9.43
SC=1(C=2(C([NH+]=CC=1)=CC=CC=2)),0.77
O=C(O)CC1(=[NH+]C=2(C=CC=CC=2(N1))),0.2
OC1(=[N+](C=CC=C1)C),0.32
ON=CC1(=CC=NC=C1),9.91
OC1(=C(C=C(C(O)=C(C#N)C#N)C=C1C)C),2.55
SC1(=CN=CC=C1),7.01
O=C(O)C1(C(OCC)C1),4.645
N=1(C=3(C(N=C2(C=1C=C(N(C)C)C=C2))=CC(C)=C(C=3)N)),14.68
O=C2(C(=NNC1(=C(C(=O)C)C=CC=C1))C(=O)CC(C2)(C)C),10.5
S=C(NC1(=CC(=CC=C1)C))CC(=O)C,7.56
[O-][N+]1(=C(N=C2(N=CNC2(=C1N)))N),10.85
O=C(O)C(=O)C,2.39
O=C(O)C=CC1(=C(OCCC(C)C)C=CC=C1),4.615
O(C1(=NC(=NC(=C1)C)N2(N=C(C)C=C2O)))CC,7.35
O=C(N1(CCC2(=NOC(=C2(CC1))O)))C,4.3
ON=CCCCCCC,11.6
O=[N+]([O-])C1(=CC=C(OCC(=O)O)C=C1),2.89
OC1(=[N+](N)C=CC=C1),2.1
O=C1(C(=O)CCCC1),10.3
S=C(S)N(C(C)C)C(C)C,4.3
OC1(=CC(=CC=C1)CO),9.83
O=C(O)C3(OC(OC2(=CC=1(C(=[NH+]C=CC=1)C=C2)))C(O)C(C3O)O),3.0
O=C(NCCCC[NH+](C)C)C=NO,8.81
ClC2(=CC=C(C(=S)NC1(=CC(F)=CC=C1))C=C2),10.16
OC2(=CC=1(C(=CC=CC=1C(C)C)C=C2)),9.52
O=C(O)CCCCCCCC[NH3+],4.53
O=C(O)CCC#CC#CCCCC[NH3+],4.15
[Br]C2(=CC(C(=S)NC1(=CC=C(C)C=C1))=CC=C2),10.89
O=C(O)CCC#CC#CCCCCC[NH3+],4.17
OC1(=C(C=C(C)C=C1)CO),10.15
S(=O)(=O)(NC1(=CC=CC=C1))C2(=CC=C(N)C=C2),8.89
O=C1(N(O)C(C)(C)C(C1)C),8.85
O=[N+]([O-])C1(=C(C=CC(=C1)C(=O)O)C),3.62
ClC1(=C(C(=O)O)C=CC(=C1)[N+](=O)[O-]),1.96
O=C(O)C2(=C(N=CC=CC1(=CC=CC=C1))C=CC=C2),6.12
O=C(C1(=CC=CC=C1))C2(=NNC(=C2)C(=O)C),9.01
O=[N+]([O-])C1(=CC(=C(O)C(=C1)C)C),7.22
O=C([O-])C1([NH2+]CC(C1CC(=O)O)C(C)C),3.1750000000000003
O=C(O)C1(=C(OC)C=C(C)C=C1),4.38
[Br]NS(=O)(=O)C1(=CC=CC=C1),4.95
S(=O)(=O)(NCC1(=CC=CC=C1))C2(=CC=C(C#N)C=C2),10.35
O=C(O)CC#CC=C,3.41
O=C(O)C1(OC(OC(=O)C(CC)CC)C(O)C(C1O)O),3.37
O=[N+]([O-])C2(=CC=1(C(=C(O)C=CC=1)C=C2)),8.49
SCC[NH+](CCC)CCC,8.62
ClC2(=C(C1(=NN=NN1))C=CC=C2),3.69
O=C(C1(=CC=C(C)C=C1))C2(=NNC=C2),12.02
ClC1(=C(O)C(=CC(=C1)Cl)C[NH+]2(CCCCC2)),5.97
O=[N+]([O-])C2(=CC(NC(=O)CC(=O)C1(=CC=CC=C1))=CC=C2),9.54
S=C3(N1(C(C(C)(C)SC1C(NC(=O)CC2(=CC=CC=C2))C(=O)OC)C(N3)=O)),8.0
[N+](=NC1(=NC=NC2(=C1NC=N2)))=[N-],7.6
O[N+](C1(=CC=CC=C1))(CC)CC,4.53
O=C(ONC(=O)C)C,6.81
S(=O)(=O)(NC2(=NN(C1(=C([N+](=O)[O-])C=CC=C1))C=C2))C3(=CC=C(N)C=C3),7.0
O=C(O)C=2(C1(=C(C=CC=C1)OC=2)),4.18
[Si](CCC(=O)O)(C)(C)C,4.91
ON=CC2(=CC=[N+](CCCN1(C=[N+](C)C=C1))C=C2),8.05
O=C(OCCCC)C1(=CC=C(O)C=C1),8.34
S3(C2(=C(C=C(CN1(C=[NH+]C=C1))C=C2)C=C3C(=O)O)),2.74
O=C1(NC(=O)CCC1(C(=O)OCC)CCC(=O)O),4.35
FC1(F)(OC(F)(C(F)(F)C(=O)NN)C(C1(F)F)(F)F),8.26
[Br]NC(=O)CC,8.2
ClC2(=C(S(=O)(=O)NC=1(SC=CN=1))C=CC(=C2)N),6.95
O=C(O)CC2(=CC=1(C(=CC=CC=1)C=C2)),4.26
O=C(O)C(=CCCC)C,4.785
OC2(=C1(NN=CC1=CC=C2)),8.6
O=C(N)C1(=CC=NC=C1),10.52
[N+]=2(C=1(C(=CC(N)=CC=1)C=C3(C=2C=CC=C3)))(C),9.8
O=C1(OC(C)(C)C(N1)=O),6.15
ClC2(=CC=C(NC(=S)C1(=CC=CC=C1))C=C2),10.85
OC2(=CC1(=NN=CC=C1C=C2)),7.56
OC2(=CC=1(N=CNC=1C=C2)),10.01
[Br]CC(OC1(=CC(=CC=C1)C))(O)C2(=CC=CC=C2),11.21
ClC1(=CC(NC=S)=CC=C1),10.8
O=C(N)C(C1(=NC=CC=C1))(C2(=CC=CC=C2))CCN(C(C)C)C(C)C,10.2
O=C(O)C=CC=1(OC=CC=1),4.29
O=C(N)C1(=CC(=[N+](O)C(=C1)C)C),2.08
O=C1(C(=C(O)C(CC=C(C)C)=C(C1(O)CC=C(C)C)O)C(=O)CC(C)C),4.22
S=C(OC(C)C)NC,11.56
ClC=1(SC=C(C=1)C(=O)O),3.8
O=C1(C(=C(C)C(C1)C(C(=O)O)C)C),4.4
O=C(NCCCCCCCCC[NH+](C)C)C=NO,8.99
O=[N+]([O-])C1(=C(O)C=CC2(=C1CC2=O)),3.98
O2(CC1(=NNC(=N1)COCCOCCOCCOCC2)),9.55
O([N+]1(=C(N)C=CC=C1))C,12.4
ClC2(=NC=C(NS(=O)(=O)C1(=CC=C(N)C=C1))C=N2),5.8
O=C(O)CCCCC#C,4.58
O=C(O)C3(C2(C(C1(=C(C=C(C(C)C)C=C1)CC2))(CCC3)C))(C),5.7
S(C1(=CC=C(S)C=C1))CC(=O)O,3.77
[Br]C2(=CC(C(=S)NC1(=CC=CC=C1))=CC=C2),10.49
S=C(OCC)NC(=O)C1(=CC=CC=C1),7.46
O=C(O)C1(C3(=C(OC2(=C1C=CC=C2))C=CC=C3)),3.89
O=C(O)C=1([NH+]=C(C)NC=1C(=O)[O-]),4.54
S1(C(=[N+](C)C(=C1)C)CC2(=CC=CC=C2)),10.75
N#CC(=NNC2(=CC=C(N=NC1(=CC=CC=C1))C=C2))C#N,7.33
OC=2(C1(=NC=CC=C1C(O)=CC=2)),9.3
O=C(O)C=CC(=O)C1(=CC=CC=C1),3.34
O=[N+]([O-])C1(=NNC(=N1)N2(N=CN=C2)),2.0
O=[N+]([O-])C1(=C(N)C=CC=C1),13.45
ClC1(C(=O)C(=O)CC1),7.05
O=C(C1(=CC=C(O)C=C1))C([NH+](CC2(=CC=CC=C2))C)C,7.5
S(=O)(O)C1(=CC=C(C)C=C1),1.82
ON=CC1(=C(O)C=C(O)C=C1),8.05
O=C(O)CC(CC)C,4.84
OC1(=C(C=C(C(C)(C)C)C=C1)CN(C)C),11.48
O=C(O)CC#N,2.46
OC1(=C(C=C(C)C=C1)CN(CC)CC),10.84
O=C(NO)C(C)(C)C,9.59
S=C1(SC(C=C(N1)C)(C)C),10.9
OC1(=C(C=CC=C1)C=NC3(=CC=C(C2(=CC=C(N)C=C2))C=C3)),11.07
S(C(O)C)CCOC,14.21
O=C(O)CCC1(CCC(O)CC1),4.86
O=C(C=NO)C,8.365
FC(F)(F)C1(=NNC(=C1)C),12.33
SCC[NH+](C)C,7.68
[P+](C1(=CC=CC=C1))(C2(=CC=CC=C2))(C3(=CC=CC=C3))C5(C4(=C(C=CC(=C4)C#N)C6(=C5C=CC=C6))),5.81
OC2(=CC=1(C(=[N+](C=CC=1)C)C=C2)),7.15
OC2(=CC=1(C(=[N+](C=CC=1)CCC)C=C2)),7.08
S1(C(C(=O)O)=CC(=C1)[N+](=O)[O-]),2.83
S(=O)(=O)(NCCC(=[NH2+])N)C1(=CC=C(C)C=C1),9.49
S1(C[NH+](C)C(C1)C(=O)O),1.51
O=C(O)C(C#N)(CC1(=CC=CC=C1))C,2.29
O=[N+]([O-])C2(=CC=1(C(=O)NC(C=1C=C2)=O)),8.68
S(C1(=CC(O)=CC=C1))C,9.47
S(=O)(=O)(NC(=O)C)C1(=CC=C(C)C=C1),4.8
O=C(NC1(=CC=CC=C1))CC(=O)C,9.94
O=[N+]([O-])C1(=CC(=CC=C1)B(O)O),7.3
S(=O)(=O)(NC=1(SC=C(N=1)C))C2(=CC=C(N)C=C2),7.12
O=C1(C(O)=CC(C(C)C)=CC=C1),7.22
ClC2(=CC=1(C(=O)NC(C=1C=C2)=O)),9.48
[Br]C1(=CC([N+](=O)[O-])=C(O)C(=C1)C=O),4.46
ClC2(=C(O)C1(=NC=CC=C1C(=C2)Cl)),7.51
S1(C(=CC(=C1)C(=O)O)CC),4.19
O=C(O)C(=CC(=O)NC)C,3.23
O=[N+]([O-])NC1(=CC=CC=C1),4.74
O=C(O)C=3(C=1(C(=CC2(=CC=CC=C2(C=1)))C=CC=3)),3.7
O=C1(N(C(=O)C=2(N(C)C=NC=2(N1)))C),8.65
O=[N+]([O-])C1(=C(O)C=CC=C1),7.15
OC2(=C1(C(NC=C1CC[NH+](C)C)=CC=C2)),8.47
O=C(OC)C1(C(O)CCC3(C1CC=4(C=2(NC=5(C=CC=CC=5(C=2C=C[N+]=4(C3))))))),10.69
O=C1(C(=O)CCC1C),9.6
O=C(O)C(C=C=C(C)C)(C)C,4.7
O=C(NO)C,9.07
SC1(=CC=C(F)C=C1),6.35
[O-]C1(=NC=NC2(=C1NC=N2)),12.1
O=C(O)C1(=CC(=C(O)C=C1)C),4.68
S=C(NC1(=CC(F)=CC=C1))C2(=CC=C(C)C=C2),10.63
SCC(=O)NN,8.05
O=C(O)C=1(C=NN(C=1)CCCC[NH+]4(CCN(CC2(=[NH+]C=3(C=CC=CC=3(N2CCOCC))))CC4)),3.8
O=C1(C(C(=O)C(CC=C(C)C)C(C1C(=O)CC(C)C)=O)(CC=C(C)C)CC=C(C)C),6.18
O=C(O)C2(OC(OC1(=CC=C(C#N)C=C1))C(O)C(C2O)O),3.22
OC=3(C2(=NC=1(C(=CC=CC=1)[N+](=C2C=CC=3)C))),4.85
O=C(O)COOC(C)(C)C,3.49
OC2(=CC=1(C(=C[N+](C)=CC=1)C=C2)),6.06
O=[N+]([O-])C1(=CC(=C(O)C=C1)C[NH+]2(CCCCC2)),5.88
[Br]C1(=C(OC)C=CC(=C1)O),9.09
O=C(O)C(C2(=CC=C(C1(=CC=CC=C1))C=C2))C3(O)(CCCCC3),3.59
O=[N+]([O-])C(=[N+](O)[O-])CC,4.1
O=C(O)CC(C#N)(C)C,4.04
SC1(=[NH+]C=CC=C1),-1.22
[Br]C1(=C(O)C=CC(=C1)OC),8.62
O=[N+]([O-])C3(=CC1(=C(NC2(=C1CCN=C2C))C=C3)),12.55
O=C(NO)C1(=CC=C(C)C=C1),8.9
ClC=C(C(=O)O)C,3.54
[Br]C1(C(=O)NC(=O)NC1=O)(CCC),6.6
O=C(O)C(C2(=CC=C(C1(=CC=CC=C1))C=C2))C(O)(C3(=CC=CC=C3))C,3.38
[Br]NC(=O)C,8.1
ON=CC1(=CC=C(N(C)C)C=C1),11.34
ClC1(=C(C=CC(=C1)C(=O)O)C),4.06
O=C(O)C1(=NNC(=C1)C),3.99
OC1(=C(C=C(C(C)C)C=C1C)C),10.9
O=C1(C(O)=C(C(=O)C2(=C1C=CC=C2))C(=O)C3(=CC=CC=C3)),2.17
S(=O)(=O)(O)C1(=CC([N+](=O)[O-])=CC=C1),-7.1
O=[N+]([O-])C1(=CC=C(C(O)C(=O)O)C=C1),2.99
O=C(O)C1(CC1),4.83
OC1(=CC=CC=C1),9.97
O=C(NC1(=CC(=CC=C1)C))CC(=O)C,10.0
ClC1(=CC=C(NS(=O)(=O)C(F)(F)F)C=C1),3.9
O=C(O)CC1(C(C(C(=O)C)C1)(C)C),4.82
S(=O)(=O)(NC(=O)C)C1(=C(C(=O)O)C=CC=C1),3.1
OC1(=C(O)C=CC(=C1)CCNC),10.61
O=C(O)C=O,1.26
SC=1(N=CC2(=CC=CC=C2(C=1))),8.58
OC=1([NH+]=C(N)N(C=1)C),4.9
FC1(=C(C(=O)O)C=CC=C1),3.6
FC1(=CC(=C(O)C=C1)C[NH+]2(CCCCC2)),8.81
ClC1(=CC(O)=CC=C1),8.96
O=C1(C=C(C(=NO)C(=C1)CC)CC),8.34
S(=O)(=O)(N)C1(=CC=C(NC(=O)C)C=C1),10.02
ClC1(=CC(=C(O)C=C1)C[NH+]2(CCCCC2)),8.14
[Br]C1(=CC(C(=O)O)=CC=C1),3.79
N#CC(C#N)=C(C(C#N)C#N)C(C#N)C#N,2.25
O=C(O)CC,4.83
O=COO,7.1
O=C(OCC)C=C(O)C,9.51
O=C(O)CC[NH2+]CCCCCC,3.61
O=[N+]([O-])C2(=CC1(=[NH+]C=C(C(=O)OCC)C(=C1C=C2)O)),4.1
O=[N+]([O-])NCCCC,6.48
[Si](CCCCC(=O)O)(C)(C)C,4.96
O=C(O)CC1(=NN=NN1C),2.83
O=C(N)CCCC1(=NC=CC=C1),5.48
OC1(=CC=C(N)C=C1),10.06
[Br]C1(=CC([N+](=O)[O-])=C(O)C=C1),6.36
ON=C(NO)CC,10.7
[Se]1(C(C(=O)O)CCC1C(=O)O),3.9775
OC2(=CC1(=C(CCCC1)C=C2)),10.33
O=C(O)C(O)C1(=CC=CC=C1),4.38
[Se]1(C(C(=O)CC(=O)C)=CC=C1),8.55
O=C([O-])C=2(C1(=NC=CC=C1C(N)=CC=2)),12.58
O=[N+]([O-])C1(=CC=C(B(O)O)C=C1),7.15
OC=2(C1(=NC=CC=C1C=CC=2C(C=C)CC(CC(C)(C)C)(C)C)),10.03
ClC1(Cl)(C(C(=O)O)C1),3.51
O=[N+]([O-])C2(=CC=C(C1(=CC=C(O)C=C1))C=C2),9.01
S(C1(=CC=C([N+](=O)[O-])C=C1))CC(=O)O,3.2
O=[N+]([O-])C(C1(=CC(=CC=C1)C))C,7.49
SC1(=CC=C(C(=O)C)C=C1),5.33
O=C(O)C1(=CC(=C(C)C=C1)C),4.41
[Br]C(S(=O)(=O)N)(F)F,6.53
S(=O)(=O)(NC1(=NC=CC=C1O))C2(=CC=C(N)C=C2),7.6
O=C(O)C1([NH2+]CCCC1),2.5
ClCC(=O)NC=2(SC(C1(=CC=CC=C1))=NN=2),6.9
O=C(O)C1(O)(CCCCC1),4.18
OC1(=C(N=CC(=C1C)CO)C),9.98
OCC1(=NC=2(C=C(C)C=CC=2(N1))),11.5
ClC1(=C[N+](C(=O)C)=CC=C1),2.98
O=C1(N(C=CC(N1)=O)C2(OC(CO)C(C2)O)),9.3
O=C(O)C(C2(=CC=1(C(=CC(OC)=CC=1)C=C2)))C,4.35
[Br]C2(=CC=C(NC(=S)C1(=CC=CC=C1))C=C2),10.42
ClC1(=CC(=C(O)C=C1)C),9.6
OC1(=C(N=CC=C1)N),9.5
O=C(O)C2(OC(OC1(=CC=C([NH3+])C=C1))C(O)C(C2O)O),3.1
O=C(NCC1([NH+](CCC1)CC))C2(=C(O)C(=CC=C2OC)CC),8.7
S1(C(=NC2(=C1C=CC=C2))C=3(C(=O)OC=4(C=C(O)C=CC=4(C=3)))),7.02
OC1(=C(NN=C(C#N)C#N)C=CC=C1),6.1
ClC2(=CC=C(S(=O)(=O)NC1(=NC(=CC=N1)C))C=C2),5.37
S1(=O)(=O)(N=CNC=2(C1=NC=CC=2)),6.94
S=C(S)NC(C)C,3.1
[Se](=O)(O)C1(=CC=C([N+](=O)[O-])C=C1),4.0
O=C(O)CCC=CC,4.72
O=C(C=C(O)C)C,7.64
O=C1(C(O)=CC=C(C=C1)OC),7.75
O1(C(=NC(=C1O)C)C2(=CC=CC=C2)),8.94
O=[N+]([O-])N(C1(=NN=NN1))CC,2.86
O2(C([N+]1(=C(O)N=C(NC)C(=C1)C))CC(C2CO)O),4.04
O=C(OC1(OC(C(=O)O)C(O)C(C1O)O))C2(=CC(OC)=C(OC)C=C2),3.47
S=C(S)NCCCCCC[NH3+],2.95
O=C(O)C1(C[NH2+]CC1),3.38
O=[N+]([O-])C1(=CC(C(=O)O)=CC=C1),3.47
ON=C(N)C(=NO)N,11.34
N3(=C2(N=C(C1(=CC=CC=C1))NC2=CN=C3)),8.09
O=C(C1(=CC=CC=C1))C2(=NNC(=C2)C(=O)CC),9.14
O=C(CC(=O)C)CC,9.36
OCCCC,15.58
FC12(CC3(C(=O)O)(CC(C1)CC(C2)C3)),4.22
O=[N+]([O-])C3(=CC=C(C[N+]2(=CC=C(C(=O)CC1(=CC=CC=C1))C=C2))C=C3),8.68
O=C(O)CCC1(=NN=NN1C2(=CC=CC=C2)),5.0
S2(C1(=C(C=C(C(=O)O)C=C1)C(=C2CN3(C=[NH+]C=C3))C)),3.82
ClC(=NO)C1(=CC=CC=C1),9.8
ClCCC1(=CC=C(NN=C(C#N)C#N)C=C1),6.5
P1(=O)(O)(CCCC1),2.51
O=C(O)C2(C1(=NN=NN1CCC(C2)C(C)(C)C)),4.4
S(=O)(=O)(C1(=NC=NN1))CC2(=CC=CC=C2),6.23
O[N+]1(=C(C=C(C#N)C=C1)C),-0.67
O=C(O)CC[NH3+],3.59
O=C(O)C1(O)(CCC1),3.88
O=C1(N(C(NOC(=O)C)=CC(N1C)=O)C),7.01
N2(=C1(NN=CC1=CN=C2)),9.54
O=C(O)CCC1(=COC=C1),4.44
O=C(OO)C,8.19
S(=O)(O)CCCC,2.2
O=C1(NC(=O)C(N1)(C2(=CC=CC=C2))CC),8.5
O=C(O)C3(=CC1(=C(N(C)C(=C1C)CN2(C=[NH+]C=C2))C=C3)),4.08
O5(C1(=C(C=C2(CC[N+]3(C(C2(=C1))CC=4(C=CC(=C(C=4(C3))OC)O))(C)))OC5)),8.45
S(=O)(=O)(N)C1(=CC=C(C(=O)O)C=C1),3.53
S(=O)(=O)([O-])C1(=C(O)C=CC2(=C1C=NN2)),10.55
O=C([O-])C[NH2+]CCC1(=NN=NN1),3.8
OC(O)C1(=CC=CC=C1),12.43
ClC2(=CC1(=C(CC(=O)CC1)C=C2)),12.51
O=C(NCO)C1(=CC=CC=C1),13.05
OC1(=CC(=CC=C1)B(O)[O-]),10.84
P(=O)(O)C1(=CC=CC=C1),1.63
O=C([O-])C=CC1(=CC(=C(O)C(=C1)C(C)(C)C)C(C)(C)C),11.1
O=C(O)C(OC1(=C(C=CC=C1)C))CC,3.43
O=C1(C(=NO)CCC1=NO),7.95
O=C(O)COC1(=CC=CC=C1),3.15
S(C1(=NC=2(N=CN=CC=2(N1))))C,7.67
S(=O)(=O)(NC1(=CN=CC=C1))C2(=CC=C(N)C=C2),7.89
SC1(=C([N+](=O)[O-])C=C([N+](=O)[O-])C=C1),3.4
[P+](C2(C1(=C(C=CC=C1)C3(=C2C=CC=C3))))(CCCC)(CCCC)CCCC,10.53
O=C(O)C#CC[NH+]1(CCOCC1),1.79
O(CCOCCC1(=NN=N[N-]1))CCC2(=NN=NN2),5.37
ON1(N=NC2(=C1C=CC=C2)),4.6
S1(C(C(C(=O)O)N2(C1C([NH+]=C2CCCC([NH3+])C(=O)[O-])C(=O)[O-]))(C)C),3.1
SCCC,10.56
[Br]C1(=CC=C(NC(C#N)=C(C#N)C#N)C=C1),4.45
O=C1(C(=C(C)C(C1)=C(C(=O)O)C)C),3.1
O=C2(N(C=1(N=CNC=1CN2))C),11.1
O=C(NC1(=CC=C(C[NH+](C)C)C=C1))C=NO,8.43
FC(F)(F)C(=O)CC(=O)C1(=NC(C)(C)N(C1(C)C)O),4.66
OC1(=NC(=[NH+]C(=C1)C)N2(N=C(C)C=C2O)),5.23
[N+]12(=C(C=CC=C1)C[N+]=3(C=CC=CC=3(C2))),8.12
OC2(=CC=1(C(=CC=CC=1)C=C2)),9.6
O=[N+]([O-])C1(=CC(=C(C(=O)O)C=C1)C),2.91
O=C(O)C1(=C([NH+]=NC(=C1)C2(=CC=CC=C2))NCC[NH+]3(CCOCC3)),1.1
O=CC1(=C(O)C(=CC(=C1)C)C=O),6.2
O=C1(C=CC(=NO)C=C1),6.36
O=C(N(C3(=CC=C(N=NC2(=CC=1(OCCOCCOCCOCCOCCOC=1C=C2)))C=C3))CCCC)C4(=CC=C(O)C=C4),9.12
O=C2(N(C1(=C(C=CC=C1)C=C2))C),-0.71
OCCO,14.04
O=C1(C(O)=C(C(=O)C2(=C1C=CC=C2))C=CC),4.78
OC3(=CC=2(N(C1(=C(C=CC=C1)NC=2C=C3))C)),10.1
[Se](C1(=CC=C([N+](=O)[O-])C=C1))CC(=O)O,3.46
O=C(C(C)(C)C)CC(=O)C(C)(C)C,11.77
FC(F)(F)C1(=CC(=CC=C1)C([N+](=O)[O-])C),6.96
OC1(=CC=C(CC(C)(C)C)C=C1),10.71
O=[N+]([O-])C1(=CC(=C(O)C=C1)C[NH+](C)C),5.75
S(=O)(=O)(N(C)C)C2(=CC=C(NS(=O)(=O)C1(=CC=C(N)C=C1))C=C2),6.23
O=[N+]([O-])N(C1(=NN=NN1))C,2.88
O=[N+]([O-])C1(=CC=C(O)C=C1),7.13
O=C(O)C=1(C=CC=CC=CC=1),4.4
O(C1(=CC=C(O)C=C1))CCCCC,10.23
S(=O)(=O)(O)C1(=CC(=CC=C1)C),-6.56
OC2(=CC=C(N=NC=1(C(=NNC=1N)N))C=C2),7.81
S=C(N(CC)CC)NC(=O)C1(=CC=CC=C1),8.45
[Si](C#CC(=O)O)(C)(C)C,2.21
O=C(O)C2(N(C(=O)C1([NH2+]CCC1))CCC2),3.16
OC(=CC(=C)C)C,10.42
OC1(=C(O)C=CC(=C1)CCN),10.63
[Br]C1(=C(O)C(=CC(=C1)[Br])C),7.6
OC1(=C[NH+]=CC=C1),5.01
ON=CC1(=CC=CC=C1),11.04
OC=1(NN=C(C=1CCCCCC)C2(=CC=CC=C2)),8.6
O=C(O)C1(=C(C(=O)N)C=CC=C1),3.75
S(=O)(=O)([O-])C2(=C1(NN=CC1=C(O)C=C2)),7.6
O=[N+]([O-])C=1(NC=CC=1),10.6
O=C(O)CC=1(C=2(C(C=CC=1)=CC=CC=2)),4.24
O=C1(C(C(=O)C)CCC1),7.82
S(CC(=O)O)CCCC,3.81
O=C2(C1(=C(C=CC=C1)C(C2CC)=O)),6.5
ClC1(=CC=C(C=NO)C=C1),10.54
S(=O)(=O)(NC(=O)OC(C)(C)C)C1(=CC=C(C)C=C1),5.05
O=C(O)C1(N(C(=O)C)CCC1),3.21
O=C(O)CC1(=NN=NN1CC),2.85
O=C(O)CN1(C=CC=C1),3.3
[Br]C1(=C([N+](=O)[O-])C=C(C(=O)O)C=C1),3.24
O=C(C1(=CC=C(O)C=C1))C[NH2+]C(C)(C)C,7.9
N1(=C(NC2(=C1C=CC=C2))C3(=CC=CC=C3)),11.91
OC1(=CC=C(CC[NH2+]C(C)C)C=C1),9.59
O=C(O)C=CC(=O)C1(=CC=C(C(C)C)C=C1),3.4
O=C(O)C(C#N)CC1(=CC=CC=C1),2.24
OC1(=C(C(N=[N+]=[N-])=NCC)C=CC=C1),9.4
[Br]C1(=CC([Br])=CC(=C1)O),8.01
O=C(O)C1(=CC=C(OCCC)C=C1),4.63
ClC1(=C(O)C(=CC(=C1)Cl)CCC),8.1
O=C(O)CCC=C,4.68
O=C(O)C(=C)C,4.66
O=C(O)C1([NH2+]CCC1),1.965
OC3(=C2(NC1(=C(C=CC=C1)N(C2=CC=C3)C))),9.26
O=C(O)CCC[NH2+]CC,3.92
OC1(=C(C=CC=C1)CC(C)(C)C),10.69
ClC1(=C(O)C(=CC(=C1)Cl)CCCC),8.1
O=C(O)CCCCC(C#N)C1(=CC=CC=C1),4.75
O=C(O)C12(OC1CC[NH2+]C2),2.63
S(=O)(=O)(C1(=CC=C(O)C=C1))C,7.83
OC1(=NC=[N+](C)C=C1),1.91
OC=2(C1(=NC=CC=C1C=CC=2CC=C)),10.07
[Br]C1(=C(C=C(O)C(C=C1)=O)C(C)C),6.53
O=C1(NC(=O)C=2(C1=C(C=CC=2)C)),10.49
S=C(N(CC)CC)NC(=O)C1(=CC=C(C)C=C1),8.77
N1(=C(N=CC=C1)N),20.5
SC#N,0.85
OC1(=C(C=C(CC)C=C1)C(C)C),10.82
O=C1(C(C(=O)C1CC)CC),3.5
O=[N+]([O-])C4(=CC(OC(=O)C2(C1(=C(C=CC=C1)C3(=C2C=CC=C3))))=CC=C4),9.84
S1(C(=O)NC(C1(CC=C)CC=C)=O),6.1
S(=O)(=O)([O-])C=2(C=1(NN=CC=1C(=NO)C(C=2)=O)),7.75
S=C(S)NCC[NH3+],2.0
S=C(NCC1(=CC=CC=C1))C,13.0
OC1(=[N+]([O-])C(=CN=C1CC(C)C)C(O)(CC)C),5.02
S(=O)(C3(=CC(OC)=C(C1(=NC=2(N=NC=CC=2(N1))))C=C3))C,8.705
ClC2(=NN(C1(=NC([N+](=O)[O-])=NN1))C=N2),1.59
O[N+]=1(C=3(C(N=C2(C=1C=CC=C2))=CC=CC=3)),1.12
S(C(O)O)CC,11.48
S(C1(=[NH+]C2(=CC3(=CC=CC=C3(C=C2(N1))))))CC(=O)O,1.9
O=C([O-])C1(=NC(=C(O)C=C1)C),9.49
O=[N+]([O-])C2(=CC=1(C(=CC=C(C=1)O)C=C2)),8.81
O=C(O)C(NCCC#N)CC(=O)N,6.46
O=C([O-])C(=NO)C,11.43
ClC1(=CC=C(S(=O)(=O)N)C=C1),9.5
SC1(=C(C(=O)OC)C=CC=C1),6.3
S(=O)(=O)(NC1(=NC=CC=N1))C2(=CC=C(O)C=C2),7.685
